0000000606,scans,0000000118,DataLength
"header",0000000026,"lines"
"Date",6/8/2016,"Time",10:25:08 PM
"ID","HAL RC RGA 301 #14852","Version",3
"Scans",7
"Scan ID","Mode","Input","Scanned","Start","Stop","Increment","Dwell","Settle","RS","RelSEM"
"Scan 1","RGA","Temperature","none",0.40,0.40,0.01,10.000,10.000,1.000000,1.000000,
"Scan 2","RGA","SEM","mass",2.00,2.00,0.01,11.000,10.000,0.440000,1.000000,
"Scan 3","RGA","SEM","mass",18.00,18.00,0.01,11.000,10.000,0.900000,1.000000,
"Scan 4","RGA","SEM","mass",28.00,28.00,0.01,11.000,10.000,1.050000,1.000000,
"Scan 5","RGA","SEM","mass",43.00,43.00,0.01,11.000,10.000,1.000000,1.000000,
"Scan 6","RGA","SEM","mass",44.00,44.00,0.01,11.000,10.000,1.400000,1.000000,
"Scan 7","RGA","SEM","mass",60.00,60.00,0.01,11.000,10.000,0.577000,1.000000,
"Environment",
"Global","RGA"
"F1",1,"( 1 = on, 0 = off )"
"F2",0,"( 1 = on, 0 = off )"
"cage",3.3,"V"
"delta-m",0,"%"
"electron-energy",70.0,"V"
"emission",1000.000,"uA"
"focus",-90,"V"
"mass",5.50,"amu"
"mode-change-delay",1000,"ms"
"multiplier",1100,"V"
"resolution",0,"%"
"Data",7
"Time","ms","Temperature","Hydrogen","Water","Carbon monoxide","Acetic acid","Carbon dioxide","Acetic acid",
00:00:01,      1241,   140.4765,  0.00000e+00,  0.00000e+00,  9.31667e-11,  0.00000e+00,  0.00000e+00, -1.69541e-10,
00:00:01,      1698,   140.4765,  2.44318e-09,  7.59667e-10,  3.90890e-09,  9.78250e-11,  1.88509e-09,  1.69541e-10,
00:00:02,      2155,   140.3443,  5.55334e-09,  7.59667e-10,  3.90890e-09,  9.78250e-11,  1.74534e-09,  1.69541e-10,
00:00:02,      2612,   140.2121,  5.33102e-09,  6.52167e-10,  3.90890e-09,  0.00000e+00,  1.60559e-09,  1.69541e-10,
00:00:03,      3069,   140.4765,  5.77568e-09,  7.59667e-10,  4.00207e-09,  9.78250e-11,  1.53571e-09,  1.69541e-10,
00:00:03,      3526,   140.4765,  5.77568e-09,  7.60861e-10,  4.09524e-09,  9.78250e-11,  1.53571e-09,  0.00000e+00,
00:00:03,      3983,   140.6087,  5.77568e-09,  7.59667e-10,  4.18840e-09,  0.00000e+00,  1.32609e-09,  1.69541e-10,
00:00:04,      4440,   140.6087,  5.10868e-09,  6.52167e-10,  3.72359e-09,  1.95650e-10,  1.25621e-09,  0.00000e+00,
00:00:04,      4897,   140.2121,  5.77568e-09,  1.08575e-09,  3.72257e-09,  0.00000e+00,  1.18711e-09,  1.69541e-10,
00:00:05,      5354,   140.2121,  5.99800e-09,  7.60861e-10,  3.90890e-09,  0.00000e+00,  1.18634e-09,  1.69541e-10,
00:00:05,      5811,   140.2121,  6.22034e-09,  7.59667e-10,  4.18840e-09,  0.00000e+00,  1.32609e-09,  0.00000e+00,
00:00:06,      6268,   140.2121,  5.77568e-09,  6.50972e-10,  3.81573e-09,  0.00000e+00,  1.18711e-09,  0.00000e+00,
00:00:06,      6725,   140.4765,  5.99800e-09,  8.68361e-10,  3.90890e-09,  9.78250e-11,  1.18711e-09,  0.00000e+00,
00:00:07,      7182,   140.4765,  6.21789e-09,  7.59667e-10,  3.81573e-09,  9.78250e-11,  1.18711e-09,  0.00000e+00,
00:00:07,      7639,   140.2121,  6.44266e-09,  9.77056e-10,  3.90890e-09,  9.78250e-11,  1.11723e-09,  1.69541e-10,
00:00:08,      8096,   140.2121,  6.44023e-09,  7.59667e-10,  3.90890e-09,  0.00000e+00,  1.11723e-09,  0.00000e+00,
00:00:08,      8553,   140.3443,  5.77568e-09,  7.60861e-10,  4.00207e-09,  9.78250e-11,  1.04736e-09,  0.00000e+00,
00:00:09,      9010,   140.2121,  6.22034e-09,  8.68361e-10,  3.90890e-09,  9.78250e-11,  1.18711e-09,  0.00000e+00,
00:00:09,      9468,   140.2121,  5.55334e-09,  8.68361e-10,  3.63043e-09,  0.00000e+00,  1.11723e-09,  0.00000e+00,
00:00:09,      9925,   140.2121,  6.22034e-09,  7.59667e-10,  4.00207e-09,  9.78250e-11,  1.11723e-09, -1.69541e-10,
00:00:10,     10383,   140.3443,  6.66255e-09,  8.68361e-10,  4.00207e-09,  9.78250e-11,  1.11723e-09, -1.69541e-10,
00:00:10,     10840,   140.0798,  6.22034e-09,  7.59667e-10,  3.81573e-09,  1.95650e-10,  1.11723e-09,  0.00000e+00,
00:00:11,     11298,   140.2121,  6.22034e-09,  7.60861e-10,  4.09524e-09,  1.95650e-10,  1.04736e-09,  0.00000e+00,
00:00:11,     11756,   140.0798,  5.77568e-09,  8.68361e-10,  4.00207e-09,  1.95650e-10,  1.32609e-09,  0.00000e+00,
00:00:12,     12213,   140.3443,  6.22034e-09,  1.08575e-09,  3.90890e-09,  1.95650e-10,  1.25621e-09,  0.00000e+00,
00:00:12,     12671,   140.2121,  5.77568e-09,  6.52167e-10,  3.90890e-09,  0.00000e+00,  1.25621e-09,  0.00000e+00,
00:00:13,     13128,   140.4765,  5.99800e-09,  7.59667e-10,  4.18840e-09,  0.00000e+00,  1.04736e-09,  1.69541e-10,
00:00:13,     13585,   140.0798,  6.44023e-09,  7.59667e-10,  4.28157e-09,  9.78250e-11,  1.11723e-09,  0.00000e+00,
00:00:14,     14042,   140.3443,  6.44266e-09,  9.77056e-10,  4.00207e-09,  9.78250e-11,  1.25698e-09,  0.00000e+00,
00:00:14,     14499,   140.2121,  5.99800e-09,  7.59667e-10,  4.18840e-09,  9.78250e-11,  1.11723e-09, -1.69541e-10,
00:00:14,     14956,   140.2121,  6.66255e-09,  8.68361e-10,  4.00207e-09,  0.00000e+00,  1.11723e-09,  3.39081e-10,
00:00:15,     15413,   140.2121,  5.99800e-09,  7.59667e-10,  3.90890e-09,  9.78250e-11,  1.04736e-09,  1.69541e-10,
00:00:15,     15870,   140.2121,  6.88489e-09,  8.68361e-10,  4.00207e-09,  9.78250e-11,  1.11723e-09,  0.00000e+00,
00:00:16,     16327,   140.0798,  5.77568e-09,  7.59667e-10,  4.00207e-09,  9.78250e-11,  1.04736e-09,  0.00000e+00,
00:00:16,     16784,   140.0798,  6.88489e-09,  9.77056e-10,  4.00207e-09,  0.00000e+00,  1.25621e-09,  1.69541e-10,
00:00:17,     17241,   140.4765,  6.88489e-09,  7.59667e-10,  4.09524e-09,  9.78250e-11,  1.18711e-09,  0.00000e+00,
00:00:17,     17698,   140.3443,  6.21789e-09,  6.50972e-10,  3.81573e-09,  9.78250e-11,  1.11723e-09,  0.00000e+00,
00:00:18,     18155,   140.2121,  6.66500e-09,  8.68361e-10,  4.09524e-09,  9.78250e-11,  1.18711e-09,  0.00000e+00,
00:00:18,     18612,   140.0798,  6.66255e-09,  7.60861e-10,  4.00207e-09,  1.95650e-10,  1.04736e-09,  0.00000e+00,
00:00:19,     19069,   140.2121,  6.88489e-09,  8.68361e-10,  4.09524e-09,  9.78250e-11,  1.18711e-09,  1.69541e-10,
00:00:19,     19526,   140.2121,  5.99800e-09,  8.68361e-10,  4.18840e-09,  9.78250e-11,  1.04736e-09,  0.00000e+00,
00:00:19,     19983,   140.2121,  6.66255e-09,  8.68361e-10,  3.81573e-09,  9.78250e-11,  1.18634e-09,  1.69541e-10,
00:00:20,     20440,   140.2121,  5.99800e-09,  7.59667e-10,  4.09524e-09,  9.78250e-11,  1.04736e-09,  0.00000e+00,
00:00:20,     20897,   140.4765,  6.66255e-09,  9.77056e-10,  4.00207e-09,  0.00000e+00,  1.18711e-09,  1.69541e-10,
00:00:21,     21354,   140.2121,  6.66255e-09,  8.68361e-10,  4.18840e-09,  1.95650e-10,  1.18711e-09,  0.00000e+00,
00:00:21,     21811,   140.4765,  5.77568e-09,  8.68361e-10,  4.28157e-09,  9.78250e-11,  1.18711e-09, -1.69541e-10,
00:00:22,     22268,   140.0798,  5.99800e-09,  8.68361e-10,  4.28157e-09,  9.78250e-11,  1.11723e-09,  0.00000e+00,
00:00:22,     22725,   140.3443,  5.99800e-09,  8.68361e-10,  4.18840e-09,  1.95650e-10,  1.04736e-09,  0.00000e+00,
00:00:23,     23182,   140.2121,  7.32955e-09,  9.77056e-10,  4.37473e-09,  0.00000e+00,  1.11723e-09,  1.69541e-10,
00:00:23,     23639,   140.3443,  6.88489e-09,  9.77056e-10,  4.00207e-09,  9.78250e-11,  1.18711e-09, -1.69541e-10,
00:00:24,     24096,   140.4765,  6.66255e-09,  8.68361e-10,  4.00207e-09,  1.95650e-10,  1.25621e-09, -1.69541e-10,
00:00:24,     24553,   140.3443,  5.99800e-09,  9.77056e-10,  3.90890e-09,  0.00000e+00,  1.11723e-09, -1.69541e-10,
00:00:25,     25010,   140.3443,  6.44266e-09,  8.68361e-10,  4.09524e-09,  9.78250e-11,  1.11723e-09,  0.00000e+00,
00:00:25,     25467,   140.0798,  6.66255e-09,  9.77056e-10,  3.90890e-09,  0.00000e+00,  1.04736e-09,  0.00000e+00,
00:00:25,     25924,   140.2121,  6.22034e-09,  7.59667e-10,  4.09524e-09,  1.95650e-10,  1.04736e-09,  1.69541e-10,
00:00:26,     26381,   140.4765,  6.22034e-09,  9.77056e-10,  4.37473e-09,  9.78250e-11,  1.18711e-09,  1.69541e-10,
00:00:26,     26838,   140.6087,  7.32955e-09,  7.60861e-10,  4.18840e-09,  0.00000e+00,  1.11723e-09, -1.69541e-10,
00:00:27,     27295,   140.2121,  5.99800e-09,  8.68361e-10,  4.37473e-09,  0.00000e+00,  1.32609e-09,  0.00000e+00,
00:00:27,     27752,   140.0798,  6.44266e-09,  9.77056e-10,  4.18840e-09,  9.78250e-11,  1.11723e-09,  1.69541e-10,
00:00:28,     28209,   140.0798,  6.88489e-09,  1.08575e-09,  4.00207e-09,  1.95650e-10,  1.32609e-09,  0.00000e+00,
00:00:28,     28666,   140.2121,  7.77420e-09,  9.77056e-10,  4.00207e-09,  0.00000e+00,  1.25698e-09,  0.00000e+00,
00:00:29,     29123,   140.3443,  5.55334e-09,  8.68361e-10,  4.00207e-09,  9.78250e-11,  1.04736e-09,  1.69541e-10,
00:00:29,     29580,   140.3443,  6.66255e-09,  7.59667e-10,  4.00207e-09,  1.95650e-10,  1.32609e-09, -1.69541e-10,
00:00:30,     30037,   140.2121,  6.22034e-09,  8.68361e-10,  4.09524e-09,  1.95650e-10,  1.25698e-09,  1.69541e-10,
00:00:30,     30494,   140.2121,  6.22034e-09,  8.68361e-10,  4.37473e-09,  1.95650e-10,  1.11723e-09, -1.69541e-10,
00:00:30,     30951,   140.0798,  6.21789e-09,  1.19444e-09,  4.00207e-09, -9.78250e-11,  1.11723e-09,  1.69541e-10,
00:00:31,     31408,   140.0798,  6.22034e-09,  9.77056e-10,  4.00207e-09,  9.78250e-11,  1.11723e-09,  1.69541e-10,
00:00:31,     31865,   140.3443,  6.22034e-09,  8.68361e-10,  4.00207e-09,  0.00000e+00,  1.04736e-09,  0.00000e+00,
00:00:32,     32323,   140.0798,  6.22034e-09,  9.77056e-10,  4.09524e-09,  9.78250e-11,  1.18711e-09,  0.00000e+00,
00:00:32,     32780,   140.6087,  6.66255e-09,  9.77056e-10,  4.09524e-09,  0.00000e+00,  1.11723e-09,  1.69541e-10,
00:00:33,     33237,   140.3443,  6.44023e-09,  8.68361e-10,  4.00207e-09,  9.78250e-11,  1.18711e-09,  1.69541e-10,
00:00:33,     33694,   140.6087,  6.44023e-09,  8.68361e-10,  4.09524e-09,  9.78250e-11,  1.04736e-09,  0.00000e+00,
00:00:34,     34151,   140.2121,  6.44023e-09,  1.08575e-09,  4.09524e-09,  1.95650e-10,  1.11723e-09,  1.69541e-10,
00:00:34,     34608,   140.2121,  7.10720e-09,  8.68361e-10,  4.37473e-09,  9.78250e-11,  1.11723e-09,  0.00000e+00,
00:00:35,     35065,   140.3443,  6.88489e-09,  1.08575e-09,  4.37473e-09,  0.00000e+00,  1.25698e-09,  0.00000e+00,
00:00:35,     35522,   140.3443,  5.99800e-09,  1.08575e-09,  4.28157e-09,  9.78250e-11,  1.11723e-09,  1.69541e-10,
00:00:35,     35979,   140.2121,  5.99800e-09,  9.77056e-10,  4.28157e-09,  9.78250e-11,  1.18711e-09,  1.69541e-10,
00:00:36,     36436,   140.3443,  6.88489e-09,  8.68361e-10,  4.00207e-09, -9.78250e-11,  1.18711e-09,  1.69541e-10,
00:00:36,     36893,   139.9476,  7.32955e-09,  1.08575e-09,  4.09524e-09,  9.78250e-11,  1.25698e-09,  1.69541e-10,
00:00:37,     37350,   140.3443,  7.10720e-09,  8.68361e-10,  4.28157e-09,  9.78250e-11,  1.25621e-09,  0.00000e+00,
00:00:37,     37807,   140.3443,  6.22034e-09,  9.77056e-10,  4.09524e-09,  9.78250e-11,  1.18711e-09,  1.69541e-10,
00:00:38,     38264,   140.0798,  6.44266e-09,  9.77056e-10,  4.18840e-09,  0.00000e+00,  1.11723e-09,  1.69541e-10,
00:00:38,     38721,   140.2121,  6.44023e-09,  7.59667e-10,  4.00207e-09,  1.95650e-10,  1.04736e-09, -1.69541e-10,
00:00:39,     39178,   140.2121,  6.66255e-09,  7.59667e-10,  4.00207e-09,  9.78250e-11,  1.11723e-09, -1.69541e-10,
00:00:39,     39635,   140.3443,  6.44023e-09,  9.77056e-10,  4.18840e-09,  9.78250e-11,  1.04736e-09,  0.00000e+00,
00:00:40,     40092,   140.3443,  6.21789e-09,  1.08575e-09,  4.18840e-09,  9.78250e-11,  1.18711e-09,  0.00000e+00,
00:00:40,     40549,   140.4765,  7.32955e-09,  9.77056e-10,  4.00207e-09,  0.00000e+00,  1.25698e-09,  0.00000e+00,
00:00:41,     41006,   140.4765,  6.66255e-09,  9.77056e-10,  4.09524e-09,  9.78250e-11,  1.11723e-09,  0.00000e+00,
00:00:41,     41463,   140.3443,  6.22034e-09,  9.77056e-10,  4.09524e-09,  9.78250e-11,  1.04736e-09,  1.69541e-10,
00:00:41,     41920,   140.0798,  6.88489e-09,  1.08575e-09,  4.09524e-09,  1.95650e-10,  1.11723e-09,  0.00000e+00,
00:00:42,     42377,   140.3443,  6.44266e-09,  1.08575e-09,  4.00207e-09,  9.78250e-11,  1.25698e-09,  1.69541e-10,
00:00:42,     42834,   140.3443,  6.44023e-09,  9.77056e-10,  3.81573e-09,  9.78250e-11,  1.04736e-09,  0.00000e+00,
00:00:43,     43291,   140.0798,  6.88489e-09,  9.77056e-10,  4.00207e-09,  0.00000e+00,  1.11723e-09, -1.69541e-10,
00:00:43,     43748,   140.0798,  6.44023e-09,  1.08575e-09,  4.18840e-09, -9.78250e-11,  1.32686e-09,  1.69541e-10,
00:00:44,     44206,   140.0798,  6.88489e-09,  8.68361e-10,  4.09524e-09,  9.78250e-11,  1.04736e-09,  1.69541e-10,
00:00:44,     44663,   140.2121,  6.22034e-09,  8.68361e-10,  4.28157e-09,  0.00000e+00,  1.04736e-09,  1.69541e-10,
00:00:45,     45120,   140.2121,  6.22034e-09,  9.77056e-10,  4.28157e-09,  0.00000e+00,  1.25621e-09,  0.00000e+00,
00:00:45,     45577,   140.3443,  6.66255e-09,  1.08575e-09,  4.00207e-09,  9.78250e-11,  1.11723e-09, -1.69541e-10,
00:00:46,     46034,   140.0798,  6.22034e-09,  1.08575e-09,  3.90890e-09,  1.95650e-10,  1.11723e-09,  1.69541e-10,
00:00:46,     46491,   140.0798,  7.10720e-09,  7.59667e-10,  4.09524e-09,  9.78250e-11,  1.11723e-09,  0.00000e+00,
00:00:46,     46948,   140.2121,  6.44023e-09,  9.77056e-10,  4.18840e-09,  9.78250e-11,  1.25621e-09, -1.69541e-10,
00:00:47,     47405,   140.0798,  6.66255e-09,  9.77056e-10,  3.90890e-09,  9.78250e-11,  1.25698e-09,  0.00000e+00,
00:00:47,     47862,   140.2121,  5.77568e-09,  1.08575e-09,  4.09524e-09,  9.78250e-11,  9.77479e-10,  1.69541e-10,
00:00:48,     48319,   140.2121,  6.66255e-09,  1.08575e-09,  4.18840e-09,  9.78250e-11,  1.32609e-09,  1.69541e-10,
00:00:48,     48776,   140.3443,  6.66255e-09,  1.19444e-09,  4.09524e-09,  9.78250e-11,  1.04736e-09,  0.00000e+00,
00:00:49,     49233,   140.2121,  6.88489e-09,  8.68361e-10,  3.81573e-09,  9.78250e-11,  1.18711e-09,  0.00000e+00,
00:00:49,     49691,   140.2121,  6.22034e-09,  1.08575e-09,  4.18840e-09,  9.78250e-11,  1.25621e-09, -1.69541e-10,
00:00:50,     50148,   140.3443,  6.22034e-09,  1.08575e-09,  4.18840e-09,  9.78250e-11,  1.11723e-09,  1.69541e-10,
00:00:50,     50605,   140.3443,  7.10720e-09,  1.08575e-09,  3.90890e-09,  1.95650e-10,  1.25621e-09,  1.69541e-10,
00:00:51,     51062,   140.3443,  6.66255e-09,  8.68361e-10,  4.09524e-09,  9.78250e-11,  1.18711e-09,  0.00000e+00,
00:00:51,     51519,   140.2121,  6.66255e-09,  1.08575e-09,  4.09524e-09,  1.95650e-10,  1.25621e-09,  0.00000e+00,
00:00:51,     51976,   139.9476,  6.88489e-09,  1.19444e-09,  3.90890e-09,  9.78250e-11,  1.11723e-09,  1.69541e-10,
00:00:52,     52433,   140.2121,  5.99800e-09,  1.08575e-09,  4.28157e-09,  1.95650e-10,  1.11723e-09,  1.69541e-10,
00:00:52,     52890,   140.3443,  6.66255e-09,  8.68361e-10,  4.18840e-09,  0.00000e+00,  1.18711e-09,  1.69541e-10,
00:00:53,     53347,   140.2121,  6.44023e-09,  1.08575e-09,  3.90890e-09,  9.78250e-11,  1.25621e-09,  0.00000e+00,
00:00:53,     53804,   140.0798,  6.44023e-09,  1.08575e-09,  4.09524e-09,  0.00000e+00,  1.25621e-09,  3.39081e-10,
00:00:54,     54261,   140.2121,  6.44023e-09,  1.08575e-09,  4.18840e-09,  1.95650e-10,  1.04736e-09,  1.69541e-10,
00:00:54,     54718,   140.0798,  6.44023e-09,  1.19444e-09,  4.46790e-09,  2.93475e-10,  1.18634e-09, -1.69541e-10,
00:00:55,     55176,   140.3443,  5.77568e-09,  1.08575e-09,  4.18840e-09,  2.93475e-10,  1.18711e-09, -1.69541e-10,
00:00:55,     55633,   140.2121,  5.77568e-09,  1.08575e-09,  4.18840e-09,  9.78250e-11,  1.18634e-09,  0.00000e+00,
00:00:56,     56090,   139.9476,  6.88489e-09,  8.68361e-10,  4.09524e-09,  1.95650e-10,  1.11723e-09,  1.69541e-10,
00:00:56,     56548,   140.2121,  6.22034e-09,  9.77056e-10,  4.28157e-09,  9.78250e-11,  1.11723e-09,  0.00000e+00,
00:00:57,     57005,   140.3443,  7.10720e-09,  1.08575e-09,  4.18840e-09,  1.95650e-10,  1.25698e-09,  1.69541e-10,
00:00:57,     57462,   140.2121,  6.44266e-09,  9.77056e-10,  4.09524e-09,  1.95650e-10,  1.18711e-09,  1.69541e-10,
00:00:57,     57919,   140.2121,  6.22034e-09,  1.08575e-09,  4.09524e-09,  0.00000e+00,  1.11723e-09, -1.69541e-10,
00:00:58,     58376,   140.2121,  6.22034e-09,  1.08575e-09,  4.28157e-09,  9.78250e-11,  1.25698e-09,  0.00000e+00,
00:00:58,     58833,   140.7410,  6.44266e-09,  9.77056e-10,  4.56107e-09,  1.95650e-10,  1.53571e-09,  1.69541e-10,
00:00:59,     59290,   140.4765,  5.99800e-09,  1.08575e-09,  4.65424e-09,  9.78250e-11,  1.39596e-09,  0.00000e+00,
00:00:59,     59748,   140.7410,  5.99800e-09,  1.08575e-09,  4.83954e-09,  9.78250e-11,  1.25698e-09,  1.69541e-10,
00:01:00,     60205,   141.4021,  5.77568e-09,  1.30313e-09,  5.86335e-09,  9.78250e-11,  1.25621e-09, -1.69541e-10,
00:01:00,     60663,   141.9310,  6.44266e-09,  1.52052e-09,  5.49171e-09,  9.78250e-11,  1.32609e-09,  1.69541e-10,
00:01:01,     61120,   142.9888,  5.99800e-09,  1.84661e-09,  5.30538e-09,  1.95650e-10,  1.39596e-09,  1.69541e-10,
00:01:01,     61578,   145.1044,  7.10720e-09,  2.71497e-09,  5.58488e-09,  9.78250e-11,  1.60559e-09,  1.69541e-10,
00:01:02,     62036,   147.2200,  7.10720e-09,  3.14856e-09,  5.58488e-09,  1.95650e-10,  1.81521e-09,  1.69541e-10,
00:01:02,     62493,   149.9968,  6.44023e-09,  3.47463e-09,  5.21221e-09,  9.78250e-11,  1.95496e-09,  1.69541e-10,
00:01:02,     62950,   153.1702,  6.21789e-09,  2.60628e-09,  4.93271e-09,  9.78250e-11,  1.81521e-09,  0.00000e+00,
00:01:03,     63407,   157.0048,  6.44023e-09,  2.17150e-09,  5.11905e-09,  9.78250e-11,  1.74534e-09,  1.69541e-10,
00:01:03,     63864,   160.5749,  6.44023e-09,  1.73791e-09,  4.56107e-09,  0.00000e+00,  1.53571e-09,  0.00000e+00,
00:01:04,     64321,   164.6739,  6.66255e-09,  1.52052e-09,  4.37473e-09,  9.78250e-11,  1.39596e-09,  1.69541e-10,
00:01:04,     64778,   168.2440,  6.44023e-09,  1.30313e-09,  4.28157e-09,  1.95650e-10,  1.46584e-09,  1.69541e-10,
00:01:05,     65235,   172.0786,  6.66255e-09,  1.19444e-09,  4.37473e-09,  9.78250e-11,  1.60559e-09,  0.00000e+00,
00:01:05,     65692,   175.1197,  6.44023e-09,  1.41183e-09,  4.28157e-09,  1.95650e-10,  1.32609e-09,  0.00000e+00,
00:01:06,     66149,   178.1609,  6.66255e-09,  9.77056e-10,  4.56107e-09,  1.95650e-10,  1.39596e-09,  0.00000e+00,
00:01:06,     66606,   180.8055,  5.77568e-09,  1.19444e-09,  4.18840e-09,  9.78250e-11,  1.39596e-09,  1.69541e-10,
00:01:07,     67063,   182.7889,  6.22034e-09,  1.30313e-09,  4.28157e-09,  1.95650e-10,  1.32609e-09,  1.69541e-10,
00:01:07,     67521,   184.5078,  6.44023e-09,  1.19444e-09,  3.90890e-09,  0.00000e+00,  1.18711e-09,  0.00000e+00,
00:01:07,     67978,   186.2267,  6.44266e-09,  1.30313e-09,  4.46790e-09,  0.00000e+00,  1.39596e-09,  0.00000e+00,
00:01:08,     68435,   187.8135,  6.22034e-09,  1.30313e-09,  4.28157e-09,  9.78250e-11,  1.25621e-09,  0.00000e+00,
00:01:08,     68893,   189.1357,  6.44266e-09,  1.30313e-09,  4.28157e-09,  2.93475e-10,  1.25621e-09,  1.69541e-10,
00:01:09,     69350,   190.4580,  5.77568e-09,  1.19444e-09,  4.09524e-09,  1.95650e-10,  1.25621e-09,  3.39081e-10,
00:01:09,     69808,   191.6480,  6.44266e-09,  1.19444e-09,  3.90890e-09,  9.78250e-11,  1.39596e-09,  0.00000e+00,
00:01:10,     70265,   192.9703,  5.99800e-09,  1.19444e-09,  4.18840e-09,  9.78250e-11,  1.25621e-09,  1.69541e-10,
00:01:10,     70722,   194.2925,  6.66255e-09,  1.41183e-09,  4.18840e-09,  0.00000e+00,  1.18711e-09,  1.69541e-10,
00:01:11,     71179,   195.2181,  5.99800e-09,  1.52052e-09,  4.09524e-09,  1.95650e-10,  1.25621e-09,  0.00000e+00,
00:01:11,     71636,   196.6726,  6.66255e-09,  1.19444e-09,  4.09524e-09,  9.78250e-11,  1.25698e-09,  1.69541e-10,
00:01:12,     72093,   197.8627,  6.22034e-09,  1.52052e-09,  4.46790e-09,  9.78250e-11,  1.32609e-09,  0.00000e+00,
00:01:12,     72551,   199.5816,  6.88489e-09,  1.30313e-09,  4.46790e-09,  9.78250e-11,  1.18711e-09,  1.69541e-10,
00:01:13,     73008,   200.9039,  6.66255e-09,  1.30313e-09,  3.90890e-09,  9.78250e-11,  1.39596e-09,  1.69541e-10,
00:01:13,     73465,   202.2261,  6.88489e-09,  1.41183e-09,  4.28157e-09,  1.95650e-10,  1.32609e-09, -1.69541e-10,
00:01:13,     73922,   204.2095,  6.21789e-09,  1.41183e-09,  4.09524e-09,  9.78250e-11,  1.39596e-09,  0.00000e+00,
00:01:14,     74379,   206.3251,  6.88489e-09,  1.73791e-09,  4.46790e-09,  9.78250e-11,  1.18711e-09,  0.00000e+00,
00:01:14,     74836,   208.3085,  6.22034e-09,  1.52052e-09,  4.28157e-09,  1.95650e-10,  1.39596e-09,  1.69541e-10,
00:01:15,     75293,   210.2919,  6.66255e-09,  1.52052e-09,  4.18840e-09,  9.78250e-11,  1.18634e-09,  0.00000e+00,
00:01:15,     75750,   212.2753,  5.99800e-09,  1.30313e-09,  4.18840e-09,  0.00000e+00,  1.32609e-09,  1.69541e-10,
00:01:16,     76208,   214.5231,  6.44023e-09,  1.52052e-09,  4.65424e-09,  9.78250e-11,  1.32609e-09, -1.69541e-10,
00:01:16,     76666,   216.6388,  6.88489e-09,  1.52052e-09,  4.28157e-09,  1.95650e-10,  1.32609e-09,  0.00000e+00,
00:01:17,     77123,   219.0188,  6.22034e-09,  1.73791e-09,  4.28157e-09,  9.78250e-11,  1.32609e-09,  1.69541e-10,
00:01:17,     77580,   221.2667,  6.66255e-09,  1.62922e-09,  4.28157e-09,  9.78250e-11,  1.32609e-09,  1.69541e-10,
00:01:18,     78037,   223.2501,  6.44023e-09,  1.41183e-09,  4.46790e-09,  0.00000e+00,  1.32609e-09,  1.69541e-10,
00:01:18,     78494,   225.4979,  6.44023e-09,  1.41183e-09,  4.28157e-09,  1.95650e-10,  1.32609e-09,  1.69541e-10,
00:01:18,     78951,   227.4813,  6.44266e-09,  1.41183e-09,  3.90890e-09,  1.95650e-10,  1.39596e-09,  1.69541e-10,
00:01:19,     79408,   229.2003,  7.55186e-09,  1.41183e-09,  4.00207e-09,  1.95650e-10,  1.25698e-09,  3.39081e-10,
00:01:19,     79865,   231.1836,  7.10720e-09,  1.52052e-09,  4.46790e-09,  1.95650e-10,  1.25621e-09, -1.69541e-10,
00:01:20,     80322,   233.1670,  6.88489e-09,  1.30313e-09,  4.18840e-09,  1.95650e-10,  1.18711e-09,  0.00000e+00,
00:01:20,     80779,   234.8860,  5.77568e-09,  1.30313e-09,  4.46790e-09,  9.78250e-11,  1.25621e-09, -1.69541e-10,
00:01:21,     81236,   236.7371,  5.99800e-09,  1.08575e-09,  4.09524e-09,  9.78250e-11,  1.11723e-09,  1.69541e-10,
00:01:21,     81693,   238.3239,  6.88489e-09,  1.30313e-09,  4.28157e-09,  1.95650e-10,  1.32609e-09, -1.69541e-10,
00:01:22,     82150,   239.7784,  5.77568e-09,  1.30313e-09,  4.09524e-09,  1.95650e-10,  1.32609e-09,  0.00000e+00,
00:01:22,     82607,   241.3651,  7.10720e-09,  1.41183e-09,  4.18840e-09,  1.95650e-10,  1.32609e-09,  1.69541e-10,
00:01:23,     83064,   243.2162,  6.66255e-09,  1.41183e-09,  4.28157e-09,  1.95650e-10,  1.32609e-09,  1.69541e-10,
00:01:23,     83521,   245.0674,  6.88489e-09,  1.41183e-09,  4.18840e-09,  9.78250e-11,  1.46584e-09,  1.69541e-10,
00:01:23,     83978,   246.7863,  7.32955e-09,  1.41183e-09,  4.46790e-09,  9.78250e-11,  1.25621e-09, -1.69541e-10,
00:01:24,     84435,   248.5053,  6.66255e-09,  1.41183e-09,  4.28157e-09,  9.78250e-11,  1.32609e-09,  3.39081e-10,
00:01:24,     84892,   250.2242,  6.88489e-09,  1.52052e-09,  4.56107e-09,  9.78250e-11,  1.46584e-09,  1.69541e-10,
00:01:25,     85349,   252.0754,  7.10720e-09,  1.62922e-09,  4.56107e-09,  1.95650e-10,  1.46584e-09,  0.00000e+00,
00:01:25,     85806,   253.9265,  6.88489e-09,  1.52052e-09,  4.46790e-09,  1.95650e-10,  1.39596e-09,  1.69541e-10,
00:01:26,     86263,   255.6455,  7.55186e-09,  1.52052e-09,  4.37473e-09,  9.78250e-11,  1.39596e-09,  0.00000e+00,
00:01:26,     86721,   257.4967,  6.66255e-09,  1.52052e-09,  4.28157e-09,  1.95650e-10,  1.25698e-09,  3.39081e-10,
00:01:27,     87178,   259.4800,  6.88489e-09,  1.52052e-09,  4.00207e-09,  9.78250e-11,  1.46584e-09,  1.69541e-10,
00:01:27,     87635,   261.3312,  7.10720e-09,  1.73791e-09,  4.28157e-09,  2.93475e-10,  1.32609e-09,  0.00000e+00,
00:01:28,     88092,   263.3146,  7.55186e-09,  1.41183e-09,  4.18840e-09,  1.95650e-10,  1.32609e-09, -1.69541e-10,
00:01:28,     88549,   265.0336,  6.66255e-09,  1.62922e-09,  4.28157e-09,  0.00000e+00,  1.46584e-09,  1.69541e-10,
00:01:29,     89006,   266.8847,  7.99652e-09,  1.62922e-09,  4.09524e-09,  1.95650e-10,  1.39596e-09,  1.69541e-10,
00:01:29,     89463,   269.0003,  7.32955e-09,  1.41183e-09,  4.09524e-09,  1.95650e-10,  1.32609e-09,  1.69541e-10,
00:01:29,     89920,   270.5871,  7.77420e-09,  1.73791e-09,  4.09524e-09,  0.00000e+00,  1.39596e-09,  1.69541e-10,
00:01:30,     90377,   272.7027,  7.10720e-09,  1.62922e-09,  4.28157e-09,  9.78250e-11,  1.25621e-09,  0.00000e+00,
00:01:30,     90834,   274.4216,  7.55186e-09,  1.52052e-09,  4.09524e-09,  1.95650e-10,  1.46584e-09,  0.00000e+00,
00:01:31,     91291,   276.2728,  7.32955e-09,  1.52052e-09,  4.09524e-09,  9.78250e-11,  1.18711e-09,  1.69541e-10,
00:01:31,     91748,   278.1239,  8.44118e-09,  1.52052e-09,  4.18840e-09,  9.78250e-11,  1.46584e-09,  0.00000e+00,
00:01:32,     92205,   279.9751,  8.21886e-09,  1.73791e-09,  4.28157e-09,  1.95650e-10,  1.32609e-09,  0.00000e+00,
00:01:32,     92662,   281.6940,  8.21886e-09,  1.73791e-09,  4.37473e-09,  1.95650e-10,  1.32609e-09,  1.69541e-10,
00:01:33,     93119,   283.5452,  7.99652e-09,  1.62922e-09,  4.56107e-09,  1.95650e-10,  1.46584e-09,  1.69541e-10,
00:01:33,     93576,   285.1319,  8.21886e-09,  1.62922e-09,  4.46790e-09,  9.78250e-11,  1.32609e-09,  0.00000e+00,
00:01:34,     94033,   286.7186,  8.44118e-09,  1.52052e-09,  4.09524e-09,  1.95650e-10,  1.46584e-09,  0.00000e+00,
00:01:34,     94491,   289.0987,  8.44118e-09,  1.62922e-09,  4.28157e-09,  1.95650e-10,  1.46584e-09, -1.69541e-10,
00:01:34,     94948,   291.2143,  9.55039e-09,  1.73791e-09,  4.18840e-09,  9.78250e-11,  1.39596e-09,  1.69541e-10,
00:01:35,     95405,   292.5366,  8.21886e-09,  1.52052e-09,  4.28157e-09,  9.78250e-11,  1.18711e-09,  1.69541e-10,
00:01:35,     95863,   294.5200,  8.44118e-09,  1.41183e-09,  4.28157e-09,  1.95650e-10,  1.32609e-09,  0.00000e+00,
00:01:36,     96321,   296.1067,  7.77420e-09,  1.62922e-09,  4.18840e-09,  2.93475e-10,  1.32609e-09,  1.69541e-10,
00:01:36,     96778,   298.0901,  9.32807e-09,  1.52052e-09,  4.09524e-09,  1.95650e-10,  1.46584e-09,  0.00000e+00,
00:01:37,     97235,   299.8090,  7.99652e-09,  1.62922e-09,  4.28157e-09,  1.95650e-10,  1.46584e-09,  1.69541e-10,
00:01:37,     97693,   301.7924,  8.88341e-09,  1.62922e-09,  4.37473e-09,  1.95650e-10,  1.46584e-09,  0.00000e+00,
00:01:38,     98150,   303.6436,  8.66352e-09,  1.52052e-09,  4.46790e-09,  1.95650e-10,  1.32609e-09,  1.69541e-10,
00:01:38,     98607,   305.3625,  7.99652e-09,  1.41183e-09,  4.18840e-09,  1.95650e-10,  1.39596e-09,  1.69541e-10,
00:01:39,     99064,   307.2137,  8.44118e-09,  1.52052e-09,  4.18840e-09,  9.78250e-11,  1.18711e-09,  0.00000e+00,
00:01:39,     99521,   309.0649,  8.21886e-09,  1.84661e-09,  4.56107e-09,  1.95650e-10,  1.25621e-09,  0.00000e+00,
00:01:39,     99978,   311.0482,  9.10573e-09,  1.30313e-09,  4.18840e-09,  1.95650e-10,  1.32609e-09,  0.00000e+00,
00:01:40,    100436,   312.5027,  9.77273e-09,  1.52052e-09,  4.37473e-09,  9.78250e-11,  1.25621e-09,  0.00000e+00,
00:01:40,    100893,   314.6184,  8.66107e-09,  1.62922e-09,  4.18840e-09,  2.93475e-10,  1.32609e-09,  1.69541e-10,
00:01:41,    101350,   316.6017,  9.10573e-09,  1.52052e-09,  4.46790e-09,  1.95650e-10,  1.32609e-09,  1.69541e-10,
00:01:41,    101808,   318.4529,  8.88341e-09,  1.52052e-09,  4.00207e-09,  1.95650e-10,  1.39596e-09,  1.69541e-10,
00:01:42,    102265,   320.0396,  8.88584e-09,  1.41183e-09,  4.37473e-09,  2.93475e-10,  1.53571e-09,  0.00000e+00,
00:01:42,    102722,   321.8908,  8.88341e-09,  1.19444e-09,  4.28157e-09,  1.95650e-10,  1.25621e-09,  1.69541e-10,
00:01:43,    103179,   323.6097,  9.32807e-09,  1.41183e-09,  4.28157e-09,  2.93475e-10,  1.32609e-09,  0.00000e+00,
00:01:43,    103636,   325.5931,  9.32807e-09,  1.30313e-09,  4.37473e-09,  9.78250e-11,  1.39596e-09,  1.69541e-10,
00:01:44,    104093,   327.3121,  9.55039e-09,  1.41183e-09,  4.09524e-09,  9.78250e-11,  1.32609e-09,  1.69541e-10,
00:01:44,    104550,   329.2955,  9.32807e-09,  1.30313e-09,  4.18840e-09,  1.95650e-10,  1.46584e-09,  0.00000e+00,
00:01:45,    105007,   331.1466,  9.32807e-09,  1.30313e-09,  4.37473e-09,  9.78250e-11,  1.39596e-09,  1.69541e-10,
00:01:45,    105464,   332.7333,  8.88341e-09,  1.30313e-09,  4.09524e-09,  1.95650e-10,  1.25621e-09,  1.69541e-10,
00:01:45,    105921,   334.5845,  9.77273e-09,  1.19444e-09,  4.28157e-09,  2.93475e-10,  1.39596e-09,  1.69541e-10,
00:01:46,    106378,   336.5679,  9.77273e-09,  1.52052e-09,  4.46790e-09,  9.78250e-11,  1.39596e-09,  0.00000e+00,
00:01:46,    106836,   338.1546,  9.99505e-09,  1.41183e-09,  4.28157e-09,  9.78250e-11,  1.46584e-09,  1.69541e-10,
00:01:47,    107293,   340.2702,  9.99505e-09,  1.30313e-09,  4.37473e-09,  1.95650e-10,  1.46584e-09,  0.00000e+00,
00:01:47,    107750,   341.9892,  9.55039e-09,  1.73791e-09,  4.37473e-09,  1.95650e-10,  1.32609e-09,  0.00000e+00,
00:01:48,    108208,   343.8403,  9.99505e-09,  1.41183e-09,  4.56107e-09,  9.78250e-11,  1.46584e-09,  3.39081e-10,
00:01:48,    108665,   345.8237,  9.10573e-09,  1.30313e-09,  4.46790e-09,  2.93475e-10,  1.39596e-09,  1.69541e-10,
00:01:49,    109122,   347.6749,  9.55039e-09,  1.41183e-09,  4.18840e-09,  0.00000e+00,  1.32609e-09,  1.69541e-10,
00:01:49,    109579,   349.6583,  9.55039e-09,  1.52052e-09,  4.28157e-09,  9.78250e-11,  1.39596e-09,  1.69541e-10,
00:01:50,    110036,   351.6417,  1.02174e-08,  1.41183e-09,  4.28157e-09,  1.95650e-10,  1.53571e-09,  1.69541e-10,
00:01:50,    110493,   353.3606,  9.77273e-09,  1.41183e-09,  4.37473e-09,  9.78250e-11,  1.53571e-09,  0.00000e+00,
00:01:50,    110950,   354.9473,  9.55039e-09,  1.41183e-09,  4.37473e-09,  1.95650e-10,  1.39596e-09,  1.69541e-10,
00:01:51,    111408,   356.9307,  9.32807e-09,  1.62922e-09,  4.37473e-09,  1.95650e-10,  1.46584e-09,  0.00000e+00,
00:01:51,    111865,   358.5174,  1.02174e-08,  1.41183e-09,  4.46790e-09,  9.78250e-11,  1.39596e-09,  1.69541e-10,
00:01:52,    112322,   360.7653,  8.66352e-09,  1.52052e-09,  4.09524e-09,  0.00000e+00,  1.46584e-09,  1.69541e-10,
00:01:52,    112779,   362.3520,  9.32807e-09,  1.30313e-09,  4.56107e-09,  2.93475e-10,  1.53571e-09,  1.69541e-10,
00:01:53,    113236,   364.4676,  9.10573e-09,  1.41183e-09,  4.56107e-09,  9.78250e-11,  1.46584e-09,  3.39081e-10,
00:01:53,    113693,   366.1865,  8.66352e-09,  1.52052e-09,  4.46790e-09,  1.95650e-10,  1.39596e-09,  0.00000e+00,
00:01:54,    114150,   367.9055,  9.10573e-09,  1.30313e-09,  4.37473e-09,  1.95650e-10,  1.39596e-09,  0.00000e+00,
00:01:54,    114608,   369.6244,  9.32807e-09,  1.41183e-09,  4.46790e-09,  9.78250e-11,  1.53571e-09,  1.69541e-10,
00:01:55,    115065,   371.7400,  9.99505e-09,  1.30313e-09,  4.74638e-09,  9.78250e-11,  1.53571e-09,  0.00000e+00,
00:01:55,    115522,   373.3268,  9.32807e-09,  1.19444e-09,  4.56107e-09,  9.78250e-11,  1.67546e-09,  1.69541e-10,
00:01:55,    115979,   375.3102,  8.66352e-09,  1.62922e-09,  4.28157e-09,  1.95650e-10,  1.39596e-09,  1.69541e-10,
00:01:56,    116436,   377.0291,  8.66352e-09,  1.41183e-09,  4.56107e-09,  1.95650e-10,  1.46584e-09,  1.69541e-10,
00:01:56,    116893,   378.7480,  8.88341e-09,  1.30313e-09,  4.74740e-09,  9.78250e-11,  1.53571e-09,  1.69541e-10,
00:01:57,    117350,   380.7314,  9.10573e-09,  1.52052e-09,  4.65321e-09,  9.78250e-11,  1.60559e-09, -1.69541e-10,
00:01:57,    117807,   382.4504,  7.99652e-09,  1.41183e-09,  4.65424e-09,  2.93475e-10,  1.53571e-09,  0.00000e+00,
00:01:58,    118264,   384.3015,  8.66352e-09,  1.30313e-09,  4.74638e-09,  9.78250e-11,  1.60559e-09,  1.69541e-10,
00:01:58,    118721,   386.1527,  8.44118e-09,  1.52052e-09,  4.93271e-09,  1.95650e-10,  1.32609e-09,  0.00000e+00,
00:01:59,    119178,   388.0039,  8.44118e-09,  1.41183e-09,  5.02588e-09,  1.95650e-10,  1.60559e-09,  0.00000e+00,
00:01:59,    119636,   389.5906,  7.55186e-09,  1.73791e-09,  5.39854e-09,  9.78250e-11,  1.60559e-09,  0.00000e+00,
00:02:00,    120093,   391.5740,  7.77420e-09,  1.30313e-09,  4.93271e-09,  0.00000e+00,  1.53571e-09,  1.69541e-10,
00:02:00,    120550,   393.4252,  7.32955e-09,  1.19444e-09,  5.67805e-09,  9.78250e-11,  1.46584e-09,  1.69541e-10,
00:02:01,    121007,   395.5408,  8.21886e-09,  1.41183e-09,  5.21221e-09,  9.78250e-11,  1.53571e-09,  1.69541e-10,
00:02:01,    121464,   396.9953,  7.77420e-09,  1.41183e-09,  5.21221e-09,  1.95650e-10,  1.67546e-09,  0.00000e+00,
00:02:01,    121921,   398.9787,  7.99652e-09,  1.41183e-09,  5.30538e-09,  2.93475e-10,  1.53571e-09,  1.69541e-10,
00:02:02,    122378,   400.6976,  8.44118e-09,  1.73791e-09,  5.39854e-09,  9.78250e-11,  1.60559e-09,  1.69541e-10,
00:02:02,    122836,   402.6810,  7.77420e-09,  1.41183e-09,  5.30538e-09,  9.78250e-11,  1.53571e-09,  1.69541e-10,
00:02:03,    123293,   404.5322,  7.99652e-09,  1.52052e-09,  5.77019e-09,  1.95650e-10,  1.53571e-09,  0.00000e+00,
00:02:03,    123750,   406.2511,  8.44118e-09,  1.41183e-09,  5.67805e-09,  9.78250e-11,  1.46584e-09,  0.00000e+00,
00:02:04,    124207,   407.9700,  7.10720e-09,  1.41183e-09,  5.58488e-09,  9.78250e-11,  1.60559e-09,  1.69541e-10,
00:02:04,    124664,   409.9534,  6.88489e-09,  1.41183e-09,  5.77019e-09,  1.95650e-10,  1.60559e-09,  1.69541e-10,
00:02:05,    125121,   411.9368,  7.55186e-09,  1.30313e-09,  5.49171e-09,  9.78250e-11,  1.53571e-09,  3.39081e-10,
00:02:05,    125578,   413.7880,  7.55186e-09,  1.41183e-09,  5.67805e-09,  1.95650e-10,  1.60559e-09,  1.69541e-10,
00:02:06,    126035,   415.5069,  7.99652e-09,  1.62922e-09,  5.86335e-09,  1.95650e-10,  1.53571e-09,  1.69541e-10,
00:02:06,    126492,   417.3581,  7.77420e-09,  1.19444e-09,  5.58488e-09,  9.78250e-11,  1.53571e-09,  1.69541e-10,
00:02:06,    126949,   419.4737,  7.32955e-09,  1.41183e-09,  5.67805e-09,  2.93475e-10,  1.60559e-09,  1.69541e-10,
00:02:07,    127406,   421.0604,  7.32955e-09,  1.30313e-09,  5.49171e-09,  1.95650e-10,  1.46584e-09,  0.00000e+00,
00:02:07,    127863,   422.9116,  7.32955e-09,  1.41183e-09,  5.58488e-09,  9.78250e-11,  1.53571e-09,  0.00000e+00,
00:02:08,    128320,   424.6305,  7.55186e-09,  1.30313e-09,  5.67702e-09,  1.95650e-10,  1.67546e-09,  1.69541e-10,
00:02:08,    128777,   426.6139,  7.10720e-09,  1.41183e-09,  5.77019e-09,  1.95650e-10,  1.53571e-09,  0.00000e+00,
00:02:09,    129234,   428.2006,  7.55186e-09,  1.41183e-09,  5.86335e-09,  1.95650e-10,  1.74534e-09,  1.69541e-10,
00:02:09,    129691,   430.1840,  7.10720e-09,  1.52052e-09,  5.86335e-09,  0.00000e+00,  1.46584e-09,  0.00000e+00,
00:02:10,    130148,   431.9029,  7.99652e-09,  1.30313e-09,  5.86335e-09,  1.95650e-10,  1.53571e-09,  1.69541e-10,
00:02:10,    130605,   433.7541,  7.10720e-09,  1.30313e-09,  6.14286e-09,  1.95650e-10,  1.60559e-09, -1.69541e-10,
00:02:11,    131062,   435.4731,  7.10720e-09,  1.30313e-09,  5.77019e-09,  2.93475e-10,  1.53571e-09, -1.69541e-10,
00:02:11,    131519,   437.1920,  6.66255e-09,  1.62922e-09,  5.95652e-09,  1.95650e-10,  1.46584e-09,  0.00000e+00,
00:02:11,    131976,   439.3076,  7.32955e-09,  1.62922e-09,  5.95652e-09,  9.78250e-11,  1.53571e-09,  1.69541e-10,
00:02:12,    132433,   440.8943,  7.10720e-09,  1.52052e-09,  5.86335e-09,  1.95650e-10,  1.81521e-09,  1.69541e-10,
00:02:12,    132891,   442.8777,  7.55186e-09,  1.19444e-09,  5.95652e-09,  2.93475e-10,  1.74534e-09,  1.69541e-10,
00:02:13,    133348,   444.8611,  7.32955e-09,  1.62922e-09,  5.95652e-09,  9.78250e-11,  1.46584e-09,  3.39081e-10,
00:02:13,    133806,   446.5801,  6.88489e-09,  1.62922e-09,  5.95652e-09,  2.93475e-10,  1.67546e-09,  1.69541e-10,
00:02:14,    134263,   448.5635,  6.66255e-09,  1.30313e-09,  5.86335e-09,  9.78250e-11,  1.39596e-09,  3.39081e-10,
00:02:14,    134720,   450.2824,  6.66255e-09,  1.84661e-09,  6.04969e-09,  3.91300e-10,  1.46584e-09,  0.00000e+00,
00:02:15,    135178,   452.2658,  8.21886e-09,  1.30313e-09,  6.42235e-09,  9.78250e-11,  1.60559e-09,  0.00000e+00,
00:02:15,    135635,   453.9847,  7.77420e-09,  1.52052e-09,  6.04969e-09,  1.95650e-10,  1.46584e-09, -1.69541e-10,
00:02:16,    136092,   455.7037,  8.21886e-09,  1.52052e-09,  6.04969e-09,  1.95650e-10,  1.60559e-09,  3.39081e-10,
00:02:16,    136549,   457.4226,  7.10720e-09,  1.62922e-09,  6.04969e-09,  9.78250e-11,  1.60559e-09,  1.69541e-10,
00:02:17,    137006,   459.1416,  6.21789e-09,  1.52052e-09,  6.23602e-09,  2.93475e-10,  1.74534e-09,  1.69541e-10,
00:02:17,    137463,   461.2572,  6.66255e-09,  1.41183e-09,  6.04969e-09,  3.91300e-10,  1.60559e-09,  1.69541e-10,
00:02:17,    137921,   463.1083,  7.10720e-09,  1.19444e-09,  6.14286e-09,  1.95650e-10,  1.53571e-09,  0.00000e+00,
00:02:18,    138378,   464.9595,  6.88489e-09,  1.41183e-09,  6.60869e-09,  2.93475e-10,  1.67546e-09,  0.00000e+00,
00:02:18,    138835,   466.8107,  6.88489e-09,  1.52052e-09,  6.51552e-09,  9.78250e-11,  1.60559e-09,  1.69541e-10,
00:02:19,    139292,   468.5296,  7.10720e-09,  1.52052e-09,  6.32919e-09,  1.95650e-10,  1.39596e-09,  1.69541e-10,
00:02:19,    139749,   470.3808,  7.10720e-09,  1.52052e-09,  6.51552e-09,  2.93475e-10,  1.46584e-09,  3.39081e-10,
00:02:20,    140206,   472.2319,  7.32955e-09,  1.30313e-09,  6.79400e-09,  9.78250e-11,  1.53571e-09,  0.00000e+00,
00:02:20,    140663,   474.2153,  7.32955e-09,  1.41183e-09,  6.70186e-09,  2.93475e-10,  1.53571e-09,  1.69541e-10,
00:02:21,    141120,   475.5376,  6.88489e-09,  1.41183e-09,  6.60869e-09,  9.78250e-11,  1.32609e-09,  3.39081e-10,
00:02:21,    141577,   477.7854,  6.22034e-09,  1.62922e-09,  6.42235e-09,  1.95650e-10,  1.53571e-09,  0.00000e+00,
00:02:22,    142034,   479.6366,  6.88489e-09,  1.41183e-09,  5.95652e-09,  1.95650e-10,  1.53571e-09,  1.69541e-10,
00:02:22,    142491,   481.3556,  7.55186e-09,  1.30313e-09,  6.42235e-09,  1.95650e-10,  1.53571e-09,  5.08622e-10,
00:02:22,    142948,   483.2067,  7.32955e-09,  1.52052e-09,  6.51552e-09,  2.93475e-10,  1.46584e-09,  0.00000e+00,
00:02:23,    143405,   484.9257,  6.66255e-09,  1.52052e-09,  6.70186e-09,  2.93475e-10,  1.39596e-09, -1.69541e-10,
00:02:23,    143863,   486.9091,  6.44023e-09,  1.41183e-09,  6.60869e-09,  0.00000e+00,  1.46584e-09,  1.69541e-10,
00:02:24,    144320,   488.7602,  7.55186e-09,  1.52052e-09,  6.23602e-09,  2.93475e-10,  1.60559e-09,  0.00000e+00,
00:02:24,    144777,   490.6114,  6.88489e-09,  1.52052e-09,  6.51552e-09,  1.95650e-10,  1.60559e-09,  0.00000e+00,
00:02:25,    145234,   492.5948,  7.55186e-09,  1.62922e-09,  6.70186e-09,  1.95650e-10,  1.46584e-09,  1.69541e-10,
00:02:25,    145691,   494.3137,  6.66255e-09,  1.62922e-09,  6.51552e-09,  2.93475e-10,  1.53571e-09,  1.69541e-10,
00:02:26,    146148,   496.2971,  6.44023e-09,  1.52052e-09,  6.51552e-09,  2.93475e-10,  1.67546e-09,  0.00000e+00,
00:02:26,    146606,   497.7516,  6.66255e-09,  1.52052e-09,  6.51552e-09,  2.93475e-10,  1.46584e-09,  1.69541e-10,
00:02:27,    147063,   499.8672,  6.44023e-09,  1.52052e-09,  6.23602e-09,  1.95650e-10,  1.46584e-09,  1.69541e-10,
00:02:27,    147520,   501.7184,  6.66255e-09,  1.41183e-09,  6.23602e-09,  1.95650e-10,  1.53571e-09,  1.69541e-10,
00:02:27,    147977,   503.4373,  6.44023e-09,  1.41183e-09,  6.32919e-09,  9.78250e-11,  1.53571e-09,  0.00000e+00,
00:02:28,    148434,   505.1562,  6.44023e-09,  1.41183e-09,  5.86335e-09,  2.93475e-10,  1.39596e-09,  1.69541e-10,
00:02:28,    148891,   507.0074,  6.66255e-09,  1.84661e-09,  6.04969e-09,  9.78250e-11,  1.60559e-09,  0.00000e+00,
00:02:29,    149348,   508.8586,  6.44023e-09,  1.41183e-09,  5.67805e-09,  1.95650e-10,  1.53571e-09,  1.69541e-10,
00:02:29,    149805,   510.7097,  6.66255e-09,  1.52052e-09,  6.04969e-09,  1.95650e-10,  1.53571e-09,  1.69541e-10,
00:02:30,    150262,   512.4287,  6.44023e-09,  1.41183e-09,  5.77019e-09,  1.95650e-10,  1.39596e-09,  1.69541e-10,
00:02:30,    150719,   514.1476,  6.44023e-09,  1.41183e-09,  5.58488e-09,  9.78250e-11,  1.46584e-09,  0.00000e+00,
00:02:31,    151176,   516.6599,  6.44266e-09,  1.41183e-09,  5.58488e-09,  9.78250e-11,  1.39596e-09,  0.00000e+00,
00:02:31,    151633,   518.2467,  7.10720e-09,  1.41183e-09,  5.58488e-09,  9.78250e-11,  1.60559e-09,  1.69541e-10,
00:02:32,    152091,   520.0978,  7.10720e-09,  1.41183e-09,  5.77019e-09,  1.95650e-10,  1.53571e-09,  1.69541e-10,
00:02:32,    152548,   521.8167,  6.88489e-09,  1.52052e-09,  5.30538e-09,  1.95650e-10,  1.53571e-09,  0.00000e+00,
00:02:33,    153006,   523.6679,  6.66255e-09,  1.52052e-09,  5.11905e-09,  0.00000e+00,  1.53571e-09,  3.39081e-10,
00:02:33,    153463,   525.5191,  7.55186e-09,  1.62922e-09,  5.30538e-09,  1.95650e-10,  1.46584e-09,  3.39081e-10,
00:02:33,    153920,   527.3703,  6.44023e-09,  1.62922e-09,  5.21221e-09,  1.95650e-10,  1.67546e-09,  0.00000e+00,
00:02:34,    154377,   529.2214,  7.10720e-09,  1.41183e-09,  4.93271e-09,  9.78250e-11,  1.60559e-09,  1.69541e-10,
00:02:34,    154834,   530.9403,  6.88489e-09,  1.41183e-09,  5.21221e-09,  1.95650e-10,  1.46584e-09,  0.00000e+00,
00:02:35,    155291,   533.0560,  6.66255e-09,  1.52052e-09,  4.83954e-09,  1.95650e-10,  1.74534e-09,  1.69541e-10,
00:02:35,    155748,   534.6427,  6.88489e-09,  1.52052e-09,  5.02588e-09,  1.95650e-10,  1.46584e-09,  0.00000e+00,
00:02:36,    156205,   536.6261,  6.88489e-09,  1.73791e-09,  4.74638e-09,  2.93475e-10,  1.39596e-09,  1.69541e-10,
00:02:36,    156663,   538.2128,  6.88489e-09,  1.41183e-09,  5.11905e-09,  2.93475e-10,  1.53571e-09,  1.69541e-10,
00:02:37,    157120,   540.0640,  6.88489e-09,  1.73791e-09,  4.65424e-09,  9.78250e-11,  1.60559e-09,  3.39081e-10,
00:02:37,    157577,   542.0473,  6.88489e-09,  1.41183e-09,  4.83954e-09,  3.91300e-10,  1.53571e-09,  0.00000e+00,
00:02:38,    158034,   543.8985,  6.88489e-09,  1.62922e-09,  4.56107e-09,  9.78250e-11,  1.67546e-09,  0.00000e+00,
00:02:38,    158491,   545.6175,  6.66255e-09,  1.52052e-09,  4.93271e-09,  2.93475e-10,  1.39596e-09, -1.69541e-10,
00:02:38,    158948,   547.4687,  6.21789e-09,  1.30313e-09,  4.74740e-09,  1.95650e-10,  1.39596e-09, -1.69541e-10,
00:02:39,    159405,   549.3198,  6.44023e-09,  1.30313e-09,  4.83954e-09,  2.93475e-10,  1.39596e-09,  1.69541e-10,
00:02:39,    159863,   551.0387,  6.22034e-09,  1.52052e-09,  4.65424e-09,  1.95650e-10,  1.46584e-09, -1.69541e-10,
00:02:40,    160320,   552.8899,  6.88489e-09,  1.62922e-09,  4.74638e-09,  1.95650e-10,  1.46584e-09,  0.00000e+00,
00:02:40,    160778,   554.7411,  6.22034e-09,  1.62922e-09,  4.83954e-09,  2.93475e-10,  1.60559e-09,  0.00000e+00,
00:02:41,    161235,   556.5922,  6.22034e-09,  1.19444e-09,  4.74740e-09,  2.93475e-10,  1.60559e-09,  1.69541e-10,
00:02:41,    161692,   558.5756,  6.66255e-09,  1.73791e-09,  4.65321e-09,  1.95650e-10,  1.25621e-09,  0.00000e+00,
00:02:42,    162149,   560.2946,  7.32955e-09,  1.52052e-09,  4.65424e-09,  1.95650e-10,  1.53571e-09,  0.00000e+00,
00:02:42,    162606,   562.1457,  6.44266e-09,  1.62922e-09,  4.74638e-09,  9.78250e-11,  1.39596e-09,  3.39081e-10,
00:02:43,    163063,   563.9969,  6.22034e-09,  1.73791e-09,  4.56107e-09,  1.95650e-10,  1.46584e-09,  1.69541e-10,
00:02:43,    163520,   565.7158,  6.44023e-09,  1.30313e-09,  5.11905e-09,  9.78250e-11,  1.39596e-09,  0.00000e+00,
00:02:43,    163978,   567.6992,  6.88489e-09,  1.73791e-09,  4.56107e-09,  9.78250e-11,  1.32609e-09,  3.39081e-10,
00:02:44,    164435,   569.5504,  6.21789e-09,  1.30313e-09,  4.93271e-09,  1.95650e-10,  1.46584e-09,  0.00000e+00,
00:02:44,    164893,   570.8726,  6.22034e-09,  1.62922e-09,  4.56107e-09,  9.78250e-11,  1.39596e-09,  0.00000e+00,
00:02:45,    165350,   573.1205,  6.66255e-09,  1.62922e-09,  4.74638e-09,  1.95650e-10,  1.46584e-09,  1.69541e-10,
00:02:45,    165808,   575.1039,  6.22034e-09,  1.52052e-09,  4.65321e-09,  3.91300e-10,  1.74534e-09,  0.00000e+00,
00:02:46,    166265,   576.6906,  6.22034e-09,  1.52052e-09,  5.02588e-09,  2.93475e-10,  1.39596e-09,  1.69541e-10,
00:02:46,    166722,   578.5418,  6.44023e-09,  1.41183e-09,  4.65424e-09,  1.95650e-10,  1.46584e-09,  0.00000e+00,
00:02:47,    167179,   580.2607,  6.22034e-09,  1.52052e-09,  4.56107e-09,  2.93475e-10,  1.39596e-09,  1.69541e-10,
00:02:47,    167636,   582.2441,  5.99800e-09,  1.73791e-09,  4.65424e-09,  9.78250e-11,  1.53571e-09,  1.69541e-10,
00:02:48,    168093,   583.9630,  5.99800e-09,  1.30313e-09,  4.56107e-09,  1.95650e-10,  1.46584e-09, -1.69541e-10,
00:02:48,    168550,   585.8142,  6.44266e-09,  1.41183e-09,  4.83954e-09,  1.95650e-10,  1.53571e-09,  1.69541e-10,
00:02:49,    169007,   587.5332,  6.66255e-09,  1.52052e-09,  4.65424e-09,  2.93475e-10,  1.53571e-09,  1.69541e-10,
00:02:49,    169464,   589.3843,  6.22034e-09,  1.95411e-09,  4.83954e-09,  9.78250e-11,  1.39596e-09,  1.69541e-10,
00:02:49,    169921,   591.3677,  6.44023e-09,  1.41183e-09,  4.83954e-09,  1.95650e-10,  1.60559e-09,  1.69541e-10,
00:02:50,    170378,   593.0866,  6.44023e-09,  1.52052e-09,  4.46790e-09,  1.95650e-10,  1.46584e-09,  3.39081e-10,
00:02:50,    170835,   595.0700,  6.22034e-09,  1.52052e-09,  4.56107e-09,  2.93475e-10,  1.53571e-09,  0.00000e+00,
00:02:51,    171292,   596.7890,  7.10720e-09,  1.62922e-09,  4.65424e-09,  2.93475e-10,  1.39596e-09,  3.39081e-10,
00:02:51,    171749,   598.7724,  6.44023e-09,  1.52052e-09,  4.74740e-09,  9.78250e-11,  1.46584e-09,  1.69541e-10,
00:02:52,    172206,   600.4913,  6.22034e-09,  1.73791e-09,  4.74638e-09,  2.93475e-10,  1.53571e-09,  0.00000e+00,
00:02:52,    172663,   602.7392,  6.44266e-09,  1.73791e-09,  4.93271e-09,  2.93475e-10,  1.46584e-09,  1.69541e-10,
00:02:53,    173121,   604.3259,  6.44266e-09,  1.73791e-09,  4.28157e-09,  1.95650e-10,  1.46584e-09,  1.69541e-10,
00:02:53,    173578,   606.0448,  6.22034e-09,  1.62922e-09,  4.46790e-09,  1.95650e-10,  1.46584e-09,  1.69541e-10,
00:02:54,    174035,   607.8960,  6.21789e-09,  1.52052e-09,  4.83954e-09,  1.95650e-10,  1.53571e-09,  0.00000e+00,
00:02:54,    174492,   609.4827,  6.44266e-09,  1.62922e-09,  4.83954e-09,  9.78250e-11,  1.46584e-09,  3.39081e-10,
00:02:54,    174949,   611.5983,  6.88489e-09,  1.62922e-09,  4.93271e-09,  1.95650e-10,  1.46584e-09,  1.69541e-10,
00:02:55,    175406,   613.4495,  6.66255e-09,  1.52052e-09,  5.30538e-09,  1.95650e-10,  1.53571e-09,  1.69541e-10,
00:02:55,    175863,   615.3006,  5.99800e-09,  1.52052e-09,  4.74638e-09,  1.95650e-10,  1.53571e-09,  1.69541e-10,
00:02:56,    176320,   617.1518,  6.44266e-09,  1.73791e-09,  4.65424e-09,  9.78250e-11,  1.39596e-09,  0.00000e+00,
00:02:56,    176778,   618.8708,  6.44266e-09,  1.73791e-09,  4.74740e-09,  9.78250e-11,  1.53571e-09,  0.00000e+00,
00:02:57,    177235,   620.7219,  5.77568e-09,  1.62922e-09,  4.83954e-09,  1.95650e-10,  1.60559e-09,  0.00000e+00,
00:02:57,    177693,   622.5731,  7.10720e-09,  1.62922e-09,  4.65424e-09,  2.93475e-10,  1.46584e-09,  0.00000e+00,
00:02:58,    178150,   624.4243,  6.44266e-09,  1.52052e-09,  4.56107e-09,  1.95650e-10,  1.46584e-09,  1.69541e-10,
00:02:58,    178607,   626.1432,  6.22034e-09,  1.52052e-09,  5.02588e-09,  3.91300e-10,  1.53571e-09,  0.00000e+00,
00:02:59,    179064,   628.1266,  6.44266e-09,  1.73791e-09,  4.56107e-09,  9.78250e-11,  1.46584e-09,  1.69541e-10,
00:02:59,    179521,   630.2422,  6.88489e-09,  1.52052e-09,  4.83954e-09,  2.93475e-10,  1.39596e-09,  0.00000e+00,
00:02:59,    179978,   631.8289,  5.77568e-09,  1.62922e-09,  4.83954e-09,  9.78250e-11,  1.39596e-09,  1.69541e-10,
00:03:00,    180435,   633.5479,  6.66255e-09,  1.62922e-09,  4.56107e-09,  1.95650e-10,  1.39596e-09,  1.69541e-10,
00:03:00,    180892,   635.3990,  5.77568e-09,  1.52052e-09,  4.65424e-09,  1.95650e-10,  1.46584e-09,  0.00000e+00,
00:03:01,    181349,   637.2502,  6.44023e-09,  1.52052e-09,  4.83954e-09,  1.95650e-10,  1.53571e-09,  0.00000e+00,
00:03:01,    181806,   639.1013,  6.66255e-09,  1.62922e-09,  4.93271e-09,  1.95650e-10,  1.46584e-09,  1.69541e-10,
00:03:02,    182263,   640.8203,  6.88489e-09,  1.84661e-09,  4.65424e-09,  1.95650e-10,  1.53571e-09,  1.69541e-10,
00:03:02,    182720,   642.5392,  6.66255e-09,  1.62922e-09,  4.65424e-09,  1.95650e-10,  1.39596e-09,  0.00000e+00,
00:03:03,    183177,   644.6549,  6.22034e-09,  1.62922e-09,  4.65321e-09,  1.95650e-10,  1.53571e-09,  1.69541e-10,
00:03:03,    183634,   646.5060,  6.44023e-09,  1.73791e-09,  4.93271e-09,  1.95650e-10,  1.32609e-09,  0.00000e+00,
00:03:04,    184091,   648.3572,  6.66255e-09,  1.73791e-09,  4.56107e-09,  1.95650e-10,  1.39596e-09,  1.69541e-10,
00:03:04,    184548,   650.0761,  6.44023e-09,  1.73791e-09,  4.65424e-09,  9.78250e-11,  1.60559e-09,  1.69541e-10,
00:03:05,    185006,   651.9273,  6.22034e-09,  1.73791e-09,  4.83954e-09,  1.95650e-10,  1.67546e-09,  1.69541e-10,
00:03:05,    185463,   653.6462,  6.22034e-09,  1.41183e-09,  4.93271e-09,  1.95650e-10,  1.46584e-09,  3.39081e-10,
00:03:05,    185920,   655.3652,  6.66255e-09,  1.73791e-09,  4.93271e-09,  2.93475e-10,  1.46584e-09,  1.69541e-10,
00:03:06,    186377,   657.3485,  6.44023e-09,  1.52052e-09,  4.93271e-09,  1.95650e-10,  1.39596e-09,  0.00000e+00,
00:03:06,    186834,   659.1997,  6.44266e-09,  1.62922e-09,  5.02588e-09,  1.95650e-10,  1.60559e-09,  1.69541e-10,
00:03:07,    187291,   661.1831,  6.22034e-09,  1.62922e-09,  4.74740e-09,  9.78250e-11,  1.53571e-09,  1.69541e-10,
00:03:07,    187748,   662.9021,  5.33102e-09,  1.84661e-09,  4.83954e-09,  2.93475e-10,  1.67546e-09,  0.00000e+00,
00:03:08,    188205,   664.4888,  6.66255e-09,  1.73791e-09,  4.93271e-09,  1.95650e-10,  1.39596e-09,  1.69541e-10,
00:03:08,    188662,   666.6044,  6.66255e-09,  1.73791e-09,  4.74638e-09,  2.93475e-10,  1.53571e-09,  0.00000e+00,
00:03:09,    189119,   668.1911,  6.88489e-09,  1.41183e-09,  4.83954e-09,  2.93475e-10,  1.46584e-09,  1.69541e-10,
00:03:09,    189576,   669.9101,  6.66255e-09,  1.73791e-09,  4.83954e-09,  1.95650e-10,  1.46584e-09,  1.69541e-10,
00:03:10,    190033,   671.8935,  6.22034e-09,  1.62922e-09,  4.65424e-09,  2.93475e-10,  1.39596e-09,  0.00000e+00,
00:03:10,    190490,   674.0091,  7.32955e-09,  1.95530e-09,  5.02588e-09,  1.95650e-10,  1.32609e-09,  1.69541e-10,
00:03:10,    190948,   675.7280,  5.99800e-09,  1.52052e-09,  5.02588e-09,  9.78250e-11,  1.46584e-09,  1.69541e-10,
00:03:11,    191405,   677.4469,  6.66255e-09,  1.73791e-09,  5.21221e-09,  1.95650e-10,  1.53571e-09,  1.69541e-10,
00:03:11,    191863,   679.5626,  5.99800e-09,  1.62922e-09,  4.93271e-09,  1.95650e-10,  1.39596e-09,  1.69541e-10,
00:03:12,    192321,   681.0171,  6.44266e-09,  1.62922e-09,  5.02588e-09,  1.95650e-10,  1.46584e-09,  1.69541e-10,
00:03:12,    192778,   683.2649,  6.66255e-09,  1.73791e-09,  4.83954e-09,  2.93475e-10,  1.46584e-09,  1.69541e-10,
00:03:13,    193235,   684.8516,  6.44023e-09,  1.62922e-09,  4.93271e-09,  1.95650e-10,  1.39596e-09,  0.00000e+00,
00:03:13,    193692,   686.4383,  5.77568e-09,  1.95411e-09,  5.02588e-09,  3.91300e-10,  1.46584e-09,  3.39081e-10,
00:03:14,    194149,   688.5539,  6.44023e-09,  1.73791e-09,  5.21221e-09,  2.93475e-10,  1.46584e-09,  1.69541e-10,
00:03:14,    194606,   690.2729,  6.88489e-09,  2.06280e-09,  4.93271e-09,  1.95650e-10,  1.60559e-09,  3.39081e-10,
00:03:15,    195063,   692.2562,  6.22034e-09,  1.84661e-09,  4.83954e-09,  2.93475e-10,  1.60559e-09,  1.69541e-10,
00:03:15,    195520,   693.8430,  5.77568e-09,  1.62922e-09,  5.30538e-09,  2.93475e-10,  1.60559e-09,  1.69541e-10,
00:03:15,    195978,   695.9586,  6.44023e-09,  1.95411e-09,  5.11905e-09,  1.95650e-10,  1.39596e-09,  3.39081e-10,
00:03:16,    196435,   697.5453,  6.44266e-09,  1.62922e-09,  4.83954e-09,  9.78250e-11,  1.32609e-09,  3.39081e-10,
00:03:16,    196893,   699.5287,  5.77568e-09,  1.52052e-09,  5.11905e-09,  2.93475e-10,  1.67546e-09,  1.69541e-10,
00:03:17,    197350,   701.1154,  5.99800e-09,  1.73791e-09,  5.11905e-09,  9.78250e-11,  1.46584e-09,  3.39081e-10,
00:03:17,    197808,   702.8344,  6.88489e-09,  1.52052e-09,  5.11905e-09,  1.95650e-10,  1.67546e-09,  1.69541e-10,
00:03:18,    198265,   705.0822,  6.66255e-09,  2.06280e-09,  5.21221e-09,  2.93475e-10,  1.46584e-09,  3.39081e-10,
00:03:18,    198723,   706.8012,  6.66255e-09,  1.84661e-09,  5.02588e-09,  1.95650e-10,  1.39596e-09, -1.69541e-10,
00:03:19,    199181,   708.6523,  6.44023e-09,  1.95411e-09,  4.93271e-09,  2.93475e-10,  1.46584e-09,  1.69541e-10,
00:03:19,    199638,   710.6357,  5.77568e-09,  1.62922e-09,  5.02588e-09,  1.95650e-10,  1.60559e-09,  1.69541e-10,
00:03:20,    200095,   712.3546,  5.77568e-09,  1.84661e-09,  4.93271e-09,  2.93475e-10,  1.46584e-09,  1.69541e-10,
00:03:20,    200552,   714.0736,  5.99800e-09,  1.73791e-09,  5.11905e-09,  1.95650e-10,  1.60559e-09,  1.69541e-10,
00:03:21,    201009,   716.1892,  6.44023e-09,  1.73791e-09,  4.65321e-09,  2.93475e-10,  1.46584e-09,  1.69541e-10,
00:03:21,    201466,   717.7759,  5.77568e-09,  1.73791e-09,  5.49171e-09,  2.93475e-10,  1.53571e-09,  0.00000e+00,
00:03:21,    201923,   719.7593,  6.22034e-09,  1.84661e-09,  5.21221e-09,  9.78250e-11,  1.60559e-09,  0.00000e+00,
00:03:22,    202380,   721.4782,  6.22034e-09,  1.84661e-09,  5.21221e-09,  2.93475e-10,  1.39596e-09,  1.69541e-10,
00:03:22,    202837,   723.3294,  6.22034e-09,  1.73791e-09,  5.21221e-09,  2.93475e-10,  1.46584e-09,  1.69541e-10,
00:03:23,    203294,   725.3128,  6.22034e-09,  1.62922e-09,  5.30538e-09,  2.93475e-10,  1.53571e-09,  0.00000e+00,
00:03:23,    203751,   727.1640,  5.99800e-09,  1.62922e-09,  5.21221e-09,  1.95650e-10,  1.53571e-09,  3.39081e-10,
00:03:24,    204208,   728.8829,  6.22034e-09,  1.62922e-09,  5.30538e-09,  1.95650e-10,  1.46584e-09,  0.00000e+00,
00:03:24,    204665,   730.6018,  6.21789e-09,  1.73791e-09,  5.39854e-09,  2.93475e-10,  1.39596e-09,  0.00000e+00,
00:03:25,    205122,   732.3208,  6.44266e-09,  1.95411e-09,  5.11905e-09,  1.95650e-10,  1.60559e-09,  1.69541e-10,
00:03:25,    205579,   734.3042,  6.44023e-09,  1.52052e-09,  5.02588e-09,  3.91300e-10,  1.39596e-09,  1.69541e-10,
00:03:26,    206036,   736.0232,  6.66255e-09,  1.73791e-09,  5.49171e-09,  2.93475e-10,  1.53571e-09,  1.69541e-10,
00:03:26,    206493,   737.7421,  6.88489e-09,  1.95411e-09,  5.30538e-09,  1.95650e-10,  1.39596e-09,  0.00000e+00,
00:03:26,    206950,   739.4610,  5.99800e-09,  1.84661e-09,  5.30538e-09,  2.93475e-10,  1.46584e-09,  1.69541e-10,
00:03:27,    207407,   741.5766,  5.99800e-09,  1.73791e-09,  5.39854e-09,  3.91300e-10,  1.60559e-09,  1.69541e-10,
00:03:27,    207864,   743.4278,  6.44266e-09,  1.95530e-09,  5.49171e-09,  1.95650e-10,  1.53571e-09,  1.69541e-10,
00:03:28,    208321,   745.2790,  5.77568e-09,  1.62922e-09,  5.11905e-09,  1.95650e-10,  1.39596e-09,  1.69541e-10,
00:03:28,    208778,   747.2624,  6.44023e-09,  1.84661e-09,  5.49171e-09,  2.93475e-10,  1.60559e-09,  1.69541e-10,
00:03:29,    209236,   749.1135,  6.22034e-09,  1.84661e-09,  5.39854e-09,  2.93475e-10,  1.39596e-09,  0.00000e+00,
00:03:29,    209693,   750.7002,  5.99800e-09,  1.95530e-09,  5.02588e-09,  2.93475e-10,  1.39596e-09,  0.00000e+00,
00:03:30,    210150,   752.6836,  6.22034e-09,  1.41183e-09,  5.11905e-09,  2.93475e-10,  1.53571e-09,  1.69541e-10,
00:03:30,    210608,   754.5348,  5.99800e-09,  1.73791e-09,  5.21221e-09,  2.93475e-10,  1.53571e-09,  1.69541e-10,
00:03:31,    211066,   756.2537,  6.66255e-09,  1.95530e-09,  5.02588e-09,  2.93475e-10,  1.46584e-09,  1.69541e-10,
00:03:31,    211523,   758.1049,  5.77568e-09,  1.52052e-09,  4.93271e-09,  1.95650e-10,  1.53571e-09,  0.00000e+00,
00:03:31,    211981,   759.9561,  6.66255e-09,  1.62922e-09,  5.11905e-09,  2.93475e-10,  1.67546e-09,  0.00000e+00,
00:03:32,    212438,   761.8072,  5.99800e-09,  1.84661e-09,  5.21221e-09,  2.93475e-10,  1.46584e-09,  1.69541e-10,
00:03:32,    212895,   763.6584,  6.44023e-09,  1.84661e-09,  5.30538e-09,  3.91300e-10,  1.60559e-09,  1.69541e-10,
00:03:33,    213352,   765.5095,  6.22034e-09,  2.06280e-09,  5.39854e-09,  1.95650e-10,  1.60559e-09,  1.69541e-10,
00:03:33,    213809,   767.3607,  5.55334e-09,  1.84661e-09,  4.93271e-09,  2.93475e-10,  1.46584e-09,  1.69541e-10,
00:03:34,    214266,   769.2119,  6.22034e-09,  1.84661e-09,  5.11905e-09,  1.95650e-10,  1.67546e-09,  1.69541e-10,
00:03:34,    214723,   770.7986,  6.22034e-09,  1.95530e-09,  5.11905e-09,  1.95650e-10,  1.60559e-09,  1.69541e-10,
00:03:35,    215180,   772.7820,  5.99800e-09,  1.84661e-09,  5.30538e-09,  1.95650e-10,  1.60559e-09,  1.69541e-10,
00:03:35,    215638,   774.6331,  5.99800e-09,  1.84661e-09,  5.11905e-09,  1.95650e-10,  1.60559e-09,  1.69541e-10,
00:03:36,    216096,   776.4843,  6.66255e-09,  1.62922e-09,  5.11905e-09,  2.93475e-10,  1.60559e-09,  0.00000e+00,
00:03:36,    216553,   778.4677,  5.99800e-09,  1.62922e-09,  5.21221e-09,  1.95650e-10,  1.46584e-09,  3.39081e-10,
00:03:37,    217011,   780.0545,  6.66255e-09,  2.06280e-09,  5.02588e-09,  2.93475e-10,  1.53571e-09,  0.00000e+00,
00:03:37,    217468,   782.0378,  5.77568e-09,  1.95411e-09,  5.02588e-09,  9.78250e-11,  1.53571e-09,  1.69541e-10,
00:03:37,    217926,   783.8890,  5.77568e-09,  1.84661e-09,  4.83954e-09,  1.95650e-10,  1.53571e-09,  1.69541e-10,
00:03:38,    218383,   785.7401,  6.22034e-09,  1.73791e-09,  4.83954e-09,  9.78250e-11,  1.46584e-09,  3.39081e-10,
00:03:38,    218841,   787.7235,  6.66500e-09,  1.73791e-09,  5.30538e-09,  2.93475e-10,  1.46584e-09,  1.69541e-10,
00:03:39,    219298,   789.3103,  5.10868e-09,  1.84661e-09,  5.11905e-09,  2.93475e-10,  1.46584e-09,  1.69541e-10,
00:03:39,    219756,   791.1615,  5.99800e-09,  1.84661e-09,  5.30538e-09,  2.93475e-10,  1.53571e-09,  3.39081e-10,
00:03:40,    220213,   792.7481,  5.77568e-09,  1.73791e-09,  5.11905e-09,  1.95650e-10,  1.53571e-09,  0.00000e+00,
00:03:40,    220670,   794.7315,  6.22034e-09,  1.95530e-09,  5.02588e-09,  9.78250e-11,  1.53571e-09,  3.39081e-10,
00:03:41,    221128,   796.5827,  5.99800e-09,  1.95411e-09,  4.74638e-09,  1.95650e-10,  1.39596e-09,  0.00000e+00,
00:03:41,    221585,   798.5661,  6.44023e-09,  1.95530e-09,  5.02588e-09,  2.93475e-10,  1.46584e-09,  3.39081e-10,
00:03:42,    222042,   800.4173,  6.44266e-09,  1.73791e-09,  4.65424e-09,  1.95650e-10,  1.60559e-09,  5.08622e-10,
00:03:42,    222499,   802.1362,  5.99800e-09,  1.73791e-09,  5.21221e-09,  1.95650e-10,  1.74534e-09,  0.00000e+00,
00:03:42,    222956,   803.9874,  5.77568e-09,  2.06280e-09,  5.11905e-09,  1.95650e-10,  1.53571e-09,  1.69541e-10,
00:03:43,    223413,   805.8385,  6.22034e-09,  1.84661e-09,  5.02588e-09,  1.95650e-10,  1.60559e-09,  0.00000e+00,
00:03:43,    223870,   807.5575,  6.22034e-09,  1.84661e-09,  5.02588e-09,  1.95650e-10,  1.53571e-09,  1.69541e-10,
00:03:44,    224327,   809.4087,  6.22034e-09,  1.73791e-09,  4.83954e-09,  2.93475e-10,  1.60559e-09,  1.69541e-10,
00:03:44,    224784,   811.2598,  6.66255e-09,  1.95530e-09,  4.65424e-09,  1.95650e-10,  1.60559e-09,  1.69541e-10,
00:03:45,    225241,   812.8465,  6.22034e-09,  1.84661e-09,  4.83954e-09,  2.93475e-10,  1.60559e-09,  3.39081e-10,
00:03:45,    225698,   814.8299,  5.99800e-09,  1.84661e-09,  4.93271e-09,  2.93475e-10,  1.46584e-09,  1.69541e-10,
00:03:46,    226155,   816.6811,  5.99800e-09,  1.95411e-09,  5.39854e-09,  1.95650e-10,  1.67546e-09,  1.69541e-10,
00:03:46,    226612,   818.5323,  5.55334e-09,  1.84661e-09,  4.93271e-09,  2.93475e-10,  1.53571e-09,  0.00000e+00,
00:03:47,    227069,   820.3834,  5.99800e-09,  1.73791e-09,  5.02588e-09,  2.93475e-10,  1.53571e-09,  3.39081e-10,
00:03:47,    227526,   822.1024,  5.99800e-09,  1.52052e-09,  5.11905e-09,  2.93475e-10,  1.60559e-09,  0.00000e+00,
00:03:47,    227983,   824.0858,  5.77568e-09,  1.95530e-09,  4.65424e-09,  1.95650e-10,  1.39596e-09,  3.39081e-10,
00:03:48,    228440,   825.8047,  5.33102e-09,  1.84661e-09,  4.83954e-09,  2.93475e-10,  1.67546e-09,  1.69541e-10,
00:03:48,    228898,   827.7881,  6.22034e-09,  1.95530e-09,  5.30538e-09,  2.93475e-10,  1.60559e-09,  3.39081e-10,
00:03:49,    229355,   829.3748,  6.22034e-09,  2.06280e-09,  4.93271e-09,  1.95650e-10,  1.67546e-09,  1.69541e-10,
00:03:49,    229812,   831.3582,  5.99800e-09,  1.95411e-09,  4.93271e-09,  2.93475e-10,  1.67546e-09,  1.69541e-10,
00:03:50,    230269,   833.3416,  6.66255e-09,  2.17150e-09,  4.74740e-09,  4.89125e-10,  1.67546e-09,  0.00000e+00,
00:03:50,    230726,   835.0605,  5.99800e-09,  1.84661e-09,  4.83954e-09,  2.93475e-10,  1.60559e-09,  3.39081e-10,
00:03:51,    231183,   836.9117,  5.77568e-09,  1.84661e-09,  4.56107e-09,  2.93475e-10,  1.46584e-09,  1.69541e-10,
00:03:51,    231640,   838.7628,  5.99800e-09,  1.73791e-09,  5.02588e-09,  1.95650e-10,  1.67546e-09,  3.39081e-10,
00:03:52,    232097,   840.6140,  6.22034e-09,  1.84661e-09,  4.83954e-09,  1.95650e-10,  1.39596e-09,  1.69541e-10,
00:03:52,    232554,   842.3330,  5.99800e-09,  1.84661e-09,  4.83954e-09,  2.93475e-10,  1.53571e-09,  3.39081e-10,
00:03:53,    233011,   844.5808,  5.99800e-09,  1.95411e-09,  4.93271e-09,  1.95650e-10,  1.67546e-09,  1.69541e-10,
00:03:53,    233468,   846.1675,  6.44023e-09,  1.73791e-09,  4.56107e-09,  2.93475e-10,  1.46584e-09,  1.69541e-10,
00:03:53,    233925,   848.0187,  6.44023e-09,  1.84661e-09,  4.93271e-09,  2.93475e-10,  1.60559e-09,  1.69541e-10,
00:03:54,    234382,   849.7376,  5.99800e-09,  1.95411e-09,  5.11905e-09,  1.95650e-10,  1.46584e-09, -1.69541e-10,
00:03:54,    234839,   851.5888,  5.77568e-09,  1.95411e-09,  4.83954e-09,  1.95650e-10,  1.53571e-09,  0.00000e+00,
00:03:55,    235296,   853.1755,  5.99800e-09,  1.95530e-09,  5.02588e-09,  2.93475e-10,  1.60559e-09,  3.39081e-10,
00:03:55,    235753,   855.4234,  6.22034e-09,  1.84661e-09,  5.02588e-09,  2.93475e-10,  1.53571e-09,  3.39081e-10,
00:03:56,    236211,   857.1423,  5.77568e-09,  1.95530e-09,  5.02588e-09,  1.95650e-10,  1.60559e-09,  0.00000e+00,
00:03:56,    236668,   858.9934,  5.55334e-09,  1.95530e-09,  5.21221e-09,  2.93475e-10,  1.39596e-09,  0.00000e+00,
00:03:57,    237125,   860.7124,  6.44266e-09,  2.06280e-09,  5.30538e-09,  3.91300e-10,  1.67546e-09,  3.39081e-10,
00:03:57,    237582,   862.5636,  6.88489e-09,  2.06280e-09,  5.02588e-09,  1.95650e-10,  1.46584e-09,  3.39081e-10,
00:03:58,    238039,   864.4148,  6.66255e-09,  2.06280e-09,  5.02588e-09,  2.93475e-10,  1.46584e-09,  0.00000e+00,
00:03:58,    238496,   866.2659,  6.22034e-09,  1.95530e-09,  4.83954e-09,  9.78250e-11,  1.60559e-09,  1.69541e-10,
00:03:58,    238953,   868.2493,  6.44266e-09,  2.17150e-09,  4.65321e-09,  9.78250e-11,  1.60559e-09,  0.00000e+00,
00:03:59,    239411,   869.9682,  6.22034e-09,  1.73791e-09,  5.02588e-09,  1.95650e-10,  1.53571e-09,  1.69541e-10,
00:03:59,    239868,   871.6872,  6.44266e-09,  2.28019e-09,  4.65424e-09,  1.95650e-10,  1.67546e-09,  0.00000e+00,
00:04:00,    240325,   873.5384,  5.99800e-09,  1.95530e-09,  4.74740e-09,  2.93475e-10,  1.60559e-09,  1.69541e-10,
00:04:00,    240782,   875.3895,  6.44266e-09,  1.95411e-09,  5.02588e-09,  2.93475e-10,  1.53571e-09,  0.00000e+00,
00:04:01,    241239,   877.2407,  5.77568e-09,  1.95530e-09,  4.93271e-09,  1.95650e-10,  1.53571e-09,  0.00000e+00,
00:04:01,    241696,   878.9596,  5.55334e-09,  2.17150e-09,  5.11905e-09,  2.93475e-10,  1.60559e-09,  1.69541e-10,
00:04:02,    242153,   880.9430,  6.44266e-09,  2.06280e-09,  4.93271e-09,  2.93475e-10,  1.67546e-09,  1.69541e-10,
00:04:02,    242611,   882.6620,  6.44266e-09,  2.06280e-09,  5.21221e-09,  3.91300e-10,  1.74534e-09,  0.00000e+00,
00:04:03,    243068,   884.6454,  6.22034e-09,  2.06280e-09,  4.93271e-09,  2.93475e-10,  1.67546e-09,  3.39081e-10,
00:04:03,    243526,   886.2320,  5.55334e-09,  1.95411e-09,  4.83954e-09,  2.93475e-10,  1.67546e-09,  1.69541e-10,
00:04:03,    243983,   888.3477,  5.99800e-09,  2.06280e-09,  4.74740e-09,  2.93475e-10,  1.60559e-09,  1.69541e-10,
00:04:04,    244440,   890.1988,  5.55334e-09,  2.06280e-09,  4.83954e-09,  3.91300e-10,  1.74534e-09,  1.69541e-10,
00:04:04,    244898,   892.0500,  5.77568e-09,  1.95411e-09,  5.02588e-09,  9.78250e-11,  1.53571e-09,  3.39081e-10,
00:04:05,    245355,   893.9012,  5.99800e-09,  2.17150e-09,  4.93271e-09,  1.95650e-10,  1.60559e-09,  3.39081e-10,
00:04:05,    245813,   895.7524,  6.44023e-09,  2.06280e-09,  4.74638e-09,  1.95650e-10,  1.60559e-09,  1.69541e-10,
00:04:06,    246270,   897.6035,  5.10868e-09,  2.06280e-09,  4.83954e-09,  2.93475e-10,  1.60559e-09,  1.69541e-10,
00:04:06,    246727,   899.3224,  7.10720e-09,  1.62922e-09,  5.11905e-09,  2.93475e-10,  1.67546e-09,  1.69541e-10,
00:04:07,    247184,   901.1736,  5.55334e-09,  1.84661e-09,  5.02588e-09,  1.95650e-10,  1.67546e-09,  0.00000e+00,
00:04:07,    247641,   903.0248,  6.22034e-09,  1.95530e-09,  5.30538e-09,  1.95650e-10,  1.60559e-09,  0.00000e+00,
00:04:08,    248098,   904.8760,  5.99800e-09,  2.06280e-09,  4.83954e-09,  1.95650e-10,  1.67546e-09,  1.69541e-10,
00:04:08,    248555,   906.4627,  5.77568e-09,  2.06280e-09,  4.93271e-09,  3.91300e-10,  1.67546e-09,  3.39081e-10,
00:04:09,    249013,   908.0494,  5.99800e-09,  2.06280e-09,  4.93271e-09,  2.93475e-10,  1.60559e-09,  1.69541e-10,
00:04:09,    249470,   910.0328,  6.44023e-09,  2.06280e-09,  4.93271e-09,  1.95650e-10,  1.60559e-09,  3.39081e-10,
00:04:09,    249927,   912.1484,  5.55334e-09,  2.17150e-09,  4.83954e-09,  1.95650e-10,  1.46584e-09,  1.69541e-10,
00:04:10,    250384,   913.8673,  5.55334e-09,  2.17150e-09,  5.21221e-09,  2.93475e-10,  1.67546e-09,  1.69541e-10,
00:04:10,    250841,   915.9829,  5.99800e-09,  2.06280e-09,  4.74638e-09,  9.78250e-11,  1.67546e-09,  1.69541e-10,
00:04:11,    251298,   917.5697,  5.77568e-09,  2.28019e-09,  4.93271e-09,  1.95650e-10,  1.53571e-09,  3.39081e-10,
00:04:11,    251756,   919.2886,  6.66255e-09,  2.06280e-09,  4.93271e-09,  1.95650e-10,  1.67546e-09,  1.69541e-10,
00:04:12,    252213,   921.2720,  5.99800e-09,  2.06280e-09,  5.02588e-09,  2.93475e-10,  1.67546e-09,  1.69541e-10,
00:04:12,    252670,   922.9909,  5.77568e-09,  1.95411e-09,  4.93271e-09,  1.95650e-10,  1.67546e-09,  3.39081e-10,
00:04:13,    253128,   924.9743,  6.66255e-09,  1.95411e-09,  5.11905e-09,  2.93475e-10,  1.60559e-09,  3.39081e-10,
00:04:13,    253585,   926.6932,  5.77568e-09,  2.28019e-09,  4.93271e-09,  1.95650e-10,  1.81521e-09,  3.39081e-10,
00:04:14,    254042,   928.2800,  5.99800e-09,  2.17150e-09,  4.83954e-09,  1.95650e-10,  1.46584e-09,  3.39081e-10,
00:04:14,    254499,   930.5278,  5.55334e-09,  2.06280e-09,  4.74638e-09,  1.95650e-10,  1.46584e-09,  1.69541e-10,
00:04:14,    254956,   932.1145,  6.22034e-09,  2.28019e-09,  5.02588e-09,  9.78250e-11,  1.60559e-09,  3.39081e-10,
00:04:15,    255413,   934.2301,  5.55334e-09,  2.17150e-09,  5.39854e-09,  3.91300e-10,  1.53571e-09,  0.00000e+00,
00:04:15,    255870,   935.9490,  5.77568e-09,  2.17150e-09,  5.02588e-09,  2.93475e-10,  1.67546e-09,  3.39081e-10,
00:04:16,    256328,   937.8002,  5.99800e-09,  2.17150e-09,  5.11905e-09,  2.93475e-10,  1.60559e-09,  1.69541e-10,
00:04:16,    256785,   939.6514,  6.22034e-09,  2.28019e-09,  4.93271e-09,  2.93475e-10,  1.60559e-09,  0.00000e+00,
00:04:17,    257242,   941.5026,  5.77568e-09,  2.17150e-09,  4.93271e-09,  1.95650e-10,  1.60559e-09,  1.69541e-10,
00:04:17,    257699,   943.3537,  5.55334e-09,  1.84661e-09,  4.93271e-09,  1.95650e-10,  1.74534e-09,  3.39081e-10,
00:04:18,    258156,   945.0727,  5.55334e-09,  2.17150e-09,  4.93271e-09,  3.91300e-10,  1.67546e-09,  3.39081e-10,
00:04:18,    258613,   946.9238,  5.99800e-09,  1.84661e-09,  4.83954e-09,  1.95650e-10,  1.60559e-09,  1.69541e-10,
00:04:19,    259070,   949.0394,  5.99800e-09,  1.95411e-09,  4.74638e-09,  2.93475e-10,  1.67546e-09,  1.69541e-10,
00:04:19,    259527,   950.6262,  5.99800e-09,  2.06280e-09,  4.83954e-09,  2.93475e-10,  1.67546e-09,  1.69541e-10,
00:04:19,    259984,   952.3451,  5.99800e-09,  2.17150e-09,  5.11905e-09,  2.93475e-10,  1.60559e-09,  1.69541e-10,
00:04:20,    260441,   954.1963,  5.77568e-09,  2.17150e-09,  4.74740e-09,  2.93475e-10,  1.67546e-09,  1.69541e-10,
00:04:20,    260898,   956.0474,  6.44023e-09,  1.84661e-09,  5.02588e-09,  2.93475e-10,  1.67546e-09,  1.69541e-10,
00:04:21,    261355,   957.8986,  6.22034e-09,  2.17150e-09,  5.02588e-09,  2.93475e-10,  1.60559e-09,  0.00000e+00,
00:04:21,    261812,   960.0142,  5.99800e-09,  2.28019e-09,  4.74638e-09,  2.93475e-10,  1.67546e-09,  3.39081e-10,
00:04:22,    262269,   961.4687,  5.99800e-09,  2.06280e-09,  5.21221e-09,  3.91300e-10,  1.60559e-09,  1.69541e-10,
00:04:22,    262726,   963.4521,  6.44023e-09,  2.17150e-09,  4.93271e-09,  1.95650e-10,  1.67546e-09,  1.69541e-10,
00:04:23,    263183,   964.9066,  6.88489e-09,  2.17150e-09,  5.02588e-09,  3.91300e-10,  1.67546e-09,  3.39081e-10,
00:04:23,    263640,   966.7578,  5.99800e-09,  2.17150e-09,  5.21221e-09,  2.93475e-10,  1.67546e-09,  0.00000e+00,
00:04:24,    264098,   969.0056,  5.55334e-09,  2.06280e-09,  5.11905e-09,  1.95650e-10,  1.67546e-09,  3.39081e-10,
00:04:24,    264555,   970.8568,  5.77568e-09,  1.95411e-09,  4.93271e-09,  3.91300e-10,  1.46584e-09,  1.69541e-10,
00:04:25,    265012,   972.5757,  5.55334e-09,  2.49758e-09,  5.21221e-09,  2.93475e-10,  1.60559e-09,  1.69541e-10,
00:04:25,    265469,   974.4269,  6.66255e-09,  2.17150e-09,  5.02588e-09,  1.95650e-10,  1.81521e-09,  1.69541e-10,
00:04:25,    265926,   976.1458,  6.44266e-09,  2.28019e-09,  4.93271e-09,  3.91300e-10,  1.60559e-09,  1.69541e-10,
00:04:26,    266383,   977.8648,  5.99800e-09,  2.38889e-09,  5.21221e-09,  2.93475e-10,  1.67546e-09,  1.69541e-10,
00:04:26,    266841,   979.5837,  5.55334e-09,  1.95411e-09,  5.21221e-09,  3.91300e-10,  1.60559e-09,  1.69541e-10,
00:04:27,    267298,   981.6993,  6.22034e-09,  2.06280e-09,  5.11905e-09,  2.93475e-10,  1.88509e-09,  1.69541e-10,
00:04:27,    267755,   983.5505,  5.55334e-09,  2.06280e-09,  4.93271e-09,  3.91300e-10,  1.67546e-09,  1.69541e-10,
00:04:28,    268212,   985.1372,  5.99800e-09,  2.06280e-09,  4.74638e-09,  2.93475e-10,  1.67546e-09,  3.39081e-10,
00:04:28,    268669,   986.9884,  5.99800e-09,  2.49758e-09,  5.02588e-09,  2.93475e-10,  1.67546e-09,  3.39081e-10,
00:04:29,    269126,   989.1040,  5.77568e-09,  2.06280e-09,  4.74638e-09,  3.91300e-10,  1.74534e-09,  3.39081e-10,
00:04:29,    269583,   990.8230,  6.44023e-09,  2.17150e-09,  5.30538e-09,  2.93475e-10,  1.74534e-09,  1.69541e-10,
00:04:30,    270040,   992.4096,  6.66255e-09,  2.38889e-09,  5.21221e-09,  9.78250e-11,  1.67546e-09,  3.39081e-10,
00:04:30,    270498,   994.2608,  6.44023e-09,  2.06280e-09,  5.39854e-09,  3.91300e-10,  1.67546e-09,  1.69541e-10,
00:04:30,    270955,   996.3764,  5.77568e-09,  2.06280e-09,  5.02588e-09,  2.93475e-10,  1.74534e-09,  3.39081e-10,
00:04:31,    271412,   998.0954,  6.22034e-09,  2.28019e-09,  5.30538e-09,  3.91300e-10,  1.67546e-09,  1.69541e-10,
00:04:31,    271869,   999.9466,  5.77568e-09,  2.28019e-09,  5.02588e-09,  3.91300e-10,  1.74534e-09,  1.69541e-10,
00:04:32,    272326,  1001.7977,  5.77568e-09,  2.28019e-09,  5.30538e-09,  1.95650e-10,  1.74534e-09,  1.69541e-10,
00:04:32,    272783,  1003.5166,  6.88489e-09,  2.28019e-09,  5.30538e-09,  2.93475e-10,  1.46584e-09,  1.69541e-10,
00:04:33,    273240,  1005.6323,  5.77568e-09,  2.17150e-09,  5.21221e-09,  2.93475e-10,  1.67546e-09,  1.69541e-10,
00:04:33,    273697,  1007.2190,  5.99800e-09,  2.28019e-09,  5.11905e-09,  1.95650e-10,  1.81521e-09, -1.69541e-10,
00:04:34,    274154,  1009.0702,  5.77568e-09,  2.17150e-09,  5.02588e-09,  3.91300e-10,  1.67546e-09,  1.69541e-10,
00:04:34,    274611,  1010.9213,  5.99800e-09,  2.38889e-09,  5.39854e-09,  3.91300e-10,  1.88509e-09,  1.69541e-10,
00:04:35,    275068,  1012.6403,  5.99800e-09,  1.95411e-09,  4.83954e-09,  1.95650e-10,  1.67546e-09,  1.69541e-10,
00:04:35,    275525,  1014.6236,  5.99800e-09,  2.17150e-09,  5.11905e-09,  2.93475e-10,  1.74534e-09,  0.00000e+00,
00:04:35,    275982,  1016.2104,  6.44023e-09,  2.28019e-09,  4.93271e-09,  3.91300e-10,  1.67546e-09,  1.69541e-10,
00:04:36,    276439,  1018.3260,  5.55334e-09,  2.60628e-09,  5.21221e-09,  2.93475e-10,  1.81521e-09,  1.69541e-10,
00:04:36,    276896,  1020.0450,  5.77568e-09,  1.95411e-09,  4.93271e-09,  3.91300e-10,  1.60559e-09,  3.39081e-10,
00:04:37,    277353,  1022.0283,  5.99800e-09,  2.06280e-09,  4.93271e-09,  3.91300e-10,  1.60559e-09,  0.00000e+00,
00:04:37,    277811,  1023.8795,  6.22034e-09,  2.49758e-09,  4.83954e-09,  2.93475e-10,  1.53571e-09, -1.69541e-10,
