0000000429,scans,0000000160,DataLength
"header",0000000029,"lines"
"Date",6/9/2016,"Time",2:34:33 AM
"ID","HAL RC RGA 301 #14852","Version",3
"Scans",10
"Scan ID","Mode","Input","Scanned","Start","Stop","Increment","Dwell","Settle","RS","RelSEM"
"Scan 1","RGA","Temperature","none",0.40,0.40,0.01,10.000,10.000,1.000000,1.000000,
"Scan 2","RGA","SEM","mass",2.00,2.00,0.01,11.000,10.000,0.440000,1.000000,
"Scan 3","RGA","SEM","mass",14.00,14.00,0.01,11.000,10.000,1.000000,1.000000,
"Scan 4","RGA","SEM","mass",18.00,18.00,0.01,11.000,10.000,0.900000,1.000000,
"Scan 5","RGA","SEM","mass",28.00,28.00,0.01,11.000,10.000,1.050000,1.000000,
"Scan 6","RGA","SEM","mass",29.00,29.00,0.01,11.000,10.000,1.000000,1.000000,
"Scan 7","RGA","SEM","mass",32.00,32.00,0.01,11.000,10.000,0.860000,1.000000,
"Scan 8","RGA","SEM","mass",43.00,43.00,0.01,11.000,10.000,1.000000,1.000000,
"Scan 9","RGA","SEM","mass",44.00,44.00,0.01,11.000,10.000,1.400000,1.000000,
"Scan 10","RGA","SEM","mass",60.00,60.00,0.01,11.000,10.000,0.577000,1.000000,
"Environment",
"Global","RGA"
"F1",1,"( 1 = on, 0 = off )"
"F2",0,"( 1 = on, 0 = off )"
"cage",3.3,"V"
"delta-m",0,"%"
"electron-energy",70.0,"V"
"emission",1000.000,"uA"
"focus",-90,"V"
"mass",5.50,"amu"
"mode-change-delay",1000,"ms"
"multiplier",1100,"V"
"resolution",0,"%"
"Data",10
"Time","ms","Temperature","Hydrogen","Ketene","Water","Carbon monoxide","Acetaldehyde","Oxygen","Acetic acid","Carbon dioxide","Acetic acid",
00:00:01,      1241,   120.2459,  0.00000e+00, -9.78250e-11,  0.00000e+00,  0.00000e+00, -9.78250e-11, -1.13750e-10, -9.78250e-11,  0.00000e+00,  1.69541e-10,
00:00:01,      1846,   120.3781,  2.22330e-10,  0.00000e+00,  2.17389e-10,  8.37476e-10,  0.00000e+00,  1.13750e-10,  9.78250e-11,  5.23525e-09,  0.00000e+00,
00:00:02,      2451,   120.2459,  5.77568e-09,  2.98065e-08,  9.33817e-09,  4.05797e-08,  2.34565e-09,  4.54500e-09,  1.36847e-09,  8.47436e-08,  5.08622e-10,
00:00:03,      3056,   120.3781,  8.88584e-09,  1.99369e-08,  8.46980e-09,  3.18312e-08,  1.95435e-09,  3.86374e-09,  1.07500e-09,  6.10101e-08,  6.78163e-10,
00:00:03,      3661,   120.2459,  9.10573e-09,  1.55391e-08,  8.68720e-09,  2.74565e-08,  1.46630e-09,  3.18250e-09,  7.81525e-10,  4.80963e-08,  5.08622e-10,
00:00:04,      4266,   120.2459,  8.21886e-09,  1.27043e-08,  7.92633e-09,  2.44782e-08,  1.07500e-09,  2.95500e-09,  9.77175e-10,  3.96491e-08,  3.39081e-10,
00:00:04,      4871,   120.3781,  8.44118e-09,  1.10434e-08,  6.40700e-09,  2.11273e-08,  1.17282e-09,  2.95500e-09,  7.81525e-10,  3.25295e-08,  5.08622e-10,
00:00:05,      5476,   120.3781,  7.10720e-09,  8.89348e-09,  6.08091e-09,  1.95455e-08,  1.07500e-09,  2.61374e-09,  7.81525e-10,  2.80621e-08,  3.39081e-10,
00:00:06,      6081,   120.3781,  7.55186e-09,  8.20870e-09,  5.42994e-09,  1.86149e-08,  1.07500e-09,  2.38624e-09,  6.83700e-10,  2.39433e-08,  5.08622e-10,
00:00:06,      6686,   120.3781,  6.44023e-09,  6.93912e-09,  5.42994e-09,  1.71252e-08,  8.79350e-10,  2.61374e-09,  7.81525e-10,  2.27569e-08,  3.39081e-10,
00:00:07,      7291,   120.2459,  6.88489e-09,  6.93912e-09,  4.56039e-09,  1.61014e-08,  8.79350e-10,  2.15874e-09,  7.81525e-10,  1.98245e-08,  3.39081e-10,
00:00:07,      7896,   120.2459,  6.44023e-09,  6.25435e-09,  4.66908e-09,  1.57298e-08,  6.83700e-10,  2.15874e-09,  5.86950e-10,  1.84286e-08,  5.08622e-10,
00:00:08,      8501,   120.2459,  6.66255e-09,  5.66847e-09,  4.45169e-09,  1.49845e-08,  6.83700e-10,  2.15874e-09,  6.84775e-10,  1.66832e-08,  5.08622e-10,
00:00:09,      9106,   120.3781,  6.44023e-09,  4.88695e-09,  4.45169e-09,  1.38674e-08,  5.85875e-10,  2.15874e-09,  6.84775e-10,  1.55667e-08,  1.69541e-10,
00:00:09,      9711,   120.2459,  6.22034e-09,  4.98477e-09,  4.45169e-09,  1.38685e-08,  7.81525e-10,  1.93250e-09,  7.81525e-10,  1.43098e-08,  1.69541e-10,
00:00:10,     10316,   120.3781,  5.55334e-09,  4.59347e-09,  3.90941e-09,  1.38674e-08,  5.86950e-10,  2.16000e-09,  5.86950e-10,  1.29138e-08,  3.39081e-10,
00:00:10,     10921,   120.3781,  6.44266e-09,  4.20217e-09,  3.58333e-09,  1.27515e-08,  6.84775e-10,  2.04624e-09,  6.83700e-10,  1.27741e-08,  3.39081e-10,
00:00:11,     11526,   120.5103,  5.77568e-09,  4.00652e-09,  3.90941e-09,  1.22857e-08,  4.89125e-10,  1.93250e-09,  6.83700e-10,  1.14479e-08,  3.39081e-10,
00:00:12,     12131,   120.3781,  5.77568e-09,  3.81195e-09,  4.12680e-09,  1.25651e-08,  4.89125e-10,  2.04624e-09,  5.86950e-10,  1.08897e-08,  3.39081e-10,
00:00:12,     12736,   120.2459,  6.44266e-09,  3.90870e-09,  3.80072e-09,  1.18209e-08,  5.86950e-10,  2.15874e-09,  5.86950e-10,  1.05404e-08, -1.69541e-10,
00:00:13,     13341,   120.1137,  5.99800e-09,  3.22500e-09,  3.47463e-09,  1.11687e-08,  5.86950e-10,  1.93124e-09,  5.86950e-10,  1.02616e-08,  3.39081e-10,
00:00:13,     13946,   120.3781,  5.99800e-09,  3.12717e-09,  4.01811e-09,  1.12619e-08,  4.89125e-10,  2.04500e-09,  5.86950e-10,  9.70336e-09,  5.08622e-10,
00:00:14,     14551,   120.3781,  6.22034e-09,  3.22500e-09,  3.80072e-09,  1.14482e-08,  6.83700e-10,  1.93250e-09,  5.86950e-10,  9.14436e-09,  3.39081e-10,
00:00:15,     15156,   120.3781,  6.44023e-09,  3.12717e-09,  3.58333e-09,  1.10755e-08,  3.91300e-10,  1.59124e-09,  4.89125e-10,  9.00464e-09,  3.39081e-10,
00:00:15,     15761,   120.2459,  5.99800e-09,  2.93152e-09,  3.90941e-09,  1.09824e-08,  6.83700e-10,  1.70500e-09,  4.89125e-10,  8.79579e-09,  3.39081e-10,
00:00:16,     16366,   120.2459,  5.33102e-09,  2.83477e-09,  3.80072e-09,  1.07960e-08,  4.89125e-10,  1.47750e-09,  4.89125e-10,  8.23679e-09,  5.08622e-10,
00:00:16,     16971,   120.2459,  5.55334e-09,  2.73695e-09,  3.58333e-09,  1.10755e-08,  3.91300e-10,  1.59124e-09,  6.84775e-10,  8.16693e-09,  3.39081e-10,
00:00:17,     17576,   120.2459,  6.66500e-09,  2.34565e-09,  3.47463e-09,  1.03312e-08,  3.91300e-10,  1.81874e-09,  5.86950e-10,  7.81829e-09,  1.69541e-10,
00:00:18,     18181,   120.3781,  5.77568e-09,  2.83370e-09,  3.58333e-09,  1.02381e-08,  5.86950e-10,  1.59124e-09,  4.89125e-10,  7.32993e-09,  1.69541e-10,
00:00:18,     18786,   120.2459,  5.77568e-09,  2.44347e-09,  3.58333e-09,  1.03312e-08,  4.89125e-10,  1.81874e-09,  5.86950e-10,  7.32993e-09,  3.39081e-10,
00:00:19,     19391,   120.3781,  6.88489e-09,  2.54130e-09,  3.80072e-09,  9.95857e-09,  4.89125e-10,  1.47750e-09,  6.83700e-10,  6.84084e-09,  1.69541e-10,
00:00:19,     19996,   120.2459,  5.99800e-09,  2.44347e-09,  3.69202e-09,  9.68010e-09,  3.91300e-10,  1.70500e-09,  6.83700e-10,  6.84084e-09,  3.39081e-10,
00:00:20,     20601,   120.3781,  5.77568e-09,  2.34565e-09,  3.69202e-09,  1.00517e-08,  4.89125e-10,  1.59124e-09,  4.89125e-10,  6.77096e-09,  3.39081e-10,
00:00:21,     21206,   120.5103,  5.99800e-09,  2.15000e-09,  3.47463e-09,  9.68010e-09,  4.89125e-10,  1.59124e-09,  3.91300e-10,  6.91071e-09,  5.08622e-10,
00:00:21,     21811,   120.2459,  5.33102e-09,  2.05217e-09,  3.47463e-09,  1.01449e-08,  3.91300e-10,  1.93250e-09,  4.89125e-10,  6.42236e-09,  1.69541e-10,
00:00:22,     22416,   120.3781,  5.10868e-09,  2.15000e-09,  3.47463e-09,  9.68010e-09,  3.91300e-10,  1.59124e-09,  5.86950e-10,  6.28261e-09,  3.39081e-10,
00:00:23,     23021,   120.3781,  5.55334e-09,  2.24782e-09,  3.47463e-09,  9.49379e-09,  3.91300e-10,  1.36374e-09,  5.86950e-10,  6.07299e-09,  1.69541e-10,
00:00:23,     23626,   120.3781,  6.22034e-09,  1.95435e-09,  3.36594e-09,  9.58695e-09,  2.93475e-10,  1.47750e-09,  6.84775e-10,  6.35249e-09,  3.39081e-10,
00:00:24,     24231,   120.2459,  5.99800e-09,  2.05217e-09,  3.25724e-09,  8.93479e-09,  4.89125e-10,  1.70500e-09,  6.84775e-10,  5.86336e-09,  3.39081e-10,
00:00:24,     24836,   120.1137,  6.22034e-09,  2.15000e-09,  3.58333e-09,  9.49379e-09,  3.91300e-10,  1.47750e-09,  4.89125e-10,  5.93323e-09,  1.69541e-10,
00:00:25,     25441,   120.5103,  6.44266e-09,  1.85652e-09,  3.25724e-09,  8.93479e-09,  3.91300e-10,  1.59124e-09,  4.89125e-10,  5.51475e-09,  3.39081e-10,
00:00:26,     26046,   120.3781,  5.77568e-09,  1.85652e-09,  3.36594e-09,  9.21429e-09,  3.91300e-10,  1.70500e-09,  3.91300e-10,  5.58463e-09,  3.39081e-10,
00:00:26,     26651,   120.2459,  5.55334e-09,  2.05217e-09,  3.25724e-09,  1.21925e-08,  4.89125e-10,  2.27250e-09,  4.89125e-10,  6.07299e-09,  3.39081e-10,
00:00:27,     27256,   120.5103,  5.10868e-09,  2.15000e-09,  3.25724e-09,  1.20993e-08,  3.91300e-10,  2.27250e-09,  5.86950e-10,  6.07299e-09,  3.39081e-10,
00:00:27,     27861,   120.2459,  5.77568e-09,  2.05217e-09,  3.36594e-09,  1.11687e-08,  2.93475e-10,  1.70500e-09,  5.86950e-10,  9.14436e-09,  3.39081e-10,
00:00:28,     28466,   120.3781,  5.55334e-09,  3.32282e-09,  3.36594e-09,  1.10755e-08,  4.89125e-10,  1.70500e-09,  4.89125e-10,  9.63350e-09,  3.39081e-10,
00:00:29,     29071,   120.2459,  5.77568e-09,  3.42065e-09,  3.04106e-09,  1.06108e-08,  4.89125e-10,  1.59124e-09,  3.91300e-10,  1.00520e-08,  3.39081e-10,
00:00:29,     29676,   120.2459,  5.55334e-09,  3.51847e-09,  2.93236e-09,  9.58695e-09,  4.89125e-10,  1.59124e-09,  7.81525e-10,  1.00520e-08,  3.39081e-10,
00:00:30,     30281,   120.3781,  6.44266e-09,  3.42065e-09,  3.25724e-09,  9.68010e-09,  3.91300e-10,  1.59124e-09,  5.86950e-10,  1.01219e-08,  1.69541e-10,
00:00:30,     30886,   120.3781,  5.77568e-09,  3.42065e-09,  3.36594e-09,  1.06108e-08,  3.91300e-10,  1.59124e-09,  6.83700e-10,  1.04006e-08,  3.39081e-10,
00:00:31,     31491,   120.3781,  6.22034e-09,  3.42065e-09,  3.14856e-09,  1.04244e-08,  3.91300e-10,  1.59124e-09,  4.89125e-10,  1.00520e-08,  3.39081e-10,
00:00:32,     32096,   120.3781,  5.10868e-09,  3.32282e-09,  3.04106e-09,  1.02381e-08,  4.89125e-10,  1.47750e-09,  5.86950e-10,  1.02616e-08,  3.39081e-10,
00:00:32,     32701,   120.2459,  5.99800e-09,  3.42065e-09,  3.47463e-09,  9.95857e-09,  3.91300e-10,  1.47750e-09,  3.91300e-10,  1.00520e-08,  1.69541e-10,
00:00:33,     33306,   120.2459,  5.33102e-09,  3.32282e-09,  3.36594e-09,  9.95857e-09,  3.91300e-10,  1.47750e-09,  3.91300e-10,  9.77250e-09,  3.39081e-10,
00:00:33,     33911,   120.5103,  5.99800e-09,  3.02935e-09,  3.25724e-09,  9.95857e-09,  5.86950e-10,  1.13625e-09,  5.86950e-10,  1.01917e-08,  3.39081e-10,
00:00:34,     34516,   120.3781,  5.33102e-09,  3.42065e-09,  3.25724e-09,  9.49379e-09,  3.91300e-10,  1.59124e-09,  4.89125e-10,  1.00520e-08,  3.39081e-10,
00:00:35,     35121,   120.3781,  5.55334e-09,  3.32282e-09,  3.14974e-09,  9.68010e-09,  2.93475e-10,  1.47750e-09,  5.86950e-10,  1.01917e-08,  5.08622e-10,
00:00:35,     35726,   120.3781,  5.77568e-09,  3.42065e-09,  3.25724e-09,  1.02381e-08,  4.89125e-10,  1.59124e-09,  6.83700e-10,  9.98214e-09,  1.69541e-10,
00:00:36,     36331,   120.3781,  6.44266e-09,  3.22500e-09,  2.93236e-09,  9.58695e-09,  4.89125e-10,  1.59124e-09,  5.86950e-10,  1.00520e-08,  3.39081e-10,
00:00:36,     36936,   120.3781,  5.10868e-09,  3.42065e-09,  3.03986e-09,  9.30746e-09,  3.91300e-10,  1.70500e-09,  4.89125e-10,  9.84236e-09,  3.39081e-10,
00:00:37,     37541,   120.1137,  5.99800e-09,  3.32282e-09,  3.14856e-09,  9.95857e-09,  4.89125e-10,  1.47750e-09,  5.86950e-10,  9.63271e-09,  3.39081e-10,
00:00:38,     38146,   120.2459,  5.77568e-09,  3.42065e-09,  3.14856e-09,  9.40062e-09,  5.86950e-10,  1.59124e-09,  5.86950e-10,  9.63350e-09,  3.39081e-10,
00:00:38,     38751,   120.2459,  5.77568e-09,  3.42065e-09,  3.04106e-09,  9.77324e-09,  5.86950e-10,  1.36374e-09,  6.83700e-10,  9.70336e-09,  3.39081e-10,
00:00:39,     39356,   120.3781,  5.33102e-09,  3.02935e-09,  2.93236e-09,  9.77324e-09,  2.93475e-10,  1.13625e-09,  4.89125e-10,  9.77250e-09,  3.39081e-10,
00:00:39,     39961,   120.2459,  5.99800e-09,  3.22500e-09,  3.36594e-09,  9.77324e-09,  4.89125e-10,  1.47750e-09,  6.84775e-10,  9.98214e-09,  5.08622e-10,
00:00:40,     40566,   120.6426,  5.55334e-09,  3.22500e-09,  3.14974e-09,  1.06108e-08,  4.89125e-10,  1.59124e-09,  9.77175e-10,  1.05404e-08,  1.69541e-10,
00:00:41,     41171,   120.9070,  5.55334e-09,  4.30000e-09,  4.01811e-09,  1.30300e-08,  1.46630e-09,  1.70500e-09,  1.88619e-08,  1.45893e-08,  5.08062e-09,
00:00:41,     41776,   121.3037,  5.55334e-09,  1.05543e-08,  1.05326e-08,  1.62877e-08,  3.22500e-09,  1.81874e-09,  2.43347e-08,  1.84286e-08,  7.28279e-09,
00:00:42,     42381,   122.0971,  5.33102e-09,  7.32935e-09,  1.56364e-08,  1.68468e-08,  1.95435e-09,  2.38624e-09,  8.30652e-09,  1.84984e-08,  4.06525e-09,
00:00:42,     42986,   123.4193,  5.77568e-09,  7.23152e-09,  1.30301e-08,  1.49845e-08,  1.46630e-09,  3.97750e-09,  4.39782e-09,  1.81491e-08,  2.37170e-09,
00:00:43,     43591,   125.9316,  6.88489e-09,  6.35217e-09,  9.01209e-09,  1.47060e-08,  1.46630e-09,  1.02275e-08,  5.47282e-09,  1.86381e-08,  1.52400e-09,
00:00:44,     44196,   129.2373,  5.55334e-09,  6.05870e-09,  1.05326e-08,  1.51708e-08,  2.24782e-09,  2.68187e-08,  1.69065e-08,  1.99643e-08,  3.38709e-09,
00:00:44,     44801,   133.9974,  5.77568e-09,  7.91630e-09,  2.00881e-08,  1.51708e-08,  3.71412e-09,  4.85224e-08,  4.06543e-08,  2.14301e-08,  7.28279e-09,
00:00:45,     45406,   138.8898,  5.55334e-09,  1.18250e-08,  4.20229e-08,  1.57298e-08,  5.47282e-09,  4.68187e-08,  6.44022e-08,  2.62469e-08,  1.23653e-08,
00:00:46,     46011,   144.3110,  6.44023e-09,  1.45619e-08,  6.99299e-08,  1.70330e-08,  5.76630e-09,  3.84087e-08,  6.21543e-08,  3.03656e-08,  1.43960e-08,
00:00:46,     46616,   149.6001,  6.66255e-09,  1.60271e-08,  8.84976e-08,  1.88012e-08,  5.96195e-09,  3.01137e-08,  7.15369e-08,  3.40652e-08,  1.89698e-08,
00:00:47,     47221,   154.2280,  7.10720e-09,  1.93500e-08,  9.28406e-08,  1.94524e-08,  7.72065e-09,  2.31824e-08,  8.97141e-08,  4.09759e-08,  2.52373e-08,
00:00:47,     47826,   158.7237,  7.77420e-09,  2.40413e-08,  8.89323e-08,  2.18727e-08,  9.47935e-09,  1.88637e-08,  1.08868e-07,  4.85846e-08,  3.16724e-08,
00:00:48,     48431,   162.0294,  7.77420e-09,  2.78521e-08,  8.40459e-08,  2.37339e-08,  1.10434e-08,  1.47724e-08,  1.27045e-07,  5.59837e-08,  3.96333e-08,
00:00:49,     49036,   164.8061,  7.55186e-09,  3.22500e-08,  8.26340e-08,  2.65258e-08,  1.31934e-08,  1.28412e-08,  1.48350e-07,  6.49884e-08,  4.92879e-08,
00:00:49,     49641,   166.9217,  7.77420e-09,  3.72337e-08,  8.12222e-08,  2.95972e-08,  1.47565e-08,  1.18187e-08,  1.66625e-07,  7.39236e-08,  5.91101e-08,
00:00:50,     50246,   168.7729,  7.55186e-09,  4.20228e-08,  8.32850e-08,  3.33209e-08,  1.72978e-08,  1.03413e-08,  1.84606e-07,  8.42543e-08,  6.87646e-08,
00:00:50,     50851,   170.7563,  8.44118e-09,  4.74956e-08,  8.46969e-08,  3.52753e-08,  1.86663e-08,  9.43250e-09,  1.94672e-07,  9.20029e-08,  7.57102e-08,
00:00:51,     51456,   172.0786,  8.88341e-09,  5.11109e-08,  8.94747e-08,  3.89979e-08,  1.95456e-08,  1.03413e-08,  1.99558e-07,  9.92629e-08,  8.34997e-08,
00:00:52,     52061,   173.6653,  8.66352e-09,  5.20891e-08,  9.19722e-08,  3.92774e-08,  1.97413e-08,  1.03413e-08,  1.84118e-07,  1.03172e-07,  8.24844e-08,
00:00:52,     52666,   174.8553,  8.88341e-09,  5.13065e-08,  9.55556e-08,  4.05808e-08,  1.75913e-08,  1.02275e-08,  1.54312e-07,  1.01706e-07,  7.38452e-08,
00:00:53,     53271,   176.7065,  9.10573e-09,  4.59315e-08,  9.50133e-08,  3.88115e-08,  1.40728e-08,  9.77250e-09,  1.10041e-07,  9.59821e-08,  5.80946e-08,
00:00:53,     53876,   178.2932,  9.55039e-09,  3.97750e-08,  9.05603e-08,  3.69503e-08,  1.09456e-08,  9.77250e-09,  6.86043e-08,  8.59300e-08,  4.23423e-08,
00:00:54,     54481,   179.7477,  8.66352e-09,  3.17619e-08,  9.05603e-08,  3.26687e-08,  8.11088e-09,  9.31874e-09,  3.91891e-08,  7.60179e-08,  2.86244e-08,
00:00:55,     55086,   181.8633,  8.21886e-09,  2.63869e-08,  9.13212e-08,  2.99699e-08,  5.86412e-09,  9.43250e-09,  2.78521e-08,  6.63851e-08,  2.26960e-08,
00:00:55,     55691,   183.9789,  7.77420e-09,  2.36500e-08,  9.34928e-08,  2.82018e-08,  5.37500e-09,  8.75000e-09,  2.20869e-08,  5.94045e-08,  1.76154e-08,
00:00:56,     56296,   186.6234,  8.21886e-09,  2.10119e-08,  8.89323e-08,  2.66190e-08,  4.30000e-09,  8.52250e-09,  1.84706e-08,  5.44480e-08,  1.57524e-08,
00:00:56,     56901,   189.4002,  7.77420e-09,  1.90565e-08,  8.28514e-08,  2.42919e-08,  4.30000e-09,  7.04500e-09,  1.58315e-08,  4.85846e-08,  1.33807e-08,
00:00:57,     57506,   192.4414,  8.44118e-09,  1.72000e-08,  7.27524e-08,  2.36408e-08,  3.61630e-09,  6.13624e-09,  1.32913e-08,  4.45357e-08,  1.05022e-08,
00:00:58,     58111,   195.7470,  7.32955e-09,  1.53434e-08,  6.11340e-08,  2.19658e-08,  3.22500e-09,  5.00000e-09,  1.17271e-08,  4.06964e-08,  9.82404e-09,
00:00:58,     58716,   198.9205,  7.32955e-09,  1.42684e-08,  4.91896e-08,  2.13136e-08,  3.12717e-09,  3.97750e-09,  1.00663e-08,  3.84627e-08,  7.96095e-09,
00:00:59,     59321,   201.8294,  7.10720e-09,  1.27043e-08,  3.99601e-08,  2.02898e-08,  2.63912e-09,  3.29500e-09,  8.69783e-09,  3.51816e-08,  6.77603e-09,
00:00:59,     59926,   204.6062,  7.32955e-09,  1.19228e-08,  3.46389e-08,  1.92660e-08,  2.44347e-09,  2.84124e-09,  7.91630e-09,  3.21102e-08,  5.75879e-09,
00:01:00,     60531,   207.3829,  6.88489e-09,  1.12391e-08,  2.86667e-08,  1.84286e-08,  2.44347e-09,  2.84124e-09,  7.13477e-09,  3.06444e-08,  5.41971e-09,
00:01:01,     61136,   210.2919,  7.32955e-09,  1.07500e-08,  2.45410e-08,  1.77774e-08,  2.15000e-09,  2.50000e-09,  6.05870e-09,  2.86902e-08,  4.74341e-09,
00:01:01,     61741,   212.5398,  7.32955e-09,  1.03597e-08,  2.18260e-08,  1.78706e-08,  2.05217e-09,  2.15874e-09,  6.05977e-09,  2.65264e-08,  4.40433e-09,
00:01:02,     62346,   214.9198,  6.66255e-09,  9.87065e-09,  1.93284e-08,  1.70321e-08,  1.85652e-09,  2.04624e-09,  5.96195e-09,  2.53393e-08,  4.06525e-09,
00:01:02,     62951,   217.4321,  6.44023e-09,  8.99130e-09,  1.70482e-08,  1.61014e-08,  1.85652e-09,  1.93250e-09,  5.66847e-09,  2.47111e-08,  4.06525e-09,
00:01:03,     63556,   219.1511,  7.10720e-09,  8.50218e-09,  1.58538e-08,  1.54503e-08,  1.85652e-09,  2.04624e-09,  5.27717e-09,  2.26172e-08,  3.38709e-09,
00:01:04,     64161,   221.3989,  6.44023e-09,  7.81848e-09,  1.48768e-08,  1.61946e-08,  1.56412e-09,  1.93250e-09,  4.78912e-09,  2.18494e-08,  3.72617e-09,
00:01:04,     64766,   223.5145,  6.66255e-09,  7.91630e-09,  1.37910e-08,  1.48923e-08,  1.66195e-09,  1.81874e-09,  4.78912e-09,  2.09417e-08,  3.38709e-09,
00:01:05,     65371,   225.7624,  6.66255e-09,  7.52500e-09,  1.44420e-08,  1.54503e-08,  1.85652e-09,  1.59124e-09,  4.39782e-09,  2.01040e-08,  3.21754e-09,
00:01:05,     65976,   227.7458,  6.66255e-09,  7.32935e-09,  1.48768e-08,  1.47060e-08,  1.66195e-09,  1.93250e-09,  4.39782e-09,  1.98944e-08,  2.88033e-09,
00:01:06,     66581,   229.8614,  5.99800e-09,  7.23152e-09,  1.25966e-08,  1.53571e-08,  1.56412e-09,  1.59124e-09,  4.30000e-09,  1.87779e-08,  3.21754e-09,
00:01:07,     67186,   232.5059,  6.22034e-09,  6.45000e-09,  1.25966e-08,  1.48923e-08,  1.46630e-09,  1.59124e-09,  4.20217e-09,  1.84984e-08,  3.04986e-09,
00:01:07,     67791,   235.0182,  5.99800e-09,  6.54782e-09,  1.20531e-08,  1.40538e-08,  1.46630e-09,  1.47750e-09,  4.39782e-09,  1.84286e-08,  2.71078e-09,
00:01:08,     68396,   237.6627,  5.99800e-09,  6.35217e-09,  1.15108e-08,  1.41470e-08,  1.36847e-09,  1.47750e-09,  3.81195e-09,  1.76607e-08,  2.54125e-09,
00:01:09,     69001,   240.0428,  5.99800e-09,  6.15652e-09,  1.20531e-08,  1.41470e-08,  1.46630e-09,  1.59124e-09,  3.81195e-09,  1.75908e-08,  2.88033e-09,
00:01:09,     69606,   242.9518,  6.44266e-09,  6.45000e-09,  1.03164e-08,  1.38685e-08,  1.36847e-09,  1.25000e-09,  3.71412e-09,  1.72422e-08,  2.71078e-09,
00:01:10,     70211,   245.5963,  6.22034e-09,  5.96195e-09,  9.55556e-09,  1.34027e-08,  1.27065e-09,  1.36374e-09,  3.51847e-09,  1.66832e-08,  2.54125e-09,
00:01:10,     70816,   247.8441,  6.22034e-09,  5.66847e-09,  8.90458e-09,  1.34027e-08,  1.46630e-09,  1.47750e-09,  3.22500e-09,  1.64744e-08,  2.37170e-09,
00:01:11,     71421,   250.8853,  6.88489e-09,  5.47282e-09,  8.68720e-09,  1.30300e-08,  1.17282e-09,  1.47750e-09,  3.42065e-09,  1.59154e-08,  2.71078e-09,
00:01:12,     72026,   253.1332,  5.10868e-09,  5.47282e-09,  9.12078e-09,  1.30300e-08,  1.36847e-09,  1.47750e-09,  3.42065e-09,  1.57764e-08,  2.54125e-09,
00:01:12,     72631,   255.5133,  5.99800e-09,  5.27717e-09,  7.81763e-09,  1.31231e-08,  1.17282e-09,  1.47750e-09,  3.32282e-09,  1.57764e-08,  2.88033e-09,
00:01:13,     73236,   257.4967,  6.88489e-09,  4.98370e-09,  7.71013e-09,  1.22857e-08,  1.17282e-09,  1.36374e-09,  3.22500e-09,  1.50085e-08,  2.20217e-09,
00:01:13,     73841,   260.2734,  6.44023e-09,  4.88695e-09,  7.71013e-09,  1.25651e-08,  1.27065e-09,  1.36374e-09,  3.32282e-09,  1.50085e-08,  2.20217e-09,
00:01:14,     74446,   262.3890,  6.21789e-09,  5.08152e-09,  7.71013e-09,  1.22857e-08,  1.36847e-09,  1.47750e-09,  3.02935e-09,  1.45893e-08,  2.20217e-09,
00:01:15,     75051,   265.0336,  6.66255e-09,  4.78912e-09,  6.94928e-09,  1.28447e-08,  1.36847e-09,  1.25000e-09,  2.93152e-09,  1.41009e-08,  2.54125e-09,
00:01:15,     75656,   267.2814,  5.10868e-09,  5.08152e-09,  7.16667e-09,  1.25651e-08,  1.07500e-09,  1.36374e-09,  3.22500e-09,  1.40310e-08,  2.54125e-09,
00:01:16,     76261,   269.5292,  5.99800e-09,  4.88695e-09,  7.05797e-09,  1.20993e-08,  1.07500e-09,  1.36374e-09,  3.12717e-09,  1.38214e-08,  2.37170e-09,
00:01:16,     76866,   271.6449,  5.77568e-09,  4.49565e-09,  6.84058e-09,  1.20993e-08,  1.07500e-09,  1.25000e-09,  2.93152e-09,  1.35426e-08,  2.03262e-09,
00:01:17,     77471,   274.2894,  6.22034e-09,  4.49565e-09,  6.73189e-09,  1.21925e-08,  1.27065e-09,  1.13625e-09,  3.12717e-09,  1.33331e-08,  2.20217e-09,
00:01:18,     78076,   276.6695,  5.55334e-09,  4.20217e-09,  6.51569e-09,  1.19130e-08,  9.77175e-10,  1.36374e-09,  2.83370e-09,  1.31234e-08,  1.86308e-09,
00:01:18,     78681,   279.0495,  6.66255e-09,  4.98370e-09,  6.51569e-09,  1.20993e-08,  1.07500e-09,  1.25000e-09,  2.73695e-09,  1.31933e-08,  2.03262e-09,
00:01:19,     79286,   281.4296,  5.77568e-09,  4.59347e-09,  6.29830e-09,  1.23789e-08,  1.17282e-09,  1.13625e-09,  3.22500e-09,  1.31933e-08,  2.20217e-09,
00:01:19,     79891,   283.9419,  5.99800e-09,  4.39782e-09,  6.08091e-09,  1.19130e-08,  1.17282e-09,  1.36374e-09,  2.83370e-09,  1.30536e-08,  2.03262e-09,
00:01:20,     80496,   286.4542,  5.55334e-09,  4.10435e-09,  6.18961e-09,  1.17277e-08,  9.77175e-10,  1.36374e-09,  2.83370e-09,  1.30536e-08,  2.03262e-09,
00:01:21,     81101,   288.8342,  6.66255e-09,  4.39782e-09,  6.29830e-09,  1.20993e-08,  1.17282e-09,  1.36374e-09,  2.63912e-09,  1.25652e-08,  1.86308e-09,
00:01:21,     81706,   291.6110,  6.22034e-09,  4.20217e-09,  5.75483e-09,  1.18209e-08,  1.07500e-09,  1.36374e-09,  2.44347e-09,  1.25652e-08,  2.03262e-09,
00:01:22,     82311,   293.9911,  5.55334e-09,  4.10435e-09,  5.86352e-09,  1.18209e-08,  1.17282e-09,  1.25000e-09,  2.93152e-09,  1.27049e-08,  1.86308e-09,
00:01:22,     82916,   296.3711,  5.99800e-09,  4.00652e-09,  5.64613e-09,  1.16346e-08,  1.07500e-09,  1.25000e-09,  2.44347e-09,  1.20761e-08,  1.86308e-09,
00:01:23,     83521,   298.7512,  5.55334e-09,  4.39782e-09,  5.86352e-09,  1.18209e-08,  9.77175e-10,  1.25000e-09,  2.44347e-09,  1.26351e-08,  2.20217e-09,
00:01:24,     84126,   300.9991,  5.77568e-09,  4.00652e-09,  5.53744e-09,  1.17277e-08,  1.07500e-09,  1.47750e-09,  2.54130e-09,  1.23556e-08,  1.86308e-09,
00:01:24,     84731,   303.5113,  6.44023e-09,  3.90870e-09,  5.75483e-09,  1.10755e-08,  8.79350e-10,  1.13625e-09,  2.54130e-09,  1.25652e-08,  2.03262e-09,
00:01:25,     85336,   305.7592,  4.88636e-09,  3.71412e-09,  5.21256e-09,  1.09824e-08,  1.07500e-09,  1.25000e-09,  2.34565e-09,  1.30536e-08,  1.69354e-09,
00:01:25,     85941,   308.4037,  5.77568e-09,  4.00652e-09,  5.86352e-09,  1.15413e-08,  9.77175e-10,  1.13625e-09,  2.63912e-09,  1.28439e-08,  1.69354e-09,
00:01:26,     86546,   310.6516,  5.77568e-09,  3.81195e-09,  5.42874e-09,  1.17277e-08,  9.77175e-10,  1.47750e-09,  2.34565e-09,  1.32631e-08,  1.69354e-09,
00:01:27,     87151,   313.1639,  5.77568e-09,  3.71412e-09,  5.53744e-09,  1.13550e-08,  1.17282e-09,  1.25000e-09,  2.73695e-09,  1.31933e-08,  1.69354e-09,
00:01:27,     87756,   315.8084,  5.99800e-09,  3.90870e-09,  5.10386e-09,  1.18209e-08,  9.77175e-10,  1.36374e-09,  2.73587e-09,  1.29138e-08,  1.86308e-09,
00:01:28,     88361,   317.9240,  5.99800e-09,  3.81195e-09,  5.53744e-09,  1.16346e-08,  1.27065e-09,  1.13625e-09,  2.83370e-09,  1.32631e-08,  1.69354e-09,
00:01:28,     88966,   320.3041,  5.99800e-09,  3.71412e-09,  5.64613e-09,  1.19140e-08,  1.07500e-09,  1.13625e-09,  2.73695e-09,  1.36816e-08,  2.03262e-09,
00:01:29,     89571,   322.8164,  5.55334e-09,  3.81195e-09,  5.53863e-09,  1.13550e-08,  1.07500e-09,  1.13625e-09,  3.02935e-09,  1.39611e-08,  2.03262e-09,
00:01:30,     90176,   325.1965,  6.22034e-09,  3.51847e-09,  5.32124e-09,  1.17277e-08,  9.77175e-10,  1.13625e-09,  3.02935e-09,  1.35426e-08,  1.86308e-09,
00:01:30,     90781,   327.5765,  5.33102e-09,  3.81195e-09,  5.42994e-09,  1.15413e-08,  1.17282e-09,  1.02250e-09,  3.32282e-09,  1.38214e-08,  2.37170e-09,
00:01:31,     91386,   330.2210,  5.99800e-09,  3.90977e-09,  5.42994e-09,  1.18209e-08,  8.79350e-10,  1.02250e-09,  2.93152e-09,  1.36126e-08,  2.20217e-09,
00:01:31,     91991,   332.6011,  5.99800e-09,  3.90977e-09,  5.53744e-09,  1.12619e-08,  8.79350e-10,  1.13625e-09,  3.12717e-09,  1.34728e-08,  2.37170e-09,
00:01:32,     92596,   334.9812,  6.44266e-09,  3.90977e-09,  5.64613e-09,  1.13550e-08,  9.77175e-10,  1.13625e-09,  3.22500e-09,  1.38214e-08,  2.37170e-09,
00:01:33,     93201,   337.4935,  5.77568e-09,  3.81195e-09,  5.21256e-09,  1.17277e-08,  9.77175e-10,  1.36374e-09,  3.42065e-09,  1.31234e-08,  2.03262e-09,
00:01:33,     93806,   340.0058,  6.22034e-09,  3.90870e-09,  5.64613e-09,  1.14482e-08,  1.07500e-09,  1.25000e-09,  3.51847e-09,  1.34728e-08,  2.20217e-09,
00:01:34,     94411,   342.3859,  5.99800e-09,  4.10435e-09,  5.53744e-09,  1.11687e-08,  1.17282e-09,  1.25000e-09,  3.61630e-09,  1.34728e-08,  2.20217e-09,
00:01:35,     95016,   344.8981,  5.99800e-09,  3.90870e-09,  5.32124e-09,  1.09824e-08,  1.17282e-09,  1.13625e-09,  3.71412e-09,  1.34029e-08,  2.37170e-09,
00:01:35,     95621,   347.1460,  5.99800e-09,  4.00652e-09,  5.53744e-09,  1.13550e-08,  1.27065e-09,  1.36374e-09,  3.81195e-09,  1.31933e-08,  2.71078e-09,
00:01:36,     96226,   349.5260,  5.99800e-09,  4.00652e-09,  5.86352e-09,  1.17277e-08,  1.27065e-09,  1.36374e-09,  3.90870e-09,  1.36118e-08,  2.54125e-09,
00:01:36,     96831,   351.7739,  5.77568e-09,  4.00652e-09,  5.75483e-09,  1.16346e-08,  9.77175e-10,  1.36374e-09,  4.20217e-09,  1.38214e-08,  2.88033e-09,
00:01:37,     97436,   354.2862,  5.99800e-09,  4.39782e-09,  5.75483e-09,  1.20062e-08,  1.27065e-09,  1.13625e-09,  4.49565e-09,  1.45893e-08,  3.38709e-09,
00:01:38,     98041,   356.9307,  4.66402e-09,  4.30000e-09,  5.86352e-09,  1.19130e-08,  1.17282e-09,  1.02250e-09,  4.78912e-09,  1.47989e-08,  3.04801e-09,
00:01:38,     98646,   359.4430,  5.77568e-09,  4.30000e-09,  5.75483e-09,  1.17277e-08,  1.17282e-09,  1.25000e-09,  4.88695e-09,  1.50776e-08,  3.04801e-09,
00:01:39,     99251,   361.9553,  5.99800e-09,  4.10435e-09,  6.18961e-09,  1.20993e-08,  1.27065e-09,  1.36374e-09,  5.08152e-09,  1.57065e-08,  3.21754e-09,
00:01:39,     99856,   364.0709,  5.99800e-09,  4.88695e-09,  6.18961e-09,  1.23789e-08,  1.46630e-09,  1.25000e-09,  5.86412e-09,  1.59852e-08,  3.55662e-09,
00:01:40,    100461,   366.7155,  5.99800e-09,  5.17935e-09,  6.18961e-09,  1.17277e-08,  1.27065e-09,  1.36374e-09,  6.15652e-09,  1.65442e-08,  4.06525e-09,
00:01:41,    101066,   369.2278,  5.33102e-09,  4.98370e-09,  6.18961e-09,  1.22857e-08,  1.66195e-09,  1.13625e-09,  6.64565e-09,  1.70326e-08,  4.06525e-09,
00:01:41,    101671,   371.4756,  5.99800e-09,  5.17935e-09,  5.97222e-09,  1.26584e-08,  1.66195e-09,  1.36374e-09,  7.13370e-09,  1.71024e-08,  4.23478e-09,
00:01:42,    102276,   373.9879,  6.88489e-09,  5.76630e-09,  6.40700e-09,  1.28447e-08,  1.66195e-09,  1.36374e-09,  7.42717e-09,  1.75908e-08,  5.25017e-09,
00:01:42,    102881,   376.1035,  6.44023e-09,  5.86412e-09,  6.40700e-09,  1.30300e-08,  1.95435e-09,  1.25000e-09,  8.40435e-09,  1.84984e-08,  5.41971e-09,
00:01:43,    103486,   378.7480,  5.99800e-09,  6.45000e-09,  6.18961e-09,  1.32163e-08,  1.95435e-09,  1.36374e-09,  9.08913e-09,  1.90566e-08,  5.92834e-09,
00:01:44,    104091,   381.2603,  7.10720e-09,  6.64565e-09,  6.84058e-09,  1.38674e-08,  2.15000e-09,  1.13625e-09,  1.00663e-08,  2.01739e-08,  6.26742e-09,
00:01:44,    104696,   383.6404,  5.99800e-09,  7.23152e-09,  6.62439e-09,  1.43333e-08,  2.05217e-09,  1.25000e-09,  1.13369e-08,  2.05225e-08,  7.11326e-09,
00:01:45,    105301,   386.0205,  6.88489e-09,  7.62282e-09,  7.16667e-09,  1.52639e-08,  2.44347e-09,  1.13625e-09,  1.28021e-08,  2.21979e-08,  8.46958e-09,
00:01:45,    105906,   388.5328,  6.44023e-09,  7.91630e-09,  6.94928e-09,  1.61946e-08,  2.63912e-09,  1.25000e-09,  1.47565e-08,  2.31754e-08,  9.31542e-09,
00:01:46,    106511,   390.6484,  5.99800e-09,  8.89348e-09,  7.38406e-09,  1.72184e-08,  2.73695e-09,  1.13625e-09,  1.66141e-08,  2.47111e-08,  1.06699e-08,
00:01:47,    107116,   393.2929,  6.44266e-09,  9.96848e-09,  7.27536e-09,  1.89875e-08,  3.12717e-09,  1.25000e-09,  1.88619e-08,  2.63167e-08,  1.25330e-08,
00:01:47,    107721,   395.9374,  6.88489e-09,  1.06521e-08,  7.38406e-09,  2.03830e-08,  3.71412e-09,  1.25000e-09,  2.07184e-08,  2.84107e-08,  1.40588e-08,
00:01:48,    108326,   398.1853,  6.88489e-09,  1.12391e-08,  8.25241e-09,  2.27101e-08,  4.10435e-09,  1.25000e-09,  2.36500e-08,  3.12725e-08,  1.67678e-08,
00:01:48,    108931,   400.6976,  6.44266e-09,  1.29000e-08,  8.90458e-09,  2.60610e-08,  4.20217e-09,  1.13625e-09,  2.65815e-08,  3.30877e-08,  1.89698e-08,
00:01:49,    109536,   402.8132,  6.88489e-09,  1.36815e-08,  9.01328e-09,  2.88530e-08,  5.27717e-09,  1.36374e-09,  2.80478e-08,  3.46933e-08,  2.15111e-08,
00:01:50,    110141,   405.3255,  7.55186e-09,  1.55391e-08,  9.33817e-09,  3.28550e-08,  5.57065e-09,  1.13625e-09,  2.91228e-08,  3.63688e-08,  2.38809e-08,
00:01:50,    110746,   407.8378,  6.66255e-09,  1.55391e-08,  9.99033e-09,  3.70434e-08,  5.37500e-09,  1.02250e-09,  2.85369e-08,  3.76949e-08,  2.28655e-08,
00:01:51,    111351,   410.2179,  7.10720e-09,  1.60271e-08,  9.99033e-09,  4.24420e-08,  5.27717e-09,  1.25000e-09,  2.71684e-08,  3.76250e-08,  2.11721e-08,
00:01:51,    111956,   412.9946,  6.66255e-09,  1.48543e-08,  9.66426e-09,  4.79327e-08,  4.78912e-09,  1.25000e-09,  2.46271e-08,  3.65085e-08,  1.77830e-08,
00:01:52,    112561,   415.1102,  7.99652e-09,  1.42684e-08,  9.55556e-09,  4.98871e-08,  4.59347e-09,  1.13625e-09,  2.07184e-08,  3.52516e-08,  1.69373e-08,
00:01:53,    113166,   417.4903,  7.55186e-09,  1.32913e-08,  8.90458e-09,  5.23074e-08,  4.00652e-09,  1.25000e-09,  1.72000e-08,  3.30179e-08,  1.28720e-08,
00:01:53,    113771,   419.8704,  7.77420e-09,  1.17271e-08,  8.36111e-09,  5.58447e-08,  3.71412e-09,  1.36374e-09,  1.33891e-08,  3.16918e-08,  1.06699e-08,
00:01:54,    114376,   422.2505,  7.55186e-09,  1.06521e-08,  8.03502e-09,  5.59369e-08,  3.32282e-09,  1.13625e-09,  1.13369e-08,  2.93183e-08,  8.46958e-09,
00:01:54,    114981,   424.6305,  8.66352e-09,  9.38153e-09,  7.81883e-09,  5.74265e-08,  2.93152e-09,  1.25000e-09,  8.60000e-09,  2.65955e-08,  6.09787e-09,
00:01:55,    115586,   427.1428,  7.55186e-09,  8.60000e-09,  7.05797e-09,  5.81708e-08,  2.34565e-09,  1.25000e-09,  6.84130e-09,  2.40831e-08,  5.08062e-09,
00:01:56,    116191,   429.5229,  7.55186e-09,  8.20870e-09,  6.94928e-09,  6.01252e-08,  2.44347e-09,  1.25000e-09,  5.57065e-09,  2.24774e-08,  4.23478e-09,
00:01:56,    116796,   432.0352,  7.77420e-09,  7.42717e-09,  6.40700e-09,  6.06843e-08,  2.24782e-09,  1.02250e-09,  4.69130e-09,  2.04534e-08,  3.72617e-09,
00:01:57,    117401,   434.4152,  7.32955e-09,  6.84130e-09,  6.84058e-09,  6.25455e-08,  2.05217e-09,  1.02250e-09,  4.20217e-09,  1.92663e-08,  3.38709e-09,
00:01:58,    118006,   437.0598,  7.77420e-09,  6.45000e-09,  6.18961e-09,  6.37557e-08,  1.85652e-09,  1.13625e-09,  3.71412e-09,  1.81491e-08,  2.54125e-09,
00:01:58,    118611,   439.0432,  7.77420e-09,  6.05977e-09,  6.18961e-09,  6.52443e-08,  2.05217e-09,  1.25000e-09,  3.61630e-09,  1.74511e-08,  2.20217e-09,
00:01:59,    119216,   442.0844,  8.44118e-09,  5.86412e-09,  5.86352e-09,  6.62681e-08,  2.05217e-09,  1.02250e-09,  3.32282e-09,  1.66134e-08,  2.37170e-09,
00:01:59,    119821,   444.4644,  8.44118e-09,  5.27717e-09,  6.18961e-09,  6.61750e-08,  1.95435e-09,  1.25000e-09,  3.22500e-09,  1.56366e-08,  2.37170e-09,
00:02:00,    120426,   446.5801,  7.99652e-09,  5.17935e-09,  5.86352e-09,  6.65476e-08,  1.75977e-09,  1.13625e-09,  2.73587e-09,  1.49386e-08,  1.86308e-09,
00:02:01,    121031,   449.0924,  7.55186e-09,  4.88695e-09,  5.64613e-09,  6.53374e-08,  1.85760e-09,  1.02250e-09,  2.93152e-09,  1.45194e-08,  2.20217e-09,
00:02:01,    121636,   451.4724,  7.77420e-09,  4.69130e-09,  5.53744e-09,  6.41273e-08,  1.75870e-09,  1.13625e-09,  2.73695e-09,  1.40310e-08,  2.03262e-09,
00:02:02,    122241,   453.8525,  7.55186e-09,  4.59347e-09,  5.75483e-09,  6.36625e-08,  1.85652e-09,  1.13625e-09,  2.93152e-09,  1.41009e-08,  1.69354e-09,
00:02:02,    122846,   456.2326,  7.55186e-09,  4.49565e-09,  5.42994e-09,  6.22660e-08,  1.75870e-09,  9.08750e-10,  2.44347e-09,  1.35426e-08,  1.86308e-09,
00:02:03,    123451,   458.8771,  6.66255e-09,  4.20217e-09,  5.97222e-09,  6.04048e-08,  1.85652e-09,  9.08750e-10,  2.54130e-09,  1.28439e-08,  2.03262e-09,
00:02:04,    124056,   461.1249,  7.32955e-09,  4.20217e-09,  5.42994e-09,  5.99399e-08,  1.66195e-09,  1.13625e-09,  2.44347e-09,  1.31234e-08,  1.52400e-09,
00:02:04,    124661,   463.3728,  7.55186e-09,  4.00652e-09,  5.53744e-09,  5.74265e-08,  1.46630e-09,  1.02250e-09,  2.34565e-09,  1.26351e-08,  1.69354e-09,
00:02:05,    125266,   466.0173,  7.10720e-09,  4.00652e-09,  5.64613e-09,  5.78923e-08,  1.56412e-09,  1.25000e-09,  2.44347e-09,  1.22158e-08,  1.69354e-09,
00:02:05,    125871,   468.5296,  7.55186e-09,  4.00652e-09,  5.53744e-09,  5.49130e-08,  1.36847e-09,  1.13625e-09,  2.34565e-09,  1.20761e-08,  1.52400e-09,
00:02:06,    126476,   471.0419,  7.77420e-09,  3.81195e-09,  5.32124e-09,  5.38892e-08,  1.36847e-09,  1.13625e-09,  2.15000e-09,  1.19371e-08,  1.52400e-09,
00:02:07,    127081,   473.2898,  6.88489e-09,  3.81195e-09,  5.21256e-09,  5.14700e-08,  1.56412e-09,  1.13625e-09,  2.24782e-09,  1.15877e-08,  1.35446e-09,
00:02:07,    127686,   475.8021,  7.55186e-09,  3.71412e-09,  5.53744e-09,  4.81190e-08,  1.36847e-09,  1.25000e-09,  1.95435e-09,  1.08199e-08,  1.52400e-09,
00:02:08,    128291,   478.3144,  6.44266e-09,  3.81195e-09,  5.32124e-09,  4.57919e-08,  1.56412e-09,  1.02250e-09,  2.05217e-09,  1.10295e-08,  1.35446e-09,
00:02:08,    128896,   480.4300,  7.99652e-09,  3.42065e-09,  4.99517e-09,  4.14182e-08,  1.56412e-09,  1.13625e-09,  2.15000e-09,  1.13082e-08,  1.35633e-09,
00:02:09,    129501,   483.0745,  7.32955e-09,  3.71412e-09,  5.10386e-09,  3.92774e-08,  1.36847e-09,  1.13625e-09,  2.34565e-09,  1.06102e-08,  1.52400e-09,
00:02:10,    130106,   485.4546,  7.32955e-09,  3.42065e-09,  5.32124e-09,  3.58333e-08,  1.17282e-09,  1.13625e-09,  2.05217e-09,  1.04014e-08,  1.52400e-09,
00:02:10,    130711,   487.8346,  7.32955e-09,  3.61630e-09,  5.10386e-09,  3.24824e-08,  1.07500e-09,  1.02250e-09,  1.95435e-09,  1.04014e-08,  1.69354e-09,
00:02:11,    131316,   490.3469,  6.88489e-09,  3.51847e-09,  5.10386e-09,  2.95041e-08,  1.07500e-09,  1.13625e-09,  2.15000e-09,  1.03315e-08,  1.35446e-09,
00:02:11,    131921,   492.5948,  7.32955e-09,  3.32282e-09,  4.88647e-09,  2.68053e-08,  1.17282e-09,  1.13625e-09,  2.15000e-09,  1.00520e-08,  1.52400e-09,
00:02:12,    132526,   495.1071,  6.66255e-09,  3.42065e-09,  5.32124e-09,  2.50372e-08,  9.77175e-10,  1.13625e-09,  1.95435e-09,  9.98214e-09,  1.18492e-09,
00:02:13,    133131,   497.6194,  7.10720e-09,  3.42065e-09,  4.88647e-09,  2.30828e-08,  8.79350e-10,  9.08750e-10,  1.95435e-09,  9.70264e-09,  1.01538e-09,
00:02:13,    133736,   499.9994,  6.66255e-09,  3.12717e-09,  5.21256e-09,  2.14068e-08,  9.77175e-10,  1.13625e-09,  1.95435e-09,  9.70264e-09,  1.35446e-09,
00:02:14,    134341,   502.6439,  7.10720e-09,  3.42065e-09,  4.99517e-09,  1.97318e-08,  7.81525e-10,  1.13625e-09,  2.05217e-09,  9.56364e-09,  1.18492e-09,
00:02:14,    134946,   504.7596,  6.88489e-09,  3.12717e-09,  5.10386e-09,  1.88012e-08,  9.77175e-10,  9.08750e-10,  1.75870e-09,  1.00520e-08,  1.01724e-09,
00:02:15,    135551,   507.5363,  7.10720e-09,  3.12717e-09,  4.99517e-09,  1.80569e-08,  7.81525e-10,  1.13625e-09,  1.95435e-09,  9.56364e-09,  1.01724e-09,
00:02:16,    136156,   509.5197,  7.32955e-09,  2.83370e-09,  5.10386e-09,  1.67536e-08,  1.07500e-09,  1.02250e-09,  1.66087e-09,  8.86564e-09,  1.35446e-09,
00:02:16,    136761,   512.0320,  7.10720e-09,  3.22500e-09,  5.21256e-09,  1.61014e-08,  8.79350e-10,  9.08750e-10,  1.95435e-09,  9.35400e-09,  1.35446e-09,
00:02:17,    137366,   514.2799,  7.32955e-09,  3.12717e-09,  4.88647e-09,  1.54503e-08,  8.79350e-10,  1.02250e-09,  1.66195e-09,  9.07450e-09,  1.18679e-09,
00:02:17,    137971,   517.3211,  6.66255e-09,  2.93152e-09,  4.99517e-09,  1.50776e-08,  8.79350e-10,  1.02250e-09,  1.75977e-09,  9.21429e-09,  1.18492e-09,
00:02:18,    138576,   519.7011,  6.88489e-09,  2.93152e-09,  4.99517e-09,  1.45196e-08,  8.79350e-10,  1.13625e-09,  2.05217e-09,  8.93479e-09,  1.35446e-09,
00:02:19,    139181,   521.9490,  6.88489e-09,  2.83370e-09,  4.99517e-09,  1.51708e-08,  9.77175e-10,  1.47750e-09,  1.85652e-09,  8.65600e-09,  1.18492e-09,
00:02:19,    139786,   524.4613,  7.10720e-09,  3.22500e-09,  4.88647e-09,  1.41470e-08,  5.85875e-10,  1.25000e-09,  1.85652e-09,  8.65600e-09,  1.18492e-09,
00:02:20,    140391,   526.7091,  6.66255e-09,  2.93152e-09,  4.77778e-09,  1.34958e-08,  7.81525e-10,  1.25000e-09,  1.85652e-09,  8.72593e-09,  8.47704e-10,
00:02:20,    140996,   529.2214,  6.44266e-09,  3.02935e-09,  4.99517e-09,  1.37753e-08,  6.83700e-10,  1.02250e-09,  1.75870e-09,  8.93479e-09,  1.18492e-09,
00:02:21,    141601,   531.6015,  7.10720e-09,  2.93152e-09,  5.10386e-09,  1.35890e-08,  7.81525e-10,  1.13625e-09,  1.95435e-09,  8.93479e-09,  1.01724e-09,
00:02:22,    142206,   534.1138,  6.22034e-09,  3.12717e-09,  4.88647e-09,  1.34027e-08,  9.77175e-10,  1.13625e-09,  1.85652e-09,  8.86564e-09,  1.01724e-09,
00:02:22,    142811,   536.6261,  6.88489e-09,  3.12717e-09,  4.99517e-09,  1.29378e-08,  9.77175e-10,  1.13625e-09,  1.46630e-09,  8.72593e-09,  1.01724e-09,
00:02:23,    143416,   539.0061,  7.10720e-09,  2.63912e-09,  5.21256e-09,  1.28447e-08,  8.79350e-10,  7.95000e-10,  1.75870e-09,  8.44643e-09,  1.01724e-09,
00:02:24,    144021,   541.1218,  6.88489e-09,  3.02935e-09,  4.99517e-09,  1.29378e-08,  8.79350e-10,  1.13625e-09,  1.85652e-09,  8.23679e-09,  1.35446e-09,
00:02:24,    144626,   543.6341,  7.32955e-09,  2.63912e-09,  5.21256e-09,  1.28447e-08,  7.81525e-10,  1.13625e-09,  1.75977e-09,  8.37650e-09,  1.18492e-09,
00:02:25,    145231,   546.1464,  7.32955e-09,  3.02935e-09,  4.99517e-09,  1.23789e-08,  6.83700e-10,  9.08750e-10,  1.85652e-09,  8.51629e-09,  1.18492e-09,
00:02:25,    145836,   548.3942,  7.32955e-09,  2.93152e-09,  4.99517e-09,  1.23789e-08,  9.77175e-10,  1.02250e-09,  2.05217e-09,  8.30664e-09,  1.01724e-09,
00:02:26,    146441,   551.0387,  6.44266e-09,  2.83370e-09,  4.88647e-09,  1.20993e-08,  6.83700e-10,  1.13625e-09,  1.85652e-09,  8.44643e-09,  1.18492e-09,
00:02:27,    147046,   553.4188,  6.66255e-09,  2.83370e-09,  4.56039e-09,  1.22857e-08,  8.79350e-10,  1.13625e-09,  1.85652e-09,  8.23679e-09,  1.01724e-09,
00:02:27,    147651,   555.9311,  7.10720e-09,  3.12717e-09,  4.77778e-09,  1.24720e-08,  8.79350e-10,  1.13625e-09,  1.85652e-09,  8.02793e-09,  1.18679e-09,
00:02:28,    148256,   558.1789,  6.88489e-09,  2.83370e-09,  4.88647e-09,  1.20993e-08,  9.77175e-10,  1.25000e-09,  1.85652e-09,  8.30664e-09,  1.18679e-09,
00:02:28,    148861,   560.4268,  6.21789e-09,  2.93152e-09,  4.99517e-09,  1.20062e-08,  7.81525e-10,  1.13625e-09,  1.95435e-09,  8.30664e-09,  1.01724e-09,
00:02:29,    149466,   563.0713,  5.99800e-09,  2.44347e-09,  4.88647e-09,  1.23789e-08,  5.86950e-10,  1.02250e-09,  1.95435e-09,  8.09779e-09,  1.18679e-09,
00:02:30,    150071,   565.5836,  6.44023e-09,  2.54130e-09,  4.77778e-09,  1.23789e-08,  7.81525e-10,  1.13625e-09,  1.75870e-09,  8.30664e-09,  1.18492e-09,
00:02:30,    150676,   567.8314,  6.21789e-09,  2.93152e-09,  4.88647e-09,  1.20993e-08,  8.79350e-10,  1.13625e-09,  2.15000e-09,  7.95807e-09,  1.01724e-09,
00:02:31,    151281,   570.3438,  6.22034e-09,  2.63912e-09,  5.21256e-09,  1.22857e-08,  7.81525e-10,  9.08750e-10,  1.95435e-09,  8.02793e-09,  1.18679e-09,
00:02:31,    151886,   572.9882,  6.44266e-09,  2.93152e-09,  4.77778e-09,  1.20062e-08,  6.83700e-10,  1.13625e-09,  1.85652e-09,  8.16693e-09,  8.47704e-10,
00:02:32,    152491,   575.2361,  6.88489e-09,  2.93152e-09,  4.66908e-09,  1.20062e-08,  9.77175e-10,  1.02250e-09,  1.85652e-09,  8.16693e-09,  1.18492e-09,
00:02:33,    153096,   577.6162,  6.44266e-09,  2.73695e-09,  4.45169e-09,  1.20062e-08,  6.83700e-10,  1.13625e-09,  2.05217e-09,  7.95807e-09,  1.18492e-09,
00:02:33,    153701,   580.1285,  6.66255e-09,  2.93152e-09,  4.77778e-09,  1.15413e-08,  8.79350e-10,  1.13625e-09,  2.24782e-09,  8.23679e-09,  1.01538e-09,
00:02:34,    154306,   582.3763,  5.99800e-09,  2.63912e-09,  4.66908e-09,  1.20993e-08,  8.79350e-10,  1.02250e-09,  1.85652e-09,  8.09779e-09,  1.35446e-09,
00:02:34,    154911,   584.6242,  6.88489e-09,  2.93152e-09,  4.56039e-09,  1.20993e-08,  7.81525e-10,  1.13625e-09,  2.05217e-09,  8.30664e-09,  1.18679e-09,
00:02:35,    155516,   587.4009,  6.66255e-09,  2.73695e-09,  4.56039e-09,  1.21925e-08,  8.79350e-10,  1.25000e-09,  2.24782e-09,  7.95807e-09,  1.18679e-09,
00:02:36,    156121,   589.9132,  6.22034e-09,  3.12717e-09,  4.23550e-09,  1.20993e-08,  8.79350e-10,  1.13625e-09,  2.15000e-09,  8.23679e-09,  1.35446e-09,
00:02:36,    156726,   592.1611,  6.44023e-09,  2.83370e-09,  4.56039e-09,  1.18209e-08,  8.79350e-10,  1.13625e-09,  2.34565e-09,  8.09779e-09,  1.35446e-09,
00:02:37,    157331,   594.5412,  6.44023e-09,  2.83477e-09,  4.66908e-09,  1.21925e-08,  7.81525e-10,  9.08750e-10,  2.34565e-09,  7.88814e-09,  1.18492e-09,
00:02:37,    157936,   596.7890,  6.44023e-09,  3.22500e-09,  4.77778e-09,  1.18209e-08,  8.79350e-10,  1.13625e-09,  2.44347e-09,  8.37650e-09,  1.18492e-09,
00:02:38,    158541,   599.4335,  6.44023e-09,  2.93152e-09,  4.88647e-09,  1.18198e-08,  9.77175e-10,  1.02250e-09,  2.44347e-09,  8.16764e-09,  1.35446e-09,
00:02:39,    159146,   601.9458,  6.44023e-09,  2.63912e-09,  4.77778e-09,  1.17277e-08,  7.81525e-10,  1.13625e-09,  2.73695e-09,  8.51629e-09,  1.52400e-09,
00:02:39,    159751,   604.4581,  6.66255e-09,  3.02935e-09,  4.66908e-09,  1.16346e-08,  8.79350e-10,  9.08750e-10,  2.44347e-09,  8.16693e-09,  1.69354e-09,
00:02:40,    160356,   606.5737,  6.22034e-09,  2.93152e-09,  4.56039e-09,  1.19130e-08,  8.79350e-10,  9.08750e-10,  2.83477e-09,  8.37650e-09,  1.18492e-09,
00:02:40,    160961,   609.3505,  6.66255e-09,  2.93152e-09,  4.66908e-09,  1.17277e-08,  7.81525e-10,  1.02250e-09,  2.63912e-09,  8.58614e-09,  1.52400e-09,
00:02:41,    161566,   611.3339,  6.66255e-09,  3.32282e-09,  4.77778e-09,  1.19130e-08,  1.07500e-09,  1.13625e-09,  2.54130e-09,  8.30664e-09,  1.35446e-09,
00:02:42,    162171,   614.1106,  6.44023e-09,  3.42065e-09,  4.88647e-09,  1.17277e-08,  7.81525e-10,  1.02250e-09,  2.93152e-09,  8.30664e-09,  1.52400e-09,
00:02:42,    162776,   616.6229,  6.88489e-09,  3.22500e-09,  4.34300e-09,  1.19140e-08,  7.81525e-10,  9.08750e-10,  2.83370e-09,  8.72593e-09,  1.86308e-09,
00:02:43,    163381,   619.0030,  6.21789e-09,  3.02935e-09,  4.66908e-09,  1.14482e-08,  1.07500e-09,  9.08750e-10,  3.02935e-09,  8.58614e-09,  1.52400e-09,
00:02:43,    163986,   621.5153,  6.22034e-09,  3.22500e-09,  4.56039e-09,  1.23789e-08,  1.07500e-09,  1.02250e-09,  3.22500e-09,  8.65600e-09,  1.35446e-09,
00:02:44,    164591,   623.7631,  6.88489e-09,  3.12717e-09,  4.88647e-09,  1.18209e-08,  6.83700e-10,  1.02250e-09,  3.32282e-09,  8.65600e-09,  1.86308e-09,
00:02:45,    165196,   626.0109,  5.77568e-09,  3.32282e-09,  4.77778e-09,  1.19130e-08,  1.07500e-09,  1.25000e-09,  3.42065e-09,  8.65600e-09,  1.86308e-09,
00:02:45,    165801,   628.6555,  6.22034e-09,  3.32282e-09,  4.88647e-09,  1.15413e-08,  9.77175e-10,  1.02250e-09,  3.42065e-09,  8.79579e-09,  1.52400e-09,
00:02:46,    166406,   631.1678,  5.77568e-09,  3.32282e-09,  4.99517e-09,  1.20062e-08,  9.77175e-10,  9.08750e-10,  3.61630e-09,  8.58614e-09,  1.52400e-09,
00:02:47,    167011,   633.5479,  6.66255e-09,  3.12717e-09,  4.56039e-09,  1.16346e-08,  1.07500e-09,  1.02250e-09,  3.90977e-09,  8.93479e-09,  1.86308e-09,
00:02:47,    167616,   635.7957,  5.99800e-09,  3.71412e-09,  4.66908e-09,  1.17277e-08,  1.17282e-09,  1.13625e-09,  3.90870e-09,  8.93479e-09,  2.37170e-09,
00:02:48,    168221,   638.1757,  6.66255e-09,  3.32282e-09,  4.77778e-09,  1.20062e-08,  1.07500e-09,  1.13625e-09,  4.20217e-09,  9.35400e-09,  1.86308e-09,
00:02:48,    168826,   640.4236,  6.88489e-09,  3.51847e-09,  4.77778e-09,  1.23789e-08,  1.17282e-09,  1.02250e-09,  4.49565e-09,  9.42386e-09,  2.03262e-09,
00:02:49,    169431,   643.0681,  6.22034e-09,  3.71412e-09,  4.45169e-09,  1.22857e-08,  1.27065e-09,  1.02250e-09,  4.78912e-09,  9.63350e-09,  2.20217e-09,
00:02:50,    170036,   645.4482,  7.10720e-09,  3.71412e-09,  4.88647e-09,  1.27515e-08,  1.36847e-09,  1.13625e-09,  4.98477e-09,  9.70336e-09,  2.03262e-09,
00:02:50,    170641,   647.9605,  6.88489e-09,  3.71412e-09,  4.88647e-09,  1.24720e-08,  1.36847e-09,  1.13625e-09,  4.69130e-09,  9.21429e-09,  2.20217e-09,
00:02:51,    171246,   650.3406,  6.22034e-09,  3.90977e-09,  5.10386e-09,  1.26584e-08,  1.17282e-09,  1.02250e-09,  4.78912e-09,  9.70336e-09,  2.37170e-09,
00:02:51,    171851,   652.9851,  6.88489e-09,  4.00652e-09,  4.99517e-09,  1.24720e-08,  1.07500e-09,  1.25000e-09,  5.08152e-09,  9.77250e-09,  2.03262e-09,
00:02:52,    172456,   655.1007,  6.66255e-09,  4.10435e-09,  5.32124e-09,  1.24720e-08,  1.27065e-09,  1.02250e-09,  5.27717e-09,  9.77250e-09,  2.54125e-09,
00:02:53,    173061,   657.6130,  6.66255e-09,  4.20217e-09,  5.42994e-09,  1.23789e-08,  1.27065e-09,  7.95000e-10,  5.27717e-09,  9.98214e-09,  2.54125e-09,
00:02:53,    173666,   659.8609,  6.66255e-09,  4.39782e-09,  4.99517e-09,  1.26584e-08,  1.17282e-09,  9.08750e-10,  5.47282e-09,  1.03315e-08,  2.20217e-09,
00:02:54,    174271,   662.5054,  7.77420e-09,  4.20217e-09,  5.10386e-09,  1.25651e-08,  9.77175e-10,  1.02250e-09,  5.37500e-09,  1.04006e-08,  2.20217e-09,
00:02:54,    174876,   664.8855,  6.88489e-09,  4.20217e-09,  4.99517e-09,  1.26584e-08,  1.36847e-09,  1.13625e-09,  5.76630e-09,  1.01917e-08,  2.54125e-09,
00:02:55,    175481,   667.3977,  6.66255e-09,  4.10435e-09,  4.88647e-09,  1.28447e-08,  9.77175e-10,  1.25000e-09,  5.47282e-09,  9.98214e-09,  2.54125e-09,
00:02:56,    176086,   669.6456,  6.88489e-09,  4.30000e-09,  5.42994e-09,  1.23789e-08,  1.36847e-09,  1.13625e-09,  5.37500e-09,  1.02616e-08,  2.20217e-09,
00:02:56,    176691,   672.0257,  7.32955e-09,  3.90870e-09,  4.88647e-09,  1.25651e-08,  1.56412e-09,  1.13625e-09,  5.37500e-09,  1.04712e-08,  2.54125e-09,
00:02:57,    177296,   674.6702,  6.44023e-09,  4.49565e-09,  4.88647e-09,  1.26584e-08,  1.27065e-09,  9.08750e-10,  5.27717e-09,  1.04705e-08,  2.20217e-09,
00:02:57,    177901,   677.0503,  6.44023e-09,  4.39782e-09,  4.99517e-09,  1.23789e-08,  1.27065e-09,  1.02250e-09,  5.47282e-09,  1.06102e-08,  2.37170e-09,
00:02:58,    178506,   679.5626,  6.66255e-09,  4.39782e-09,  4.99517e-09,  1.31231e-08,  1.27065e-09,  1.13625e-09,  5.17935e-09,  1.06801e-08,  2.20217e-09,
00:02:59,    179111,   681.8104,  6.44023e-09,  4.30000e-09,  5.10386e-09,  1.26584e-08,  1.27065e-09,  7.95000e-10,  5.27717e-09,  9.84236e-09,  2.54125e-09,
00:02:59,    179716,   684.3227,  6.88489e-09,  4.00652e-09,  5.21256e-09,  1.29378e-08,  1.36847e-09,  9.08750e-10,  5.47282e-09,  1.04705e-08,  2.54125e-09,
00:03:00,    180321,   686.5705,  7.10720e-09,  4.00652e-09,  4.99517e-09,  1.28447e-08,  1.17282e-09,  1.02250e-09,  4.78912e-09,  1.00520e-08,  2.03262e-09,
00:03:00,    180926,   689.3473,  7.10720e-09,  4.30000e-09,  5.21256e-09,  1.21925e-08,  1.27065e-09,  9.08750e-10,  4.98370e-09,  1.01219e-08,  2.54125e-09,
00:03:01,    181531,   691.4629,  7.10720e-09,  4.30000e-09,  4.99517e-09,  1.28447e-08,  1.36847e-09,  1.13625e-09,  4.98370e-09,  1.01917e-08,  2.37170e-09,
00:03:02,    182136,   693.7108,  5.99800e-09,  4.20217e-09,  4.88647e-09,  1.31231e-08,  1.27065e-09,  9.08750e-10,  4.98370e-09,  1.00520e-08,  2.37170e-09,
00:03:02,    182741,   696.2230,  6.66255e-09,  4.30000e-09,  5.32124e-09,  1.25651e-08,  1.07500e-09,  1.02250e-09,  4.59347e-09,  9.70336e-09,  2.37170e-09,
00:03:03,    183346,   698.8676,  5.99800e-09,  4.00652e-09,  4.56039e-09,  1.29378e-08,  1.36847e-09,  9.08750e-10,  4.30000e-09,  9.84236e-09,  2.71078e-09,
00:03:03,    183951,   701.1154,  6.88489e-09,  4.20217e-09,  4.88647e-09,  1.27515e-08,  1.27065e-09,  1.02250e-09,  4.69130e-09,  9.84236e-09,  2.03262e-09,
00:03:04,    184556,   703.7600,  6.44023e-09,  3.81195e-09,  4.99517e-09,  1.29378e-08,  1.27065e-09,  1.02250e-09,  4.30000e-09,  1.00520e-08,  2.20217e-09,
00:03:05,    185161,   706.2722,  6.66255e-09,  4.20217e-09,  4.99517e-09,  1.22857e-08,  1.07500e-09,  9.08750e-10,  4.30000e-09,  9.70336e-09,  2.20217e-09,
00:03:05,    185766,   708.5201,  6.44266e-09,  4.20217e-09,  4.88647e-09,  1.29369e-08,  1.17282e-09,  1.02250e-09,  4.10435e-09,  9.21429e-09,  2.37170e-09,
00:03:06,    186371,   711.0324,  6.88489e-09,  4.00652e-09,  5.10386e-09,  1.26584e-08,  1.27065e-09,  1.36374e-09,  4.10435e-09,  9.84236e-09,  1.86308e-09,
00:03:06,    186976,   713.5447,  6.22034e-09,  3.90870e-09,  4.66908e-09,  1.25651e-08,  9.77175e-10,  7.95000e-10,  4.30000e-09,  9.77250e-09,  2.03262e-09,
00:03:07,    187581,   715.6603,  6.66255e-09,  3.81195e-09,  5.10386e-09,  1.21925e-08,  1.27065e-09,  1.13625e-09,  3.81087e-09,  9.42386e-09,  2.03262e-09,
00:03:08,    188186,   718.3048,  6.44266e-09,  3.90870e-09,  4.77778e-09,  1.20062e-08,  1.27065e-09,  9.08750e-10,  3.61630e-09,  9.70264e-09,  2.03262e-09,
00:03:08,    188791,   720.8171,  5.99800e-09,  3.71412e-09,  4.88647e-09,  1.23789e-08,  1.17282e-09,  1.02250e-09,  3.71412e-09,  9.56364e-09,  1.86308e-09,
00:03:09,    189396,   723.0650,  5.77568e-09,  3.81195e-09,  4.66908e-09,  1.24720e-08,  1.07500e-09,  1.13625e-09,  3.51847e-09,  9.63350e-09,  2.03262e-09,
00:03:10,    190001,   725.5772,  6.44023e-09,  3.61630e-09,  4.88647e-09,  1.20062e-08,  1.17282e-09,  1.02250e-09,  3.61630e-09,  9.14436e-09,  1.69354e-09,
00:03:10,    190606,   727.9574,  5.99800e-09,  3.61630e-09,  4.88647e-09,  1.18209e-08,  9.77175e-10,  1.02250e-09,  3.12717e-09,  8.65600e-09,  2.03262e-09,
00:03:11,    191211,   730.6018,  5.99800e-09,  3.42065e-09,  5.21256e-09,  1.22857e-08,  8.79350e-10,  1.02250e-09,  3.12717e-09,  8.93550e-09,  2.20217e-09,
00:03:11,    191816,   732.8497,  6.22034e-09,  3.71412e-09,  5.21256e-09,  1.18209e-08,  8.79350e-10,  1.13625e-09,  3.22500e-09,  8.72593e-09,  1.69354e-09,
00:03:12,    192421,   735.2298,  5.99800e-09,  3.51847e-09,  4.66908e-09,  1.19130e-08,  8.79350e-10,  9.08750e-10,  3.12717e-09,  8.44643e-09,  1.35446e-09,
00:03:13,    193026,   737.4776,  6.88489e-09,  3.51847e-09,  4.77778e-09,  1.17277e-08,  8.79350e-10,  1.02250e-09,  2.93152e-09,  8.65600e-09,  1.86308e-09,
00:03:13,    193631,   739.8577,  6.44266e-09,  3.22500e-09,  4.77778e-09,  1.17277e-08,  8.79350e-10,  1.13625e-09,  2.83477e-09,  8.86564e-09,  1.52400e-09,
00:03:14,    194236,   742.6344,  6.44023e-09,  3.32282e-09,  4.77778e-09,  1.13550e-08,  8.79350e-10,  1.02250e-09,  2.63912e-09,  8.16693e-09,  1.52400e-09,
00:03:14,    194841,   745.0145,  5.99800e-09,  3.12717e-09,  4.77778e-09,  1.16346e-08,  9.77175e-10,  1.25000e-09,  2.54130e-09,  8.44643e-09,  1.18679e-09,
00:03:15,    195446,   747.5268,  5.99800e-09,  3.12717e-09,  4.77778e-09,  1.14482e-08,  1.07500e-09,  9.08750e-10,  2.44347e-09,  8.09779e-09,  1.52400e-09,
00:03:16,    196051,   749.9069,  5.33102e-09,  3.22500e-09,  4.77778e-09,  1.12619e-08,  8.79350e-10,  9.08750e-10,  2.34565e-09,  8.16693e-09,  1.52400e-09,
00:03:16,    196656,   752.2870,  5.99800e-09,  3.22500e-09,  4.66908e-09,  1.12619e-08,  1.07500e-09,  1.25000e-09,  2.15000e-09,  8.23679e-09,  1.69354e-09,
00:03:17,    197261,   754.7992,  5.77568e-09,  2.93152e-09,  4.66908e-09,  1.10755e-08,  7.81525e-10,  1.13625e-09,  2.24782e-09,  7.81829e-09,  1.35446e-09,
00:03:17,    197866,   757.0471,  6.44023e-09,  3.22500e-09,  4.66908e-09,  1.12619e-08,  7.81525e-10,  9.08750e-10,  2.05217e-09,  7.67857e-09,  1.69354e-09,
00:03:18,    198471,   759.6916,  5.55334e-09,  2.83370e-09,  4.45169e-09,  1.06108e-08,  9.77175e-10,  1.13625e-09,  2.15000e-09,  7.74843e-09,  1.86308e-09,
00:03:19,    199076,   761.8072,  6.44023e-09,  2.93152e-09,  4.99517e-09,  1.07960e-08,  8.79350e-10,  6.82500e-10,  2.05217e-09,  7.74843e-09,  1.35446e-09,
00:03:19,    199681,   764.5840,  5.55334e-09,  3.12717e-09,  4.66908e-09,  1.07970e-08,  8.79350e-10,  1.13625e-09,  2.24782e-09,  8.02793e-09,  1.35446e-09,
00:03:20,    200286,   766.8318,  6.22034e-09,  2.93152e-09,  4.99517e-09,  1.11687e-08,  8.79350e-10,  1.02250e-09,  2.24782e-09,  7.67857e-09,  1.52400e-09,
00:03:20,    200891,   769.2119,  5.77568e-09,  3.02935e-09,  4.88647e-09,  1.08892e-08,  5.86950e-10,  1.13625e-09,  2.05217e-09,  7.81829e-09,  1.35446e-09,
00:03:21,    201496,   771.5919,  6.44266e-09,  3.02935e-09,  4.77778e-09,  1.09824e-08,  6.83700e-10,  1.02250e-09,  2.05217e-09,  7.74843e-09,  1.35446e-09,
00:03:22,    202101,   774.2365,  5.55334e-09,  2.83370e-09,  4.88647e-09,  1.06108e-08,  6.83700e-10,  1.02250e-09,  2.15000e-09,  7.67857e-09,  1.18492e-09,
00:03:22,    202706,   776.6165,  5.33102e-09,  2.73695e-09,  4.88647e-09,  1.08892e-08,  7.81525e-10,  1.02250e-09,  2.05217e-09,  7.39907e-09,  1.18492e-09,
00:03:23,    203311,   779.1289,  6.22034e-09,  2.83370e-09,  4.66908e-09,  1.10755e-08,  7.81525e-10,  1.13625e-09,  2.05217e-09,  7.67857e-09,  1.35446e-09,
00:03:23,    203916,   781.3767,  5.99800e-09,  3.12717e-09,  4.77778e-09,  1.09824e-08,  8.79350e-10,  1.02250e-09,  1.95435e-09,  7.32993e-09,  1.35446e-09,
00:03:24,    204521,   783.7568,  5.99800e-09,  3.12717e-09,  4.88647e-09,  1.07039e-08,  7.81525e-10,  1.02250e-09,  2.15000e-09,  7.26007e-09,  1.01724e-09,
00:03:25,    205126,   786.2691,  5.33102e-09,  2.73695e-09,  5.21256e-09,  1.07970e-08,  7.81525e-10,  1.13625e-09,  1.95435e-09,  7.53879e-09,  1.35446e-09,
00:03:25,    205731,   788.7814,  4.88636e-09,  2.63912e-09,  5.10386e-09,  1.08892e-08,  8.79350e-10,  7.95000e-10,  1.85652e-09,  7.32993e-09,  1.52400e-09,
00:03:26,    206336,   791.1615,  5.33102e-09,  2.83477e-09,  4.99517e-09,  1.07970e-08,  5.86950e-10,  1.25000e-09,  1.95435e-09,  7.26007e-09,  1.18492e-09,
00:03:26,    206941,   793.4093,  5.33102e-09,  2.54130e-09,  4.77778e-09,  1.07970e-08,  6.83700e-10,  1.02250e-09,  1.85652e-09,  7.39907e-09,  1.18492e-09,
00:03:27,    207546,   795.9216,  5.77568e-09,  2.83477e-09,  4.99517e-09,  1.06108e-08,  6.83700e-10,  1.02250e-09,  1.95435e-09,  7.26007e-09,  1.18492e-09,
00:03:28,    208151,   798.3017,  5.55334e-09,  2.73695e-09,  4.99517e-09,  1.10755e-08,  7.81525e-10,  1.36374e-09,  1.66195e-09,  7.05046e-09,  1.01724e-09,
00:03:28,    208756,   800.8139,  5.55334e-09,  2.44347e-09,  4.99517e-09,  1.09824e-08,  7.81525e-10,  1.02250e-09,  1.95435e-09,  7.12034e-09,  1.18492e-09,
00:03:29,    209361,   803.1940,  5.55334e-09,  2.63912e-09,  5.21256e-09,  1.07970e-08,  5.86950e-10,  1.13625e-09,  1.95435e-09,  7.12034e-09,  1.18492e-09,
00:03:29,    209966,   805.4419,  5.33102e-09,  2.73587e-09,  4.77778e-09,  1.12619e-08,  8.79350e-10,  1.02250e-09,  1.95435e-09,  7.12034e-09,  1.18679e-09,
00:03:30,    210571,   808.2186,  5.55334e-09,  2.63912e-09,  5.21256e-09,  1.11687e-08,  8.79350e-10,  1.02250e-09,  1.75870e-09,  7.12034e-09,  1.18492e-09,
00:03:31,    211176,   810.3343,  5.77568e-09,  2.73695e-09,  5.10386e-09,  1.06108e-08,  7.81525e-10,  1.02250e-09,  1.75870e-09,  6.91071e-09,  1.35446e-09,
00:03:31,    211781,   812.8465,  5.55334e-09,  2.54130e-09,  4.99517e-09,  1.11687e-08,  8.79350e-10,  1.02250e-09,  1.66195e-09,  7.05046e-09,  1.18492e-09,
00:03:32,    212386,   815.3588,  5.55334e-09,  2.44347e-09,  4.99517e-09,  1.14482e-08,  7.81525e-10,  1.13625e-09,  1.85652e-09,  7.12034e-09,  1.18492e-09,
00:03:32,    212991,   817.8711,  5.55334e-09,  2.63912e-09,  4.99517e-09,  1.06108e-08,  7.81525e-10,  1.02250e-09,  1.75870e-09,  6.70109e-09,  1.35446e-09,
00:03:33,    213596,   819.9867,  5.33102e-09,  2.54130e-09,  4.88647e-09,  1.10755e-08,  7.81525e-10,  9.08750e-10,  1.95435e-09,  6.98059e-09,  1.18492e-09,
00:03:34,    214201,   822.7635,  5.33102e-09,  2.54130e-09,  4.88647e-09,  1.05175e-08,  7.81525e-10,  1.02250e-09,  1.85652e-09,  7.12034e-09,  1.18492e-09,
00:03:34,    214806,   825.1436,  5.77568e-09,  2.24782e-09,  5.21256e-09,  1.13550e-08,  6.83700e-10,  1.02250e-09,  1.85652e-09,  6.77096e-09,  1.18492e-09,
00:03:35,    215411,   827.2592,  5.33102e-09,  2.54130e-09,  5.32124e-09,  1.12619e-08,  7.81525e-10,  1.02250e-09,  1.75870e-09,  6.84084e-09,  1.18492e-09,
00:03:36,    216016,   830.1682,  5.99800e-09,  2.44347e-09,  4.88647e-09,  1.14482e-08,  7.81525e-10,  1.02250e-09,  1.85652e-09,  6.98059e-09,  1.52400e-09,
00:03:36,    216621,   832.5482,  5.55334e-09,  2.63912e-09,  5.10386e-09,  1.12619e-08,  6.84775e-10,  1.13625e-09,  1.85652e-09,  6.84084e-09,  8.47704e-10,
00:03:37,    217226,   834.7960,  5.33102e-09,  2.63912e-09,  5.10386e-09,  1.13550e-08,  6.84775e-10,  1.25000e-09,  1.66195e-09,  6.91071e-09,  1.18679e-09,
00:03:37,    217831,   837.3084,  5.10868e-09,  2.44347e-09,  5.21256e-09,  1.16346e-08,  7.81525e-10,  1.13625e-09,  1.56412e-09,  6.77096e-09,  1.35446e-09,
00:03:38,    218436,   839.5562,  5.99800e-09,  2.34565e-09,  5.21256e-09,  1.13550e-08,  7.81525e-10,  1.02250e-09,  1.56412e-09,  6.63199e-09,  1.52400e-09,
00:03:39,    219041,   841.6718,  5.55334e-09,  2.34565e-09,  5.32124e-09,  1.18209e-08,  5.85875e-10,  1.02250e-09,  1.66195e-09,  6.70109e-09,  1.01724e-09,
00:03:39,    219646,   844.5808,  5.10868e-09,  2.54130e-09,  5.21256e-09,  1.20062e-08,  7.81525e-10,  1.25000e-09,  1.66195e-09,  6.63199e-09,  1.01724e-09,
00:03:40,    220251,   846.9609,  5.55334e-09,  2.34565e-09,  5.32124e-09,  1.20993e-08,  6.83700e-10,  1.13625e-09,  1.75977e-09,  6.77096e-09,  1.18492e-09,
00:03:40,    220856,   849.3410,  5.77568e-09,  2.44347e-09,  5.42994e-09,  1.18209e-08,  7.81525e-10,  9.08750e-10,  1.46630e-09,  6.63121e-09,  1.18492e-09,
00:03:41,    221461,   851.5888,  5.55334e-09,  2.34565e-09,  5.32124e-09,  1.20062e-08,  6.83700e-10,  1.13625e-09,  1.66195e-09,  6.63121e-09,  1.18492e-09,
00:03:42,    222066,   854.1011,  5.55334e-09,  2.54130e-09,  5.10386e-09,  1.17277e-08,  6.84775e-10,  1.02250e-09,  1.56412e-09,  6.70109e-09,  1.18492e-09,
00:03:42,    222671,   856.7456,  5.55334e-09,  2.24782e-09,  5.32124e-09,  1.19130e-08,  7.81525e-10,  1.13625e-09,  1.66195e-09,  6.28261e-09,  1.18492e-09,
00:03:43,    223276,   858.9934,  5.55334e-09,  2.34565e-09,  5.53744e-09,  1.21925e-08,  6.83700e-10,  1.13625e-09,  1.75870e-09,  6.14286e-09,  8.47704e-10,
00:03:43,    223881,   861.3736,  5.33102e-09,  2.24782e-09,  5.42994e-09,  1.27515e-08,  7.81525e-10,  1.02250e-09,  1.46630e-09,  6.70109e-09,  8.47704e-10,
00:03:44,    224486,   863.7536,  5.10868e-09,  2.24782e-09,  5.64613e-09,  1.24720e-08,  6.84775e-10,  1.02250e-09,  1.66195e-09,  6.56211e-09,  1.01724e-09,
00:03:45,    225091,   866.2659,  5.33102e-09,  2.24782e-09,  5.32124e-09,  1.25651e-08,  7.81525e-10,  1.13625e-09,  1.46630e-09,  6.28261e-09,  1.18679e-09,
00:03:45,    225696,   868.5138,  5.55334e-09,  2.05217e-09,  5.53863e-09,  1.24720e-08,  6.83700e-10,  1.02250e-09,  1.56412e-09,  6.35249e-09,  1.18679e-09,
00:03:46,    226301,   871.4227,  5.33102e-09,  2.15000e-09,  5.64613e-09,  1.21925e-08,  7.81525e-10,  1.02250e-09,  1.46630e-09,  6.14286e-09,  1.01724e-09,
00:03:46,    226906,   873.6706,  5.99800e-09,  2.44347e-09,  5.64613e-09,  1.19140e-08,  7.81525e-10,  7.95000e-10,  1.36847e-09,  6.35249e-09,  1.35446e-09,
00:03:47,    227511,   876.0506,  5.33102e-09,  2.05217e-09,  5.42994e-09,  1.20062e-08,  7.81525e-10,  9.08750e-10,  1.66195e-09,  6.42236e-09,  8.47704e-10,
00:03:48,    228116,   878.4307,  4.88636e-09,  2.24782e-09,  5.86352e-09,  1.21925e-08,  6.83700e-10,  1.13625e-09,  1.66195e-09,  6.49224e-09,  1.35446e-09,
00:03:48,    228721,   880.6786,  5.55334e-09,  2.24782e-09,  5.97222e-09,  1.21925e-08,  5.86950e-10,  9.08750e-10,  1.56412e-09,  6.49224e-09,  1.01724e-09,
00:03:49,    229326,   883.3231,  5.10868e-09,  2.24782e-09,  5.64613e-09,  1.20993e-08,  6.83700e-10,  1.13625e-09,  1.75977e-09,  6.49224e-09,  1.01724e-09,
00:03:49,    229931,   885.7032,  5.33102e-09,  2.24782e-09,  5.75483e-09,  1.20062e-08,  6.83700e-10,  1.02250e-09,  1.46630e-09,  6.49224e-09,  1.18679e-09,
00:03:50,    230536,   888.2154,  5.99800e-09,  2.34565e-09,  5.21256e-09,  1.18209e-08,  7.81525e-10,  1.02250e-09,  1.56412e-09,  6.35249e-09,  1.01724e-09,
00:03:51,    231141,   890.5955,  5.10868e-09,  2.24782e-09,  6.08091e-09,  1.20062e-08,  5.86950e-10,  1.02250e-09,  1.56412e-09,  6.49224e-09,  1.35446e-09,
00:03:51,    231746,   892.8434,  6.22034e-09,  2.15000e-09,  6.18961e-09,  1.17277e-08,  6.84775e-10,  1.02250e-09,  1.46630e-09,  6.49224e-09,  1.18679e-09,
00:03:52,    232351,   895.3557,  5.99800e-09,  2.15000e-09,  5.97222e-09,  1.21925e-08,  5.86950e-10,  1.02250e-09,  1.27065e-09,  6.35249e-09,  1.18679e-09,
00:03:52,    232956,   897.7358,  5.10868e-09,  1.95435e-09,  6.18961e-09,  1.12619e-08,  5.86950e-10,  1.13625e-09,  1.36847e-09,  6.42236e-09,  1.01724e-09,
00:03:53,    233561,   900.3803,  5.55334e-09,  2.34565e-09,  6.18961e-09,  1.16346e-08,  6.83700e-10,  1.02250e-09,  1.46630e-09,  6.56211e-09,  1.01724e-09,
00:03:54,    234166,   902.6281,  5.33102e-09,  2.05217e-09,  5.86352e-09,  1.18209e-08,  7.81525e-10,  1.02250e-09,  1.46630e-09,  6.28261e-09,  1.01724e-09,
00:03:54,    234771,   905.1404,  5.55334e-09,  2.24782e-09,  6.18961e-09,  1.14482e-08,  6.83700e-10,  1.02250e-09,  1.56412e-09,  6.35249e-09,  1.01724e-09,
00:03:55,    235376,   907.5205,  5.33102e-09,  2.24782e-09,  5.97222e-09,  1.16346e-08,  5.86950e-10,  1.02250e-09,  1.46630e-09,  6.28261e-09,  1.18492e-09,
00:03:55,    235981,   909.9005,  5.10868e-09,  1.95435e-09,  5.86352e-09,  1.14482e-08,  6.84775e-10,  1.13625e-09,  1.66195e-09,  6.14286e-09,  8.47704e-10,
00:03:56,    236586,   912.1484,  5.33102e-09,  2.34565e-09,  6.08091e-09,  1.08892e-08,  5.86950e-10,  9.08750e-10,  1.46630e-09,  6.21274e-09,  8.47704e-10,
00:03:57,    237191,   914.9251,  5.55334e-09,  2.24782e-09,  5.75483e-09,  1.15413e-08,  5.86950e-10,  1.13625e-09,  1.36847e-09,  6.14286e-09,  1.01724e-09,
00:03:57,    237796,   917.4374,  5.10868e-09,  2.24782e-09,  5.97222e-09,  1.12619e-08,  5.86950e-10,  9.08750e-10,  1.56412e-09,  6.00311e-09,  8.47704e-10,
00:03:58,    238401,   919.6853,  5.33102e-09,  1.95435e-09,  6.08091e-09,  1.09824e-08,  5.86950e-10,  9.08750e-10,  1.66195e-09,  6.14286e-09,  1.01724e-09,
00:03:59,    239006,   921.9331,  5.55334e-09,  2.05217e-09,  6.18961e-09,  1.07039e-08,  6.83700e-10,  1.02250e-09,  1.46630e-09,  6.07299e-09,  1.01724e-09,
00:03:59,    239611,   924.1809,  5.33102e-09,  2.15000e-09,  6.29830e-09,  1.07970e-08,  6.84775e-10,  1.02250e-09,  1.75870e-09,  5.79425e-09,  1.18679e-09,
00:04:00,    240216,   926.6932,  5.55334e-09,  2.15000e-09,  6.08091e-09,  1.13550e-08,  6.83700e-10,  1.02250e-09,  1.36847e-09,  6.07299e-09,  1.01724e-09,
00:04:00,    240821,   929.2055,  5.77568e-09,  2.24782e-09,  5.97222e-09,  1.10755e-08,  6.83700e-10,  1.02250e-09,  1.36847e-09,  6.14286e-09,  1.01538e-09,
00:04:01,    241426,   931.7178,  5.33102e-09,  2.05217e-09,  6.62439e-09,  1.06108e-08,  5.85875e-10,  1.13625e-09,  1.56412e-09,  6.14286e-09,  1.01724e-09,
00:04:02,    242031,   934.2301,  5.33102e-09,  1.95435e-09,  6.08091e-09,  1.09824e-08,  6.83700e-10,  1.02250e-09,  1.46630e-09,  6.14286e-09,  1.01724e-09,
00:04:02,    242636,   936.4780,  5.55334e-09,  2.15000e-09,  6.40700e-09,  1.08892e-08,  5.86950e-10,  7.95000e-10,  1.36847e-09,  6.00311e-09,  1.01724e-09,
00:04:03,    243241,   939.2547,  4.88636e-09,  2.34565e-09,  6.51569e-09,  1.07970e-08,  6.83700e-10,  9.08750e-10,  1.56412e-09,  6.21274e-09,  1.01724e-09,
00:04:03,    243846,   941.2381,  5.55334e-09,  2.24782e-09,  6.08091e-09,  1.07039e-08,  6.83700e-10,  1.13625e-09,  1.46630e-09,  6.00311e-09,  8.47704e-10,
00:04:04,    244451,   943.8826,  5.10868e-09,  1.85652e-09,  6.18961e-09,  1.06108e-08,  6.84775e-10,  1.02250e-09,  1.36847e-09,  5.72437e-09,  1.18679e-09,
00:04:05,    245056,   946.2627,  5.77568e-09,  2.05217e-09,  6.51569e-09,  1.04244e-08,  6.84775e-10,  1.02250e-09,  1.46630e-09,  6.21274e-09,  8.47704e-10,
00:04:05,    245661,   948.7750,  5.33102e-09,  2.15000e-09,  6.51569e-09,  1.10755e-08,  6.84775e-10,  1.13625e-09,  1.46630e-09,  6.00311e-09,  1.18679e-09,
00:04:06,    246266,   950.8906,  5.33102e-09,  2.15000e-09,  6.62439e-09,  1.07970e-08,  6.84775e-10,  1.02250e-09,  1.56412e-09,  5.93323e-09,  8.47704e-10,
00:04:06,    246871,   953.6674,  5.33102e-09,  1.95435e-09,  6.51569e-09,  1.01449e-08,  8.79350e-10,  1.13625e-09,  1.56412e-09,  5.93323e-09,  8.47704e-10,
00:04:07,    247476,   956.0474,  4.88636e-09,  2.05217e-09,  6.40700e-09,  1.03312e-08,  5.86950e-10,  1.02250e-09,  1.36847e-09,  6.21274e-09,  8.47704e-10,
00:04:08,    248081,   958.4275,  5.10868e-09,  2.15000e-09,  6.40700e-09,  1.03312e-08,  4.89125e-10,  1.02250e-09,  1.27065e-09,  6.14286e-09,  8.47704e-10,
00:04:08,    248686,   960.9398,  5.10868e-09,  2.05217e-09,  6.51569e-09,  1.01449e-08,  6.83700e-10,  9.08750e-10,  1.36847e-09,  6.00311e-09,  1.18679e-09,
00:04:09,    249291,   963.0554,  5.33102e-09,  2.24782e-09,  6.40700e-09,  1.04244e-08,  6.83700e-10,  1.02250e-09,  1.36847e-09,  5.86412e-09,  1.01724e-09,
00:04:09,    249896,   965.5677,  5.10868e-09,  2.05217e-09,  6.29830e-09,  1.06108e-08,  6.83700e-10,  1.02250e-09,  1.56412e-09,  6.14286e-09,  8.47704e-10,
00:04:10,    250501,   968.3445,  5.33102e-09,  2.05217e-09,  6.73189e-09,  1.00517e-08,  6.83700e-10,  9.08750e-10,  1.27065e-09,  6.00311e-09,  8.47704e-10,
00:04:11,    251106,   970.7246,  5.33102e-09,  2.15000e-09,  6.73189e-09,  1.02381e-08,  7.81525e-10,  9.08750e-10,  1.46630e-09,  6.14286e-09,  1.01724e-09,
00:04:11,    251711,   973.2368,  5.33102e-09,  2.15000e-09,  6.62439e-09,  1.02381e-08,  5.86950e-10,  9.08750e-10,  1.56412e-09,  6.21274e-09,  8.47704e-10,
00:04:12,    252316,   975.3525,  5.33102e-09,  2.05217e-09,  6.73189e-09,  1.00517e-08,  6.84775e-10,  1.02250e-09,  1.56412e-09,  5.93323e-09,  1.01724e-09,
00:04:12,    252921,   977.6003,  5.55334e-09,  1.95435e-09,  6.29830e-09,  9.95857e-09,  5.86950e-10,  1.25000e-09,  1.46630e-09,  5.72437e-09,  8.47704e-10,
00:04:13,    253526,   980.1126,  4.88636e-09,  2.15000e-09,  6.51569e-09,  9.95857e-09,  5.86950e-10,  9.08750e-10,  1.17282e-09,  5.93323e-09,  8.47704e-10,
00:04:14,    254131,   982.6249,  5.55334e-09,  2.05217e-09,  6.51569e-09,  1.00517e-08,  6.83700e-10,  1.02250e-09,  1.46630e-09,  6.00311e-09,  8.47704e-10,
00:04:14,    254736,   985.0050,  5.10868e-09,  1.95435e-09,  6.40700e-09,  9.49379e-09,  5.86950e-10,  1.02250e-09,  1.46630e-09,  6.07299e-09,  1.01724e-09,
00:04:15,    255341,   987.6495,  5.10868e-09,  2.24782e-09,  6.29830e-09,  1.00517e-08,  5.85875e-10,  1.13625e-09,  1.27065e-09,  6.07299e-09,  8.47704e-10,
00:04:15,    255946,   989.8974,  4.88636e-09,  2.05217e-09,  6.40700e-09,  9.86543e-09,  8.79350e-10,  1.13625e-09,  1.27065e-09,  5.93323e-09,  8.47704e-10,
00:04:16,    256551,   992.2774,  5.55334e-09,  2.15000e-09,  6.08091e-09,  9.40062e-09,  5.86950e-10,  1.02250e-09,  1.17282e-09,  5.79425e-09,  8.47704e-10,
00:04:17,    257156,   994.6575,  4.66402e-09,  2.05217e-09,  6.62439e-09,  9.58695e-09,  5.86950e-10,  1.02250e-09,  1.36847e-09,  5.79349e-09,  6.78163e-10,
00:04:17,    257761,   997.0376,  5.55334e-09,  2.24782e-09,  7.05797e-09,  1.00517e-08,  4.89125e-10,  1.02250e-09,  1.36847e-09,  6.00311e-09,  1.01724e-09,
00:04:18,    258366,   999.4176,  5.10868e-09,  2.24782e-09,  6.51569e-09,  9.68010e-09,  7.81525e-10,  1.13625e-09,  1.36847e-09,  5.79425e-09,  6.78163e-10,
00:04:18,    258971,  1002.0622,  5.10868e-09,  2.24782e-09,  7.05797e-09,  9.68010e-09,  5.86950e-10,  1.02250e-09,  1.27065e-09,  5.86336e-09,  1.18492e-09,
00:04:19,    259576,  1004.1778,  5.77568e-09,  2.15000e-09,  6.94928e-09,  9.40062e-09,  7.81525e-10,  9.08750e-10,  1.46630e-09,  5.93323e-09,  8.47704e-10,
00:04:20,    260181,  1006.8223,  5.55334e-09,  1.85652e-09,  6.73308e-09,  9.40062e-09,  4.89125e-10,  9.08750e-10,  1.27065e-09,  5.79425e-09,  8.47704e-10,
