0000000723,scans,0000000104,DataLength
"header",0000000025,"lines"
"Date",6/9/2016,"Time",2:04:36 AM
"ID","HAL RC RGA 301 #14852","Version",3
"Scans",6
"Scan ID","Mode","Input","Scanned","Start","Stop","Increment","Dwell","Settle","RS","RelSEM"
"Scan 1","RGA","Temperature","none",0.40,0.40,0.01,10.000,10.000,1.000000,1.000000,
"Scan 2","RGA","SEM","mass",2.00,2.00,0.01,11.000,10.000,0.440000,1.000000,
"Scan 3","RGA","SEM","mass",18.00,18.00,0.01,11.000,10.000,0.900000,1.000000,
"Scan 4","RGA","SEM","mass",28.00,28.00,0.01,11.000,10.000,1.050000,1.000000,
"Scan 5","RGA","SEM","mass",32.00,32.00,0.01,11.000,10.000,0.860000,1.000000,
"Scan 6","RGA","SEM","mass",44.00,44.00,0.01,11.000,10.000,1.400000,1.000000,
"Environment",
"Global","RGA"
"F1",1,"( 1 = on, 0 = off )"
"F2",0,"( 1 = on, 0 = off )"
"cage",3.3,"V"
"delta-m",0,"%"
"electron-energy",70.0,"V"
"emission",1000.000,"uA"
"focus",-90,"V"
"mass",5.50,"amu"
"mode-change-delay",1000,"ms"
"multiplier",1100,"V"
"resolution",0,"%"
"Data",6
"Time","ms","Temperature","Hydrogen","Water","Carbon monoxide","Oxygen","Carbon dioxide",
00:00:01,      1241,   120.5103,  0.00000e+00,  1.08694e-10,  9.31667e-11, -1.13750e-10,  0.00000e+00,
00:00:01,      1655,   120.5103,  2.22330e-10,  1.08694e-10, -9.31667e-11, -1.13750e-10,  0.00000e+00,
00:00:02,      2069,   120.3781,  0.00000e+00,  0.00000e+00,  0.00000e+00,  2.27500e-10,  0.00000e+00,
00:00:02,      2483,   120.3781,  8.89318e-10,  4.88647e-09,  5.49171e-09,  2.11362e-08,  3.98587e-08,
00:00:02,      2898,   120.2459,  1.04397e-08,  1.47681e-08,  2.06625e-08,  1.18187e-08,  3.05745e-08,
00:00:03,      3313,   120.3781,  9.55039e-09,  1.12934e-08,  1.76842e-08,  7.27250e-09,  2.33851e-08,
00:00:03,      3728,   120.3781,  9.99505e-09,  9.22947e-09,  1.51708e-08,  5.79500e-09,  1.89176e-08,
00:00:04,      4143,   120.3781,  8.21886e-09,  7.60144e-09,  1.36822e-08,  4.88624e-09,  1.59154e-08,
00:00:04,      4558,   119.9814,  8.21886e-09,  6.84058e-09,  1.22857e-08,  4.31874e-09,  1.38913e-08,
00:00:04,      4973,   120.3781,  8.44118e-09,  5.86352e-09,  1.17277e-08,  3.97750e-09,  1.20069e-08,
00:00:05,      5388,   120.2459,  8.66352e-09,  5.75483e-09,  1.04244e-08,  3.86374e-09,  1.08199e-08,
00:00:05,      5803,   120.3781,  7.99652e-09,  5.21256e-09,  1.01449e-08,  3.63624e-09,  9.98214e-09,
00:00:06,      6218,   120.3781,  7.77420e-09,  4.88647e-09,  1.05175e-08,  3.63624e-09,  9.35400e-09,
00:00:06,      6633,   120.3781,  7.55186e-09,  4.56039e-09,  9.40062e-09,  3.75000e-09,  8.16693e-09,
00:00:07,      7048,   120.3781,  7.77420e-09,  4.23550e-09,  9.30746e-09,  3.29500e-09,  7.95807e-09,
00:00:07,      7463,   120.2459,  7.55186e-09,  4.01811e-09,  8.93479e-09,  3.18250e-09,  7.26007e-09,
00:00:07,      7878,   120.3781,  7.32955e-09,  4.23550e-09,  8.93479e-09,  3.29500e-09,  6.63199e-09,
00:00:08,      8293,   120.2459,  8.21886e-09,  3.69202e-09,  8.46998e-09,  3.29500e-09,  6.70109e-09,
00:00:08,      8708,   120.1137,  7.32955e-09,  3.47463e-09,  8.00414e-09,  3.40874e-09,  6.42236e-09,
00:00:09,      9123,   120.1137,  6.88489e-09,  3.58333e-09,  7.72465e-09,  3.29624e-09,  5.72437e-09,
00:00:09,      9538,   120.2459,  7.77420e-09,  3.69202e-09,  7.72567e-09,  2.95500e-09,  5.79425e-09,
00:00:09,      9953,   120.2459,  7.10720e-09,  3.69202e-09,  7.72567e-09,  3.18250e-09,  5.79425e-09,
00:00:10,     10368,   120.2459,  7.99652e-09,  3.25724e-09,  7.35300e-09,  3.06874e-09,  5.02639e-09,
00:00:10,     10783,   120.2459,  7.32955e-09,  3.36594e-09,  7.16667e-09,  2.95500e-09,  5.51475e-09,
00:00:11,     11198,   120.2459,  6.66255e-09,  3.25724e-09,  7.16667e-09,  2.95500e-09,  4.74689e-09,
00:00:11,     11613,   120.2459,  6.88489e-09,  3.25724e-09,  7.16667e-09,  2.84124e-09,  4.95651e-09,
00:00:12,     12028,   120.5103,  6.44266e-09,  3.04106e-09,  6.98033e-09,  2.84124e-09,  4.67701e-09,
00:00:12,     12443,   120.3781,  6.44023e-09,  3.25724e-09,  6.88716e-09,  2.72750e-09,  4.60714e-09,
00:00:12,     12858,   120.5103,  6.66255e-09,  3.25724e-09,  6.70186e-09,  2.95500e-09,  4.53726e-09,
00:00:13,     13273,   120.5103,  7.32955e-09,  3.36594e-09,  6.51552e-09,  2.95500e-09,  4.32841e-09,
00:00:13,     13688,   120.5103,  6.22034e-09,  3.14856e-09,  6.60869e-09,  2.61374e-09,  4.11879e-09,
00:00:14,     14103,   120.2459,  7.32955e-09,  2.82367e-09,  6.70186e-09,  2.61374e-09,  4.04891e-09,
00:00:14,     14518,   120.3781,  6.88489e-09,  3.14856e-09,  6.51552e-09,  2.61374e-09,  3.83929e-09,
00:00:14,     14933,   120.3781,  7.10720e-09,  3.04106e-09,  6.60869e-09,  2.61374e-09,  3.83929e-09,
00:00:15,     15348,   120.3781,  7.10720e-09,  2.93236e-09,  6.32919e-09,  2.61374e-09,  3.97904e-09,
00:00:15,     15763,   120.2459,  6.66255e-09,  2.71497e-09,  6.23602e-09,  2.50000e-09,  3.90916e-09,
00:00:16,     16178,   120.3781,  6.88489e-09,  3.04106e-09,  6.42235e-09,  2.61374e-09,  3.83929e-09,
00:00:16,     16593,   120.1137,  6.88489e-09,  2.93236e-09,  6.14286e-09,  2.27250e-09,  3.62966e-09,
00:00:17,     17008,   120.3781,  6.88489e-09,  3.04106e-09,  5.95652e-09,  2.61374e-09,  3.69954e-09,
00:00:17,     17423,   120.2459,  6.66255e-09,  2.93236e-09,  6.60869e-09,  2.61374e-09,  3.49068e-09,
00:00:17,     17838,   120.2459,  6.66255e-09,  2.93236e-09,  5.95652e-09,  2.61374e-09,  3.49068e-09,
00:00:18,     18253,   120.3781,  7.55186e-09,  2.93236e-09,  5.86335e-09,  2.72750e-09,  3.56055e-09,
00:00:18,     18668,   120.3781,  7.10720e-09,  2.82367e-09,  5.95652e-09,  2.38624e-09,  3.21118e-09,
00:00:19,     19083,   120.2459,  6.22034e-09,  3.04106e-09,  5.95652e-09,  2.38624e-09,  3.14130e-09,
00:00:19,     19498,   120.3781,  6.21789e-09,  2.49758e-09,  6.04969e-09,  2.50000e-09,  3.00155e-09,
00:00:19,     19913,   120.3781,  6.22034e-09,  2.93236e-09,  5.58488e-09,  2.61374e-09,  3.21118e-09,
00:00:20,     20328,   120.2459,  6.44023e-09,  2.82367e-09,  5.67805e-09,  2.27250e-09,  3.28105e-09,
00:00:20,     20743,   120.2459,  6.44023e-09,  2.71497e-09,  6.04969e-09,  2.50000e-09,  3.14130e-09,
00:00:21,     21158,   120.2459,  6.66255e-09,  2.71497e-09,  5.77019e-09,  2.50000e-09,  3.21118e-09,
00:00:21,     21573,   120.2459,  7.10720e-09,  2.60628e-09,  6.23602e-09,  2.27250e-09,  3.00155e-09,
00:00:21,     21988,   120.2459,  6.66255e-09,  2.82367e-09,  5.39854e-09,  2.15874e-09,  3.14130e-09,
00:00:22,     22403,   120.3781,  7.32955e-09,  2.71497e-09,  5.67805e-09,  2.38624e-09,  3.14130e-09,
00:00:22,     22818,   120.2459,  6.66255e-09,  2.60628e-09,  5.58488e-09,  2.38624e-09,  3.00155e-09,
00:00:23,     23233,   120.5103,  6.66255e-09,  2.60628e-09,  5.39854e-09,  2.50000e-09,  3.07143e-09,
00:00:23,     23648,   120.1137,  7.10720e-09,  2.71497e-09,  5.77121e-09,  2.27250e-09,  3.14130e-09,
00:00:24,     24063,   120.2459,  6.22034e-09,  2.82367e-09,  5.21221e-09,  2.27250e-09,  3.07143e-09,
00:00:24,     24478,   119.9814,  5.99800e-09,  2.82367e-09,  5.95652e-09,  2.15874e-09,  2.93168e-09,
00:00:24,     24893,   120.2459,  6.66255e-09,  2.71497e-09,  5.58488e-09,  2.50000e-09,  2.93168e-09,
00:00:25,     25308,   120.3781,  6.66255e-09,  2.82367e-09,  5.21221e-09,  2.38624e-09,  3.00155e-09,
00:00:25,     25723,   120.5103,  6.66255e-09,  2.93236e-09,  5.39854e-09,  1.93124e-09,  2.72282e-09,
00:00:26,     26138,   120.2459,  6.44023e-09,  2.71497e-09,  5.39854e-09,  2.38624e-09,  2.72282e-09,
00:00:26,     26553,   120.1137,  6.44023e-09,  2.82367e-09,  5.39854e-09,  2.04624e-09,  3.00155e-09,
00:00:26,     26968,   120.3781,  5.99800e-09,  2.93236e-09,  5.21221e-09,  2.15874e-09,  2.72282e-09,
00:00:27,     27383,   120.3781,  6.22034e-09,  2.49758e-09,  5.77121e-09,  2.38624e-09,  2.86180e-09,
00:00:27,     27798,   120.3781,  6.66255e-09,  2.49758e-09,  5.58488e-09,  2.61374e-09,  2.65294e-09,
00:00:28,     28213,   120.3781,  6.66255e-09,  2.49758e-09,  6.04969e-09,  2.50000e-09,  2.72282e-09,
00:00:28,     28628,   120.5103,  6.88489e-09,  2.93236e-09,  5.58488e-09,  2.15874e-09,  2.58307e-09,
00:00:29,     29043,   120.3781,  7.55186e-09,  2.38889e-09,  5.49171e-09,  2.84124e-09,  2.86180e-09,
00:00:29,     29458,   120.3781,  6.88489e-09,  2.60628e-09,  5.67702e-09,  3.06874e-09,  2.51319e-09,
00:00:29,     29873,   119.9814,  6.22034e-09,  2.71497e-09,  5.49171e-09,  3.06874e-09,  2.51319e-09,
00:00:30,     30288,   120.2459,  6.66255e-09,  2.60628e-09,  5.30538e-09,  3.52250e-09,  2.72282e-09,
00:00:30,     30703,   120.2459,  6.44266e-09,  2.71497e-09,  5.30538e-09,  2.84124e-09,  2.58307e-09,
00:00:31,     31118,   120.3781,  6.44266e-09,  2.60628e-09,  5.21221e-09,  2.72750e-09,  2.44332e-09,
00:00:31,     31533,   120.2459,  6.88489e-09,  2.71497e-09,  5.39854e-09,  2.95500e-09,  2.58307e-09,
00:00:31,     31948,   120.5103,  6.88489e-09,  2.28019e-09,  5.02588e-09,  3.18250e-09,  2.51319e-09,
00:00:32,     32363,   120.2459,  5.99800e-09,  2.71497e-09,  5.11905e-09,  3.18250e-09,  2.58307e-09,
00:00:32,     32778,   120.2459,  6.22034e-09,  2.49758e-09,  5.39854e-09,  3.18250e-09,  2.51319e-09,
00:00:33,     33193,   120.5103,  6.44266e-09,  2.60628e-09,  4.93271e-09,  3.18250e-09,  2.58307e-09,
00:00:33,     33608,   120.3781,  5.77568e-09,  2.28019e-09,  5.49171e-09,  2.61374e-09,  2.51319e-09,
00:00:34,     34023,   120.3781,  6.66255e-09,  2.71497e-09,  4.83954e-09,  2.61374e-09,  2.72282e-09,
00:00:34,     34438,   120.6426,  6.66255e-09,  2.71497e-09,  5.02588e-09,  2.72750e-09,  2.65294e-09,
00:00:34,     34853,   120.3781,  5.99800e-09,  2.60628e-09,  5.11905e-09,  2.72750e-09,  2.37344e-09,
00:00:35,     35268,   120.3781,  6.44023e-09,  2.71497e-09,  5.21221e-09,  2.95500e-09,  2.44332e-09,
00:00:35,     35683,   120.3781,  6.22034e-09,  2.28019e-09,  5.02588e-09,  2.95500e-09,  2.44332e-09,
00:00:36,     36098,   120.2459,  5.77568e-09,  2.82367e-09,  4.93271e-09,  2.84124e-09,  2.23369e-09,
00:00:36,     36513,   120.2459,  6.44023e-09,  2.60628e-09,  5.11905e-09,  2.61374e-09,  2.30357e-09,
00:00:36,     36928,   120.2459,  6.44266e-09,  2.71497e-09,  4.93271e-09,  2.95500e-09,  2.65294e-09,
00:00:37,     37343,   120.2459,  5.99800e-09,  2.82367e-09,  5.02588e-09,  2.61374e-09,  2.37344e-09,
00:00:37,     37758,   120.3781,  6.66255e-09,  2.38889e-09,  5.11905e-09,  2.61374e-09,  2.37344e-09,
00:00:38,     38173,   120.6426,  6.44023e-09,  2.38889e-09,  5.02588e-09,  2.72750e-09,  2.37344e-09,
00:00:38,     38588,   120.6426,  5.55334e-09,  2.49758e-09,  4.83954e-09,  2.72750e-09,  2.51319e-09,
00:00:39,     39003,   120.5103,  5.77568e-09,  2.60628e-09,  5.21221e-09,  2.72750e-09,  2.37344e-09,
00:00:39,     39418,   120.5103,  6.88489e-09,  2.60628e-09,  4.83954e-09,  2.84124e-09,  2.51319e-09,
00:00:39,     39833,   119.9814,  6.22034e-09,  2.38889e-09,  4.65321e-09,  2.50000e-09,  2.37344e-09,
00:00:40,     40248,   120.5103,  5.99800e-09,  2.49758e-09,  4.65424e-09,  2.72750e-09,  2.23369e-09,
00:00:40,     40663,   120.3781,  6.44023e-09,  2.60628e-09,  4.83954e-09,  2.61374e-09,  2.37344e-09,
00:00:41,     41078,   120.3781,  6.44023e-09,  2.38889e-09,  4.56107e-09,  2.72750e-09,  2.44332e-09,
00:00:41,     41493,   120.2459,  5.77568e-09,  2.49758e-09,  4.74638e-09,  2.50000e-09,  2.44332e-09,
00:00:41,     41908,   120.5103,  6.22034e-09,  2.38889e-09,  4.74740e-09,  2.61374e-09,  2.37344e-09,
00:00:42,     42323,   120.5103,  6.44023e-09,  2.71497e-09,  4.74638e-09,  2.72750e-09,  2.30357e-09,
00:00:42,     42738,   120.5103,  5.99800e-09,  2.49758e-09,  4.74638e-09,  2.61374e-09,  2.30357e-09,
00:00:43,     43153,   120.3781,  6.21789e-09,  2.60628e-09,  4.93271e-09,  2.84124e-09,  2.30357e-09,
00:00:43,     43568,   120.2459,  6.66255e-09,  2.38889e-09,  4.56107e-09,  2.50000e-09,  2.37344e-09,
00:00:43,     43983,   120.1137,  5.77568e-09,  2.71497e-09,  4.46790e-09,  2.50000e-09,  2.23369e-09,
00:00:44,     44398,   120.5103,  6.21789e-09,  2.49758e-09,  4.93271e-09,  2.72750e-09,  2.44332e-09,
00:00:44,     44813,   120.3781,  6.66255e-09,  2.38889e-09,  4.83954e-09,  2.95500e-09,  2.16382e-09,
00:00:45,     45228,   120.2459,  6.22034e-09,  2.49758e-09,  4.93271e-09,  2.50000e-09,  2.23369e-09,
00:00:45,     45643,   120.2459,  5.77568e-09,  2.38889e-09,  4.93271e-09,  2.61374e-09,  2.09394e-09,
00:00:46,     46058,   120.3781,  5.55334e-09,  2.49758e-09,  4.56107e-09,  2.61374e-09,  2.23369e-09,
00:00:46,     46473,   120.2459,  5.99800e-09,  2.28019e-09,  4.37473e-09,  2.61374e-09,  2.37344e-09,
00:00:46,     46888,   120.2459,  5.99800e-09,  2.17150e-09,  4.65424e-09,  2.61374e-09,  2.23369e-09,
00:00:47,     47303,   120.1137,  5.77568e-09,  2.60628e-09,  4.65424e-09,  2.61374e-09,  2.30357e-09,
00:00:47,     47718,   120.1137,  5.77568e-09,  2.71497e-09,  4.74638e-09,  2.38624e-09,  2.23369e-09,
00:00:48,     48133,   120.2459,  6.44266e-09,  2.49758e-09,  4.65424e-09,  2.50000e-09,  2.16382e-09,
00:00:48,     48548,   120.1137,  5.77568e-09,  2.49758e-09,  4.74740e-09,  2.61374e-09,  2.16382e-09,
00:00:48,     48963,   120.3781,  5.99800e-09,  2.71497e-09,  4.65321e-09,  2.38624e-09,  2.30357e-09,
00:00:49,     49378,   120.1137,  6.22034e-09,  2.49758e-09,  4.65321e-09,  2.50000e-09,  2.23369e-09,
00:00:49,     49793,   120.5103,  6.21789e-09,  2.06280e-09,  4.93271e-09,  2.61374e-09,  2.37344e-09,
00:00:50,     50208,   120.1137,  6.88489e-09,  2.49758e-09,  4.65424e-09,  2.27250e-09,  2.16382e-09,
00:00:50,     50623,   120.3781,  6.22034e-09,  2.60628e-09,  4.56107e-09,  2.84124e-09,  2.51319e-09,
00:00:51,     51038,   120.5103,  5.99800e-09,  2.60628e-09,  4.37473e-09,  2.50000e-09,  2.09394e-09,
00:00:51,     51453,   120.3781,  6.44023e-09,  2.17150e-09,  4.65424e-09,  2.38624e-09,  2.30357e-09,
00:00:51,     51868,   120.2459,  5.33102e-09,  2.49758e-09,  4.83954e-09,  2.38624e-09,  2.02407e-09,
00:00:52,     52283,   120.2459,  6.22034e-09,  2.49758e-09,  4.83954e-09,  2.27250e-09,  2.23369e-09,
00:00:52,     52698,   120.3781,  6.44023e-09,  2.38889e-09,  4.46790e-09,  2.72750e-09,  2.16382e-09,
00:00:53,     53113,   120.3781,  6.22034e-09,  2.60628e-09,  4.46790e-09,  2.15874e-09,  2.09394e-09,
00:00:53,     53528,   120.2459,  5.99800e-09,  2.49758e-09,  4.74638e-09,  2.50000e-09,  2.23369e-09,
00:00:53,     53943,   120.1137,  5.99800e-09,  2.60628e-09,  4.56107e-09,  2.15874e-09,  2.23369e-09,
00:00:54,     54358,   120.2459,  6.66255e-09,  2.38889e-09,  4.37473e-09,  2.27250e-09,  2.16382e-09,
00:00:54,     54773,   120.3781,  6.22034e-09,  2.49758e-09,  4.65424e-09,  2.38624e-09,  2.30357e-09,
00:00:55,     55188,   120.6426,  6.22034e-09,  2.49758e-09,  4.65424e-09,  2.27250e-09,  2.30357e-09,
00:00:55,     55603,   120.5103,  5.77568e-09,  2.28019e-09,  4.56107e-09,  2.27250e-09,  2.30357e-09,
00:00:56,     56018,   120.5103,  5.55334e-09,  2.38889e-09,  4.74638e-09,  2.50000e-09,  1.88509e-09,
00:00:56,     56433,   120.3781,  6.44023e-09,  2.49758e-09,  4.46790e-09,  2.38624e-09,  2.16382e-09,
00:00:56,     56848,   120.5103,  5.99800e-09,  2.38889e-09,  4.74638e-09,  2.27250e-09,  2.16382e-09,
00:00:57,     57263,   120.2459,  5.99800e-09,  2.38889e-09,  4.28157e-09,  2.38624e-09,  2.02407e-09,
00:00:57,     57678,   120.3781,  5.99800e-09,  2.38889e-09,  4.46790e-09,  2.50000e-09,  2.02407e-09,
00:00:58,     58093,   120.1137,  6.44023e-09,  2.49758e-09,  4.46790e-09,  2.38624e-09,  2.09394e-09,
00:00:58,     58508,   120.2459,  6.66255e-09,  2.38889e-09,  4.65424e-09,  2.38624e-09,  2.16382e-09,
00:00:58,     58923,   120.3781,  6.44023e-09,  2.28019e-09,  4.65424e-09,  2.50000e-09,  2.09394e-09,
00:00:59,     59338,   120.1137,  6.44023e-09,  2.28019e-09,  4.56107e-09,  2.27250e-09,  2.16382e-09,
00:00:59,     59753,   120.1137,  5.33102e-09,  2.60628e-09,  4.28157e-09,  2.38624e-09,  2.16382e-09,
00:01:00,     60168,   120.6426,  6.22034e-09,  2.38889e-09,  4.28157e-09,  2.50000e-09,  2.02407e-09,
00:01:00,     60583,   120.2459,  6.44023e-09,  2.49758e-09,  4.56107e-09,  2.38624e-09,  2.09394e-09,
00:01:00,     60998,   120.3781,  6.66255e-09,  2.38889e-09,  4.46790e-09,  2.27250e-09,  2.02407e-09,
00:01:01,     61413,   120.3781,  6.44023e-09,  2.49758e-09,  4.46790e-09,  2.50000e-09,  2.16382e-09,
00:01:01,     61828,   120.2459,  5.55334e-09,  2.38889e-09,  4.74740e-09,  2.27250e-09,  2.23369e-09,
00:01:02,     62243,   120.5103,  6.22034e-09,  2.38889e-09,  4.65424e-09,  2.15874e-09,  1.88509e-09,
00:01:02,     62658,   120.1137,  5.77568e-09,  1.95411e-09,  4.56107e-09,  2.15874e-09,  2.02407e-09,
00:01:03,     63073,   120.2459,  5.77568e-09,  2.28019e-09,  4.18840e-09,  2.50000e-09,  2.09394e-09,
00:01:03,     63488,   120.3781,  6.44266e-09,  2.49758e-09,  4.28157e-09,  2.38624e-09,  2.09394e-09,
00:01:03,     63903,   119.9814,  6.22034e-09,  2.38889e-09,  4.65424e-09,  2.38624e-09,  2.02407e-09,
00:01:04,     64318,   119.9814,  6.22034e-09,  2.38889e-09,  4.28157e-09,  2.15874e-09,  2.09394e-09,
00:01:04,     64733,   120.2459,  5.99800e-09,  2.71497e-09,  4.56107e-09,  2.15874e-09,  2.23369e-09,
00:01:05,     65148,   120.3781,  5.55334e-09,  2.28019e-09,  4.37473e-09,  2.27250e-09,  2.09394e-09,
00:01:05,     65563,   120.3781,  6.66255e-09,  2.28019e-09,  4.37473e-09,  2.27250e-09,  2.02407e-09,
00:01:05,     65978,   120.2459,  5.99800e-09,  2.28019e-09,  4.65424e-09,  2.15874e-09,  2.02484e-09,
00:01:06,     66393,   120.3781,  5.99800e-09,  2.71497e-09,  4.46790e-09,  2.15874e-09,  1.88509e-09,
00:01:06,     66808,   120.2459,  5.99800e-09,  2.49758e-09,  4.37473e-09,  2.15874e-09,  2.02407e-09,
00:01:07,     67223,   120.1137,  5.99800e-09,  2.49758e-09,  4.37473e-09,  2.27250e-09,  2.09394e-09,
00:01:07,     67638,   120.2459,  6.22034e-09,  2.17150e-09,  4.37473e-09,  2.15874e-09,  2.02407e-09,
00:01:08,     68053,   120.3781,  5.55334e-09,  2.28019e-09,  4.28157e-09,  2.15874e-09,  2.09394e-09,
00:01:08,     68468,   120.3781,  5.99800e-09,  2.38889e-09,  4.37473e-09,  2.27250e-09,  2.16382e-09,
00:01:08,     68883,   120.3781,  6.22034e-09,  2.28019e-09,  4.65321e-09,  2.38624e-09,  2.02407e-09,
00:01:09,     69298,   120.3781,  6.22034e-09,  2.38889e-09,  4.56107e-09,  2.95500e-09,  2.09394e-09,
00:01:09,     69713,   120.6426,  5.99800e-09,  2.60628e-09,  5.21221e-09,  3.52250e-09,  2.30357e-09,
00:01:10,     70128,   120.9070,  5.99800e-09,  2.49758e-09,  5.77019e-09,  4.43124e-09,  2.37344e-09,
00:01:10,     70543,   121.1715,  5.99800e-09,  2.17150e-09,  6.04969e-09,  6.36374e-09,  2.86180e-09,
00:01:10,     70958,   121.7004,  5.99800e-09,  2.49758e-09,  6.70186e-09,  1.22724e-08,  3.14130e-09,
00:01:11,     71373,   122.2293,  6.88489e-09,  2.60628e-09,  7.16667e-09,  2.87500e-08,  3.62966e-09,
00:01:11,     71788,   123.0226,  5.99800e-09,  2.60628e-09,  7.16667e-09,  8.32950e-08,  4.60714e-09,
00:01:12,     72203,   124.4771,  5.99800e-09,  2.38889e-09,  7.07350e-09,  2.31022e-07,  5.65450e-09,
00:01:12,     72618,   126.0638,  5.10868e-09,  2.60628e-09,  7.07350e-09,  5.02044e-07,  5.72437e-09,
00:01:13,     73033,   128.5761,  4.88636e-09,  2.82367e-09,  7.07350e-09,  7.07955e-07,  5.72437e-09,
00:01:13,     73448,   130.9562,  5.55334e-09,  3.03986e-09,  6.79400e-09,  6.10227e-07,  5.44487e-09,
00:01:13,     73863,   134.2619,  5.33102e-09,  2.60628e-09,  6.23602e-09,  3.24319e-07,  4.53726e-09,
00:01:14,     74278,   137.8320,  5.33102e-09,  2.60628e-09,  5.58488e-09,  1.51136e-07,  4.11879e-09,
00:01:14,     74693,   141.6665,  5.33102e-09,  2.49758e-09,  5.39854e-09,  7.29550e-08,  3.42080e-09,
00:01:15,     75108,   145.5011,  6.22034e-09,  2.38889e-09,  5.02588e-09,  4.07950e-08,  2.93168e-09,
00:01:15,     75523,   149.2034,  5.77568e-09,  2.71497e-09,  4.74638e-09,  2.48862e-08,  2.44332e-09,
00:01:15,     75938,   152.5091,  5.10868e-09,  2.38889e-09,  4.56107e-09,  1.63637e-08,  2.37344e-09,
00:01:16,     76353,   155.2858,  5.33102e-09,  2.60628e-09,  4.46790e-09,  1.14775e-08,  2.30357e-09,
00:01:16,     76768,   158.1948,  5.33102e-09,  2.28019e-09,  4.28157e-09,  8.75000e-09,  2.09394e-09,
00:01:17,     77183,   160.8393,  5.10868e-09,  2.28019e-09,  4.09524e-09,  7.04624e-09,  2.09394e-09,
00:01:17,     77598,   163.4839,  5.77568e-09,  2.17150e-09,  4.00207e-09,  5.68250e-09,  2.09394e-09,
00:01:18,     78013,   164.8061,  5.33102e-09,  2.38889e-09,  4.46790e-09,  4.77250e-09,  2.16382e-09,
00:01:18,     78428,   166.5251,  5.77568e-09,  2.60628e-09,  4.28157e-09,  4.54624e-09,  2.30357e-09,
00:01:18,     78843,   168.1118,  5.99800e-09,  2.49758e-09,  4.37473e-09,  3.75000e-09,  1.95496e-09,
00:01:19,     79258,   169.4340,  5.33102e-09,  2.49758e-09,  4.09524e-09,  3.40874e-09,  2.16382e-09,
00:01:19,     79673,   170.3596,  5.55334e-09,  2.49758e-09,  4.18840e-09,  3.63624e-09,  2.09394e-09,
00:01:20,     80088,   171.6819,  5.33102e-09,  2.60628e-09,  4.18840e-09,  3.18250e-09,  2.09394e-09,
00:01:20,     80503,   172.6075,  6.22034e-09,  2.60628e-09,  4.00207e-09,  2.95500e-09,  2.02407e-09,
00:01:20,     80918,   173.4008,  5.55334e-09,  2.49758e-09,  4.18840e-09,  2.84124e-09,  2.02407e-09,
00:01:21,     81333,   174.1942,  5.55334e-09,  2.93236e-09,  4.09524e-09,  3.06874e-09,  2.23369e-09,
00:01:21,     81748,   175.2520,  5.99800e-09,  2.82367e-09,  4.37473e-09,  2.95500e-09,  1.95496e-09,
00:01:22,     82163,   176.1776,  5.77568e-09,  2.93236e-09,  4.65424e-09,  2.72750e-09,  2.09394e-09,
00:01:22,     82578,   177.7643,  5.99800e-09,  2.93236e-09,  4.18840e-09,  2.72750e-09,  2.30357e-09,
00:01:22,     82993,   178.5576,  5.77568e-09,  3.90941e-09,  4.56107e-09,  2.84124e-09,  2.16382e-09,
00:01:23,     83408,   179.7477,  5.55334e-09,  4.45169e-09,  4.18840e-09,  3.06874e-09,  2.23369e-09,
00:01:23,     83823,   180.9377,  5.99800e-09,  5.42994e-09,  4.09524e-09,  2.84124e-09,  2.30357e-09,
00:01:24,     84238,   182.5244,  5.55334e-09,  7.27536e-09,  4.37473e-09,  2.84124e-09,  2.37344e-09,
00:01:24,     84653,   183.9789,  5.99800e-09,  9.22947e-09,  4.46790e-09,  2.61374e-09,  2.30357e-09,
00:01:25,     85068,   185.5656,  5.99800e-09,  1.27041e-08,  4.83954e-09,  2.50000e-09,  2.51319e-09,
00:01:25,     85483,   187.5490,  5.99800e-09,  1.49854e-08,  4.37473e-09,  2.50000e-09,  2.51319e-09,
00:01:25,     85898,   189.7969,  5.10868e-09,  1.72657e-08,  4.65424e-09,  2.27250e-09,  2.37344e-09,
00:01:26,     86313,   191.5158,  5.33102e-09,  1.87850e-08,  4.65424e-09,  2.27250e-09,  2.58307e-09,
00:01:26,     86728,   193.3670,  5.33102e-09,  1.78079e-08,  4.56107e-09,  2.27250e-09,  2.37344e-09,
00:01:27,     87143,   195.6148,  5.55334e-09,  1.74830e-08,  4.56107e-09,  1.81874e-09,  2.58307e-09,
00:01:27,     87558,   197.9949,  5.77568e-09,  1.58538e-08,  4.56107e-09,  2.04624e-09,  2.72282e-09,
00:01:27,     87973,   200.5072,  5.99800e-09,  1.56364e-08,  4.28157e-09,  1.70500e-09,  2.58307e-09,
00:01:28,     88388,   202.2261,  5.99800e-09,  1.44420e-08,  4.18840e-09,  1.81874e-09,  2.65294e-09,
00:01:28,     88803,   204.2095,  5.77568e-09,  1.45507e-08,  4.65424e-09,  1.36374e-09,  2.79193e-09,
00:01:29,     89218,   206.0607,  5.55334e-09,  1.40072e-08,  4.28157e-09,  1.36374e-09,  2.79193e-09,
00:01:29,     89633,   207.9118,  5.55334e-09,  1.32476e-08,  4.46790e-09,  1.47750e-09,  2.93168e-09,
00:01:30,     90048,   209.8952,  5.99800e-09,  1.25966e-08,  4.46790e-09,  1.59124e-09,  2.93168e-09,
00:01:30,     90463,   211.4820,  5.77568e-09,  1.14009e-08,  4.74740e-09,  1.47750e-09,  3.07143e-09,
00:01:30,     90878,   213.2009,  5.77568e-09,  1.11848e-08,  4.46790e-09,  1.47750e-09,  2.93168e-09,
00:01:31,     91293,   215.1843,  6.22034e-09,  1.00990e-08,  4.56107e-09,  1.47750e-09,  2.58307e-09,
00:01:31,     91708,   216.3743,  6.22034e-09,  9.55556e-09,  4.28157e-09,  1.47750e-09,  2.93168e-09,
00:01:32,     92123,   217.9610,  5.55334e-09,  9.33817e-09,  4.37473e-09,  1.47750e-09,  2.72282e-09,
00:01:32,     92538,   219.2833,  5.33102e-09,  8.14372e-09,  4.28157e-09,  1.47750e-09,  2.93168e-09,
00:01:32,     92953,   220.7378,  5.77568e-09,  8.03502e-09,  4.46790e-09,  1.36374e-09,  3.14130e-09,
00:01:33,     93368,   222.3245,  5.77568e-09,  7.60144e-09,  4.46790e-09,  1.25000e-09,  3.21118e-09,
00:01:33,     93783,   223.7790,  5.99800e-09,  7.71013e-09,  4.18840e-09,  1.59124e-09,  3.42080e-09,
00:01:34,     94198,   225.1012,  5.77568e-09,  7.38406e-09,  4.37473e-09,  1.47750e-09,  3.49068e-09,
00:01:34,     94613,   226.6880,  5.55334e-09,  7.38406e-09,  4.37473e-09,  1.36374e-09,  3.62966e-09,
00:01:35,     95028,   228.2747,  5.77568e-09,  7.27536e-09,  4.74638e-09,  1.25000e-09,  4.04891e-09,
00:01:35,     95443,   229.4647,  5.99800e-09,  7.60144e-09,  4.93271e-09,  1.36374e-09,  4.60714e-09,
00:01:35,     95858,   231.3159,  5.77568e-09,  7.71013e-09,  4.83954e-09,  1.47750e-09,  4.81676e-09,
00:01:36,     96273,   232.7704,  5.55334e-09,  7.60144e-09,  4.93271e-09,  1.36374e-09,  5.30512e-09,
00:01:36,     96688,   234.8860,  5.99800e-09,  7.38406e-09,  5.02588e-09,  1.36374e-09,  5.65450e-09,
00:01:37,     97103,   236.3405,  5.77568e-09,  7.27536e-09,  5.21221e-09,  1.13625e-09,  5.65450e-09,
00:01:37,     97518,   238.1916,  5.77568e-09,  7.16667e-09,  4.83954e-09,  1.36374e-09,  6.49224e-09,
00:01:37,     97933,   239.9106,  5.77568e-09,  6.94928e-09,  5.21221e-09,  1.25000e-09,  6.63121e-09,
00:01:38,     98348,   241.7617,  5.33102e-09,  6.29830e-09,  4.93271e-09,  1.47750e-09,  6.63199e-09,
00:01:38,     98763,   243.3485,  5.55334e-09,  6.08091e-09,  5.21221e-09,  1.25000e-09,  6.49224e-09,
00:01:39,     99178,   245.1996,  5.55334e-09,  5.97222e-09,  5.11905e-09,  1.36374e-09,  6.98059e-09,
00:01:39,     99593,   246.9186,  5.77568e-09,  5.42874e-09,  5.21221e-09,  1.13625e-09,  6.49224e-09,
00:01:40,    100008,   248.7697,  5.33102e-09,  5.64613e-09,  4.65321e-09,  1.36374e-09,  6.35249e-09,
00:01:40,    100423,   250.7531,  5.77568e-09,  5.21256e-09,  5.21221e-09,  1.13625e-09,  6.21274e-09,
00:01:40,    100838,   252.0754,  5.77568e-09,  5.21256e-09,  5.11905e-09,  1.47750e-09,  6.28261e-09,
00:01:41,    101253,   253.9265,  5.55334e-09,  5.10386e-09,  4.83954e-09,  1.25000e-09,  5.65450e-09,
00:01:41,    101668,   255.6455,  6.22034e-09,  5.10386e-09,  4.93271e-09,  1.36374e-09,  5.79349e-09,
00:01:42,    102083,   257.3644,  5.77568e-09,  4.77778e-09,  5.02588e-09,  1.25000e-09,  5.72437e-09,
00:01:42,    102498,   259.0834,  6.22034e-09,  4.66908e-09,  5.11905e-09,  1.36374e-09,  5.93323e-09,
00:01:42,    102913,   260.6701,  5.55334e-09,  4.99517e-09,  5.11905e-09,  1.36374e-09,  5.65450e-09,
00:01:43,    103328,   262.2568,  5.99800e-09,  4.45169e-09,  4.83954e-09,  1.36374e-09,  5.79425e-09,
00:01:43,    103743,   264.1080,  5.77568e-09,  4.77778e-09,  4.93271e-09,  1.13625e-09,  5.23525e-09,
00:01:44,    104158,   265.4302,  5.77568e-09,  4.56039e-09,  5.21221e-09,  1.02250e-09,  5.23525e-09,
00:01:44,    104573,   266.7525,  5.55334e-09,  4.77778e-09,  5.02588e-09,  1.13625e-09,  4.74689e-09,
00:01:44,    104988,   268.6037,  5.33102e-09,  4.56039e-09,  4.65424e-09,  1.02250e-09,  4.81676e-09,
00:01:45,    105403,   270.1904,  4.88636e-09,  4.45169e-09,  4.93271e-09,  1.13625e-09,  4.46739e-09,
00:01:45,    105818,   271.9093,  5.33102e-09,  5.10386e-09,  4.83954e-09,  1.25000e-09,  4.46739e-09,
00:01:46,    106233,   273.2316,  5.77568e-09,  4.88647e-09,  4.65424e-09,  1.02250e-09,  4.04891e-09,
00:01:46,    106648,   274.8183,  5.55334e-09,  4.77778e-09,  4.46790e-09,  1.25000e-09,  3.62966e-09,
00:01:47,    107063,   276.6695,  5.33102e-09,  4.45169e-09,  4.65424e-09,  1.36374e-09,  3.62966e-09,
00:01:47,    107478,   278.5206,  5.77568e-09,  4.45169e-09,  4.65424e-09,  1.25000e-09,  3.28105e-09,
00:01:47,    107893,   280.2395,  5.55334e-09,  4.56039e-09,  4.56107e-09,  1.13625e-09,  3.14130e-09,
00:01:48,    108308,   281.8263,  5.55334e-09,  4.23550e-09,  4.65424e-09,  1.25000e-09,  3.14130e-09,
00:01:48,    108723,   283.6774,  5.55334e-09,  4.23550e-09,  4.65424e-09,  1.25000e-09,  3.00155e-09,
00:01:49,    109138,   285.1319,  5.55334e-09,  4.23550e-09,  4.28157e-09,  1.02250e-09,  2.93168e-09,
00:01:49,    109553,   286.5864,  5.99800e-09,  4.12680e-09,  4.83954e-09,  9.08750e-10,  2.93168e-09,
00:01:49,    109968,   288.1731,  5.10868e-09,  4.12680e-09,  4.65424e-09,  9.08750e-10,  3.00155e-09,
00:01:50,    110383,   290.4210,  5.77568e-09,  4.12680e-09,  4.46790e-09,  1.36374e-09,  3.00155e-09,
00:01:50,    110798,   292.0077,  5.99800e-09,  3.90941e-09,  4.18840e-09,  1.13625e-09,  2.79193e-09,
00:01:51,    111213,   293.7266,  4.66402e-09,  3.80072e-09,  4.65424e-09,  1.02250e-09,  2.79193e-09,
00:01:51,    111628,   295.3133,  5.77568e-09,  4.01811e-09,  4.65424e-09,  1.13625e-09,  3.00155e-09,
00:01:52,    112043,   297.1645,  5.33102e-09,  3.90941e-09,  4.46790e-09,  1.25000e-09,  2.93168e-09,
00:01:52,    112458,   298.6190,  6.22034e-09,  4.12680e-09,  4.65424e-09,  1.25000e-09,  2.93168e-09,
00:01:52,    112873,   300.2057,  5.33102e-09,  3.90941e-09,  4.56107e-09,  1.02250e-09,  2.93168e-09,
00:01:53,    113288,   301.9246,  5.10868e-09,  4.01811e-09,  4.46790e-09,  9.08750e-10,  2.65294e-09,
00:01:53,    113703,   303.2469,  5.33102e-09,  4.12680e-09,  4.56107e-09,  1.02250e-09,  2.93168e-09,
00:01:54,    114118,   305.0981,  5.99800e-09,  3.80072e-09,  4.46790e-09,  1.25000e-09,  2.93168e-09,
00:01:54,    114533,   306.6848,  5.33102e-09,  3.69202e-09,  4.74638e-09,  1.13625e-09,  2.79193e-09,
00:01:54,    114948,   308.5359,  5.99800e-09,  3.58333e-09,  4.56107e-09,  1.13625e-09,  2.86180e-09,
00:01:55,    115363,   310.2549,  5.99800e-09,  4.12680e-09,  4.28157e-09,  1.02250e-09,  2.86180e-09,
00:01:55,    115778,   311.8416,  6.22034e-09,  3.58333e-09,  4.46790e-09,  1.25000e-09,  2.72282e-09,
00:01:56,    116193,   313.5605,  5.99800e-09,  3.69202e-09,  4.37473e-09,  1.25000e-09,  2.65294e-09,
00:01:56,    116608,   315.4117,  5.77568e-09,  3.80072e-09,  4.46790e-09,  1.13625e-09,  2.79193e-09,
00:01:57,    117023,   316.8662,  5.33102e-09,  3.36594e-09,  4.37473e-09,  1.02250e-09,  2.79269e-09,
00:01:57,    117438,   318.5851,  5.77568e-09,  3.58333e-09,  4.83954e-09,  1.13625e-09,  2.86180e-09,
00:01:57,    117853,   320.0396,  5.33102e-09,  3.58333e-09,  4.65424e-09,  1.13625e-09,  2.93168e-09,
00:01:58,    118268,   321.7586,  5.99800e-09,  3.69202e-09,  4.56107e-09,  1.25000e-09,  2.86180e-09,
00:01:58,    118683,   323.2131,  5.99800e-09,  3.69202e-09,  4.28157e-09,  1.25000e-09,  2.86180e-09,
00:01:59,    119098,   324.7998,  5.10868e-09,  3.69202e-09,  4.37473e-09,  1.25000e-09,  2.93168e-09,
00:01:59,    119513,   326.5187,  5.99800e-09,  3.90941e-09,  4.28157e-09,  1.13625e-09,  3.00155e-09,
00:01:59,    119928,   328.5021,  6.22034e-09,  3.36594e-09,  4.83954e-09,  9.08750e-10,  3.07143e-09,
00:02:00,    120343,   330.2210,  6.22034e-09,  3.47463e-09,  4.56107e-09,  1.13625e-09,  3.00155e-09,
00:02:00,    120758,   331.8078,  5.55334e-09,  3.36594e-09,  4.56107e-09,  1.02250e-09,  3.00155e-09,
00:02:01,    121173,   333.3945,  6.22034e-09,  3.69202e-09,  4.65424e-09,  1.02250e-09,  3.00155e-09,
00:02:01,    121588,   335.1134,  6.44266e-09,  3.58333e-09,  5.02588e-09,  1.02250e-09,  3.07143e-09,
00:02:02,    122003,   336.7001,  5.77568e-09,  3.80072e-09,  4.28157e-09,  9.08750e-10,  3.00155e-09,
00:02:02,    122418,   338.5513,  5.77568e-09,  3.69202e-09,  4.37473e-09,  1.25000e-09,  2.86180e-09,
00:02:02,    122833,   340.1380,  5.10868e-09,  3.47463e-09,  4.83954e-09,  7.95000e-10,  3.14130e-09,
00:02:03,    123248,   341.5925,  5.10868e-09,  3.80072e-09,  4.37473e-09,  1.02250e-09,  3.07143e-09,
00:02:03,    123663,   343.5759,  5.33102e-09,  3.58333e-09,  4.65424e-09,  1.02250e-09,  3.14130e-09,
00:02:04,    124078,   345.1626,  5.99800e-09,  3.36594e-09,  4.65424e-09,  1.25000e-09,  3.21118e-09,
00:02:04,    124493,   346.8815,  5.33102e-09,  3.36594e-09,  4.37473e-09,  1.13625e-09,  3.21118e-09,
00:02:04,    124908,   348.6005,  6.22034e-09,  3.25724e-09,  4.65424e-09,  1.25000e-09,  3.14130e-09,
00:02:05,    125323,   350.1872,  5.77568e-09,  3.80072e-09,  4.65321e-09,  1.13625e-09,  3.35093e-09,
00:02:05,    125738,   351.7739,  4.88636e-09,  3.36594e-09,  4.65424e-09,  1.13625e-09,  3.28105e-09,
00:02:06,    126153,   353.7573,  5.77568e-09,  3.36594e-09,  4.37473e-09,  1.13625e-09,  3.14130e-09,
00:02:06,    126568,   355.3440,  5.99800e-09,  3.69202e-09,  4.56107e-09,  1.02250e-09,  3.14130e-09,
00:02:06,    126983,   356.5340,  5.55334e-09,  3.58333e-09,  4.56107e-09,  9.08750e-10,  3.14130e-09,
00:02:07,    127398,   358.5174,  5.10868e-09,  3.47463e-09,  4.65424e-09,  1.25000e-09,  3.28105e-09,
00:02:07,    127813,   359.8397,  5.77568e-09,  3.69202e-09,  4.65424e-09,  1.13625e-09,  3.28105e-09,
00:02:08,    128228,   361.9553,  5.99800e-09,  4.12680e-09,  4.65424e-09,  1.02250e-09,  3.35093e-09,
00:02:08,    128643,   363.4098,  6.66255e-09,  4.12680e-09,  4.37473e-09,  1.13625e-09,  3.35093e-09,
00:02:09,    129058,   365.2610,  5.55334e-09,  3.69202e-09,  4.74638e-09,  9.08750e-10,  3.28105e-09,
00:02:09,    129473,   367.1121,  5.77568e-09,  3.36594e-09,  4.28157e-09,  1.13625e-09,  3.49068e-09,
00:02:09,    129888,   368.6988,  5.33102e-09,  3.69202e-09,  4.83954e-09,  1.25000e-09,  3.49068e-09,
00:02:10,    130303,   370.1533,  5.55334e-09,  3.90941e-09,  4.74740e-09,  1.25000e-09,  3.69954e-09,
00:02:10,    130718,   371.6078,  5.99800e-09,  4.34300e-09,  4.65424e-09,  9.08750e-10,  3.83929e-09,
00:02:11,    131133,   373.3268,  4.88636e-09,  4.01811e-09,  4.46790e-09,  1.13625e-09,  4.04891e-09,
00:02:11,    131548,   374.9135,  5.77568e-09,  4.01811e-09,  4.65424e-09,  1.13625e-09,  3.69954e-09,
00:02:11,    131963,   376.6324,  5.33102e-09,  4.01811e-09,  4.56107e-09,  1.02250e-09,  3.90916e-09,
00:02:12,    132378,   378.3514,  5.77568e-09,  4.34300e-09,  4.93271e-09,  9.08750e-10,  3.69954e-09,
00:02:12,    132793,   380.2025,  5.33102e-09,  3.90941e-09,  4.93271e-09,  1.13625e-09,  3.90916e-09,
00:02:13,    133208,   381.5248,  6.22034e-09,  4.34300e-09,  4.83954e-09,  9.08750e-10,  4.32841e-09,
00:02:13,    133623,   383.3760,  5.10868e-09,  4.45169e-09,  5.02588e-09,  1.13625e-09,  3.97904e-09,
00:02:14,    134038,   385.0949,  5.10868e-09,  4.23550e-09,  4.83954e-09,  1.02250e-09,  4.25854e-09,
00:02:14,    134453,   386.8138,  5.77568e-09,  4.23550e-09,  4.74638e-09,  1.13625e-09,  4.11879e-09,
00:02:14,    134868,   388.2683,  5.99800e-09,  4.45169e-09,  4.74638e-09,  1.02250e-09,  4.39751e-09,
00:02:15,    135283,   389.9873,  5.33102e-09,  4.88647e-09,  4.83954e-09,  1.02250e-09,  4.25854e-09,
00:02:15,    135698,   391.7062,  5.55334e-09,  4.77778e-09,  4.74638e-09,  1.02250e-09,  4.11879e-09,
00:02:16,    136113,   393.2929,  5.99800e-09,  4.23430e-09,  4.74638e-09,  1.02250e-09,  4.18866e-09,
00:02:16,    136528,   395.1441,  5.55334e-09,  4.77778e-09,  5.02588e-09,  7.95000e-10,  4.11879e-09,
00:02:16,    136943,   396.8630,  6.22034e-09,  4.56039e-09,  4.74740e-09,  7.95000e-10,  4.25854e-09,
00:02:17,    137358,   398.4497,  5.10868e-09,  4.66908e-09,  4.56107e-09,  1.13625e-09,  4.04891e-09,
00:02:17,    137773,   399.9042,  6.22034e-09,  4.56039e-09,  4.65424e-09,  7.95000e-10,  3.76941e-09,
00:02:18,    138188,   401.4910,  5.33102e-09,  4.34419e-09,  4.56107e-09,  1.02250e-09,  3.97904e-09,
00:02:18,    138603,   403.4743,  5.10868e-09,  4.12680e-09,  4.83954e-09,  9.08750e-10,  3.62966e-09,
00:02:19,    139018,   405.1933,  6.22034e-09,  3.80072e-09,  4.56107e-09,  1.02250e-09,  3.35093e-09,
00:02:19,    139433,   406.6478,  5.99800e-09,  3.69202e-09,  4.74638e-09,  9.08750e-10,  3.35093e-09,
00:02:19,    139848,   408.4989,  5.77568e-09,  3.58333e-09,  4.93271e-09,  1.02250e-09,  3.28105e-09,
00:02:20,    140263,   410.2179,  5.99800e-09,  3.58333e-09,  4.65424e-09,  9.08750e-10,  3.14130e-09,
00:02:20,    140678,   411.5401,  5.33102e-09,  3.69202e-09,  4.74638e-09,  1.36374e-09,  3.07143e-09,
00:02:21,    141093,   413.5235,  5.10868e-09,  3.25724e-09,  4.83954e-09,  7.95000e-10,  2.86180e-09,
00:02:21,    141508,   415.2424,  5.33102e-09,  3.36594e-09,  4.56107e-09,  1.02250e-09,  2.93168e-09,
00:02:21,    141923,   416.5647,  5.55334e-09,  3.58333e-09,  4.56107e-09,  7.95000e-10,  2.86180e-09,
00:02:22,    142338,   418.2836,  5.55334e-09,  3.47463e-09,  4.56107e-09,  9.08750e-10,  2.86180e-09,
00:02:22,    142753,   420.0026,  5.55334e-09,  3.03986e-09,  4.65424e-09,  1.02250e-09,  2.79193e-09,
00:02:23,    143168,   421.5893,  6.22034e-09,  3.25724e-09,  4.74638e-09,  1.02250e-09,  2.79269e-09,
00:02:23,    143583,   423.4405,  5.77568e-09,  3.25724e-09,  4.93271e-09,  9.08750e-10,  2.58307e-09,
00:02:23,    143998,   424.8950,  5.33102e-09,  3.03986e-09,  4.65424e-09,  7.96250e-10,  2.79193e-09,
00:02:24,    144413,   426.7461,  5.33102e-09,  3.25724e-09,  4.83954e-09,  9.08750e-10,  2.65294e-09,
00:02:24,    144828,   428.4651,  5.55334e-09,  3.14974e-09,  4.74638e-09,  9.08750e-10,  2.72282e-09,
00:02:25,    145243,   429.9196,  5.77568e-09,  3.14856e-09,  4.74740e-09,  1.02250e-09,  2.65294e-09,
00:02:25,    145658,   431.5063,  5.99800e-09,  2.93236e-09,  4.74638e-09,  7.95000e-10,  2.51319e-09,
00:02:26,    146073,   433.3574,  5.33102e-09,  3.25724e-09,  4.93271e-09,  1.02250e-09,  2.51319e-09,
00:02:26,    146488,   434.9442,  5.77568e-09,  3.25724e-09,  4.56107e-09,  9.08750e-10,  2.51319e-09,
00:02:26,    146903,   436.5309,  5.77568e-09,  3.25724e-09,  5.02588e-09,  9.08750e-10,  2.79269e-09,
00:02:27,    147318,   437.9854,  5.99800e-09,  3.14856e-09,  4.93271e-09,  1.02250e-09,  2.65294e-09,
00:02:27,    147733,   439.7043,  5.99800e-09,  3.14974e-09,  4.74740e-09,  1.02250e-09,  2.65294e-09,
00:02:28,    148148,   441.6877,  5.99800e-09,  3.04106e-09,  5.02588e-09,  7.95000e-10,  2.37344e-09,
00:02:28,    148563,   443.4066,  5.33102e-09,  3.04106e-09,  4.93271e-09,  9.08750e-10,  2.51319e-09,
00:02:28,    148978,   444.9933,  5.33102e-09,  2.82367e-09,  4.83954e-09,  1.02250e-09,  2.72282e-09,
00:02:29,    149393,   446.5801,  5.77568e-09,  3.14856e-09,  4.83954e-09,  1.02250e-09,  2.79269e-09,
00:02:29,    149808,   448.0345,  5.77568e-09,  3.04106e-09,  5.21221e-09,  7.95000e-10,  2.51319e-09,
00:02:30,    150223,   449.8857,  5.77568e-09,  2.93236e-09,  4.83954e-09,  1.02250e-09,  2.58307e-09,
00:02:30,    150638,   451.6047,  5.55334e-09,  3.04106e-09,  5.21221e-09,  1.02250e-09,  2.51319e-09,
00:02:31,    151053,   452.9269,  5.10868e-09,  2.93236e-09,  5.30538e-09,  9.08750e-10,  2.79269e-09,
00:02:31,    151468,   454.6459,  5.55334e-09,  2.82367e-09,  5.49171e-09,  1.02250e-09,  2.51319e-09,
00:02:31,    151883,   456.6293,  5.33102e-09,  2.71497e-09,  5.67805e-09,  9.08750e-10,  2.58307e-09,
00:02:32,    152298,   458.2160,  5.10868e-09,  3.03986e-09,  5.58488e-09,  7.95000e-10,  2.37344e-09,
00:02:32,    152713,   459.8027,  5.33102e-09,  3.04106e-09,  5.67805e-09,  9.08750e-10,  2.65294e-09,
00:02:33,    153128,   461.5216,  5.55334e-09,  3.04106e-09,  5.49171e-09,  1.02250e-09,  2.44332e-09,
00:02:33,    153543,   463.2406,  5.33102e-09,  3.03986e-09,  5.77019e-09,  1.02250e-09,  2.65294e-09,
00:02:33,    153958,   464.8273,  6.22034e-09,  2.93236e-09,  5.67805e-09,  1.02250e-09,  2.23369e-09,
00:02:34,    154373,   466.5462,  5.99800e-09,  2.93236e-09,  5.58488e-09,  1.02250e-09,  2.51319e-09,
00:02:34,    154788,   468.1329,  5.55334e-09,  3.14856e-09,  6.04969e-09,  9.08750e-10,  2.58307e-09,
00:02:35,    155203,   469.9841,  5.77568e-09,  3.04106e-09,  5.67805e-09,  9.08750e-10,  2.72282e-09,
00:02:35,    155618,   471.5708,  5.77568e-09,  2.93236e-09,  5.77019e-09,  9.08750e-10,  2.51319e-09,
00:02:36,    156033,   473.1575,  5.55334e-09,  3.25724e-09,  6.14286e-09,  9.08750e-10,  2.51319e-09,
00:02:36,    156448,   474.6120,  5.55334e-09,  3.04106e-09,  6.23602e-09,  1.02250e-09,  2.44332e-09,
00:02:36,    156863,   476.5954,  5.33102e-09,  3.04106e-09,  6.04969e-09,  1.02250e-09,  2.51319e-09,
00:02:37,    157278,   478.0499,  5.77568e-09,  3.14856e-09,  6.04969e-09,  9.08750e-10,  2.58307e-09,
00:02:37,    157693,   479.7688,  5.99800e-09,  2.93236e-09,  6.04969e-09,  1.02250e-09,  2.51319e-09,
00:02:38,    158108,   481.4878,  5.77568e-09,  2.93236e-09,  6.14286e-09,  1.25000e-09,  2.44332e-09,
00:02:38,    158523,   483.2067,  6.21789e-09,  2.82367e-09,  6.14286e-09,  7.95000e-10,  2.37344e-09,
00:02:38,    158938,   484.7934,  5.77568e-09,  2.93236e-09,  6.32919e-09,  7.95000e-10,  2.30357e-09,
00:02:39,    159353,   486.3802,  5.10868e-09,  2.71497e-09,  6.23602e-09,  1.13625e-09,  2.44332e-09,
00:02:39,    159768,   487.9669,  6.22034e-09,  3.14974e-09,  6.04969e-09,  1.02250e-09,  2.44332e-09,
00:02:40,    160183,   489.5536,  5.55334e-09,  2.93236e-09,  6.14286e-09,  9.08750e-10,  2.44332e-09,
00:02:40,    160598,   491.5370,  5.99800e-09,  2.93236e-09,  6.04969e-09,  9.08750e-10,  2.51319e-09,
00:02:41,    161013,   493.2559,  5.99800e-09,  2.71497e-09,  5.95652e-09,  9.08750e-10,  2.44332e-09,
00:02:41,    161428,   494.8426,  6.44023e-09,  2.82367e-09,  5.86335e-09,  1.02250e-09,  2.51319e-09,
00:02:41,    161843,   496.4293,  5.33102e-09,  2.71497e-09,  6.14286e-09,  9.08750e-10,  2.23369e-09,
00:02:42,    162258,   498.2805,  5.55334e-09,  2.49758e-09,  5.49171e-09,  1.02250e-09,  2.30357e-09,
00:02:42,    162673,   499.9994,  6.22034e-09,  3.04106e-09,  5.67805e-09,  7.95000e-10,  2.37344e-09,
00:02:43,    163088,   501.5861,  5.77568e-09,  3.04106e-09,  5.67805e-09,  9.08750e-10,  2.51319e-09,
00:02:43,    163503,   503.3051,  5.33102e-09,  2.93236e-09,  5.49171e-09,  1.02250e-09,  2.23369e-09,
00:02:43,    163918,   505.0240,  6.22034e-09,  2.71497e-09,  5.39854e-09,  1.13625e-09,  2.37344e-09,
00:02:44,    164333,   506.6107,  5.99800e-09,  3.14856e-09,  5.86335e-09,  9.08750e-10,  2.23369e-09,
00:02:44,    164748,   508.3297,  5.55334e-09,  3.14974e-09,  5.39854e-09,  9.08750e-10,  2.30357e-09,
00:02:45,    165163,   509.9164,  5.77568e-09,  2.93236e-09,  5.11905e-09,  1.13625e-09,  2.16382e-09,
00:02:45,    165578,   511.5031,  5.77568e-09,  3.04106e-09,  5.30538e-09,  1.02250e-09,  2.23369e-09,
00:02:45,    165993,   512.9576,  5.99800e-09,  2.71497e-09,  5.21221e-09,  1.13625e-09,  2.23369e-09,
00:02:46,    166408,   514.5443,  5.77568e-09,  2.82367e-09,  5.39854e-09,  1.02250e-09,  2.30357e-09,
00:02:46,    166823,   516.6599,  5.55334e-09,  2.82367e-09,  5.02588e-09,  1.02250e-09,  2.30357e-09,
00:02:47,    167238,   518.3789,  5.33102e-09,  2.93236e-09,  5.30538e-09,  9.08750e-10,  2.44332e-09,
00:02:47,    167653,   519.9656,  5.10868e-09,  3.04106e-09,  5.30538e-09,  9.08750e-10,  2.37344e-09,
00:02:48,    168068,   521.5523,  5.77568e-09,  2.82367e-09,  4.93271e-09,  9.08750e-10,  2.51319e-09,
00:02:48,    168483,   523.2713,  5.99800e-09,  2.93236e-09,  4.83954e-09,  7.95000e-10,  2.30357e-09,
00:02:48,    168898,   524.7257,  5.55334e-09,  2.93236e-09,  5.02588e-09,  1.25000e-09,  2.37344e-09,
00:02:49,    169313,   526.7091,  5.99800e-09,  3.25724e-09,  5.02588e-09,  9.08750e-10,  2.37344e-09,
00:02:49,    169728,   528.1636,  5.10868e-09,  3.14856e-09,  4.74638e-09,  7.95000e-10,  2.44332e-09,
00:02:50,    170143,   529.8825,  5.77568e-09,  3.14974e-09,  5.02588e-09,  9.08750e-10,  2.30357e-09,
00:02:50,    170558,   531.3371,  5.33102e-09,  2.71497e-09,  4.93271e-09,  1.25000e-09,  2.09394e-09,
00:02:50,    170973,   533.3204,  6.22034e-09,  2.82367e-09,  5.02588e-09,  7.95000e-10,  2.37344e-09,
00:02:51,    171388,   535.0394,  5.77568e-09,  3.25724e-09,  5.21221e-09,  1.02250e-09,  2.30357e-09,
00:02:51,    171803,   536.7583,  5.55334e-09,  3.25724e-09,  4.83954e-09,  7.95000e-10,  2.16382e-09,
00:02:52,    172218,   538.0806,  5.55334e-09,  2.93236e-09,  4.83954e-09,  7.96250e-10,  2.37344e-09,
00:02:52,    172633,   539.6673,  5.33102e-09,  3.04106e-09,  4.74638e-09,  7.95000e-10,  2.09394e-09,
00:02:53,    173048,   541.5185,  5.55334e-09,  3.04106e-09,  5.02588e-09,  1.02250e-09,  2.30357e-09,
00:02:53,    173463,   543.3696,  6.22034e-09,  3.04106e-09,  4.93271e-09,  9.08750e-10,  2.37344e-09,
00:02:53,    173878,   544.9563,  5.55334e-09,  2.93236e-09,  4.93271e-09,  7.95000e-10,  2.44332e-09,
00:02:54,    174293,   546.5431,  4.66402e-09,  3.14974e-09,  4.74638e-09,  1.02250e-09,  2.44332e-09,
00:02:54,    174708,   548.1298,  5.77568e-09,  3.25724e-09,  5.02588e-09,  1.02250e-09,  2.16382e-09,
00:02:55,    175123,   549.5843,  5.99800e-09,  3.14856e-09,  4.83954e-09,  1.13625e-09,  2.51319e-09,
00:02:55,    175538,   551.4354,  5.33102e-09,  2.93236e-09,  4.65424e-09,  1.02250e-09,  2.37344e-09,
00:02:55,    175953,   553.1543,  6.44023e-09,  3.04106e-09,  4.83954e-09,  7.95000e-10,  2.02407e-09,
00:02:56,    176368,   554.8733,  5.99800e-09,  3.36594e-09,  4.93271e-09,  9.08750e-10,  2.30357e-09,
00:02:56,    176783,   556.1956,  5.33102e-09,  3.25724e-09,  4.83954e-09,  9.08750e-10,  2.23369e-09,
00:02:57,    177198,   557.9145,  5.33102e-09,  3.04106e-09,  5.21221e-09,  9.08750e-10,  2.37344e-09,
00:02:57,    177613,   559.7656,  5.33102e-09,  2.93236e-09,  5.21221e-09,  1.02250e-09,  2.37344e-09,
00:02:58,    178028,   561.4846,  5.33102e-09,  3.14974e-09,  4.93271e-09,  7.95000e-10,  2.51319e-09,
00:02:58,    178443,   562.9391,  5.77568e-09,  2.93236e-09,  5.02588e-09,  9.08750e-10,  2.44332e-09,
00:02:58,    178858,   564.6580,  5.10868e-09,  3.04106e-09,  5.02588e-09,  1.13625e-09,  2.30357e-09,
00:02:59,    179273,   566.1125,  5.33102e-09,  3.04106e-09,  4.83954e-09,  1.02250e-09,  2.30357e-09,
00:02:59,    179688,   568.0959,  5.55334e-09,  3.36594e-09,  4.46790e-09,  7.95000e-10,  2.23369e-09,
00:03:00,    180103,   569.5504,  5.77568e-09,  3.04106e-09,  5.02588e-09,  1.02250e-09,  2.23369e-09,
00:03:00,    180518,   571.6660,  5.33102e-09,  3.14856e-09,  4.93271e-09,  6.82500e-10,  2.16382e-09,
00:03:00,    180933,   573.1205,  4.66402e-09,  3.04106e-09,  5.11905e-09,  9.08750e-10,  2.30357e-09,
00:03:01,    181348,   574.8394,  5.33102e-09,  3.14856e-09,  5.02588e-09,  9.08750e-10,  2.09394e-09,
00:03:01,    181763,   576.4262,  5.33102e-09,  3.03986e-09,  4.65424e-09,  7.96250e-10,  2.37344e-09,
00:03:02,    182178,   577.8806,  5.55334e-09,  2.82367e-09,  4.65321e-09,  7.95000e-10,  2.16382e-09,
00:03:02,    182593,   579.7318,  5.10868e-09,  3.04106e-09,  5.02588e-09,  1.02250e-09,  2.16382e-09,
00:03:03,    183008,   581.4508,  5.55334e-09,  2.82367e-09,  4.93271e-09,  1.02250e-09,  2.37344e-09,
00:03:03,    183423,   583.0374,  5.55334e-09,  3.14974e-09,  5.02588e-09,  9.08750e-10,  2.37344e-09,
00:03:03,    183838,   584.6242,  5.77568e-09,  3.36594e-09,  5.21221e-09,  7.95000e-10,  2.37344e-09,
00:03:04,    184253,   586.2109,  5.55334e-09,  3.25724e-09,  5.11905e-09,  1.02250e-09,  2.23369e-09,
00:03:04,    184668,   588.0620,  5.33102e-09,  3.04106e-09,  5.02588e-09,  1.13625e-09,  2.37344e-09,
00:03:05,    185083,   589.7810,  5.99800e-09,  3.14974e-09,  5.11905e-09,  9.08750e-10,  2.30357e-09,
00:03:05,    185498,   591.3677,  5.99800e-09,  3.04106e-09,  5.02588e-09,  1.02250e-09,  2.16382e-09,
00:03:05,    185913,   592.8222,  6.44266e-09,  3.25724e-09,  4.65424e-09,  9.08750e-10,  2.16382e-09,
00:03:06,    186328,   594.5412,  5.55334e-09,  3.14974e-09,  4.93271e-09,  1.02250e-09,  2.23369e-09,
00:03:06,    186743,   596.2601,  4.66402e-09,  3.25724e-09,  5.02588e-09,  1.13625e-09,  2.44332e-09,
00:03:07,    187158,   597.8468,  5.33102e-09,  3.47463e-09,  5.02588e-09,  9.08750e-10,  2.30357e-09,
00:03:07,    187573,   599.6980,  5.33102e-09,  3.04106e-09,  4.74638e-09,  7.95000e-10,  2.30357e-09,
00:03:07,    187988,   601.2847,  5.77568e-09,  3.36594e-09,  5.11905e-09,  1.02250e-09,  2.37344e-09,
00:03:08,    188403,   603.0036,  5.77568e-09,  2.82367e-09,  4.74740e-09,  9.08750e-10,  2.37344e-09,
00:03:08,    188818,   604.4581,  5.77568e-09,  3.14856e-09,  4.93271e-09,  1.02250e-09,  2.30357e-09,
00:03:09,    189233,   606.1770,  5.33102e-09,  2.93236e-09,  4.93271e-09,  1.02250e-09,  2.44332e-09,
00:03:09,    189648,   607.8960,  5.55334e-09,  3.04106e-09,  4.93271e-09,  7.95000e-10,  2.30357e-09,
00:03:10,    190063,   609.4827,  5.99800e-09,  3.25724e-09,  4.93271e-09,  6.82500e-10,  2.16382e-09,
00:03:10,    190478,   611.2016,  5.77568e-09,  3.14974e-09,  4.83954e-09,  9.08750e-10,  2.23369e-09,
00:03:10,    190893,   613.1850,  5.55334e-09,  3.14974e-09,  5.11905e-09,  9.08750e-10,  2.23369e-09,
00:03:11,    191308,   614.5073,  5.77568e-09,  3.36594e-09,  4.83954e-09,  7.95000e-10,  2.23369e-09,
00:03:11,    191723,   616.6229,  5.55334e-09,  3.14856e-09,  4.83954e-09,  6.82500e-10,  2.16382e-09,
00:03:12,    192138,   618.0774,  5.55334e-09,  3.25724e-09,  4.74740e-09,  1.02250e-09,  2.16382e-09,
00:03:12,    192553,   619.9286,  5.55334e-09,  3.14856e-09,  5.30538e-09,  1.13625e-09,  2.23369e-09,
00:03:12,    192968,   621.1186,  4.88636e-09,  3.03986e-09,  4.74638e-09,  6.82500e-10,  2.30357e-09,
00:03:13,    193383,   623.1020,  5.55334e-09,  3.47463e-09,  4.93271e-09,  9.08750e-10,  2.09394e-09,
00:03:13,    193798,   624.5565,  5.33102e-09,  3.14856e-09,  4.83954e-09,  1.02250e-09,  2.16382e-09,
00:03:14,    194213,   626.0109,  5.99800e-09,  3.36594e-09,  4.56107e-09,  7.95000e-10,  2.23369e-09,
00:03:14,    194628,   628.1266,  5.55334e-09,  3.04106e-09,  4.74638e-09,  7.95000e-10,  2.16382e-09,
00:03:15,    195043,   629.7133,  5.77568e-09,  3.14856e-09,  5.02588e-09,  9.08750e-10,  2.23369e-09,
00:03:15,    195458,   631.4322,  5.77568e-09,  3.25724e-09,  4.83954e-09,  6.82500e-10,  2.30357e-09,
00:03:15,    195873,   633.0189,  5.55334e-09,  3.25724e-09,  4.83954e-09,  1.02250e-09,  2.09394e-09,
00:03:16,    196288,   634.7379,  5.33102e-09,  3.25724e-09,  4.83954e-09,  1.02250e-09,  2.16382e-09,
00:03:16,    196703,   636.3246,  5.77568e-09,  3.25724e-09,  4.65424e-09,  1.02250e-09,  2.09394e-09,
00:03:17,    197118,   637.9113,  5.33102e-09,  3.58333e-09,  4.83954e-09,  1.02250e-09,  2.23369e-09,
00:03:17,    197533,   639.4980,  4.88636e-09,  3.47463e-09,  4.56107e-09,  9.08750e-10,  2.23369e-09,
00:03:17,    197948,   641.0847,  5.55334e-09,  3.25724e-09,  4.74638e-09,  9.08750e-10,  2.30357e-09,
00:03:18,    198363,   642.9359,  5.55334e-09,  3.36594e-09,  4.83954e-09,  9.08750e-10,  2.23369e-09,
00:03:18,    198778,   644.6549,  5.55334e-09,  3.36594e-09,  4.65424e-09,  1.02250e-09,  2.09394e-09,
00:03:19,    199193,   646.2415,  5.33102e-09,  3.25724e-09,  5.02588e-09,  9.08750e-10,  2.51319e-09,
00:03:19,    199608,   647.8283,  5.55334e-09,  3.36594e-09,  4.65424e-09,  9.08750e-10,  2.30357e-09,
00:03:20,    200023,   649.4150,  5.55334e-09,  3.25724e-09,  5.02588e-09,  9.08750e-10,  2.16382e-09,
00:03:20,    200438,   651.3984,  5.33102e-09,  3.36594e-09,  4.65424e-09,  9.08750e-10,  2.23369e-09,
00:03:20,    200853,   653.3818,  5.33102e-09,  3.36594e-09,  5.02588e-09,  1.02250e-09,  2.16382e-09,
00:03:21,    201268,   654.7041,  5.10868e-09,  3.47463e-09,  5.02588e-09,  1.02250e-09,  2.16382e-09,
00:03:21,    201683,   656.2907,  5.33102e-09,  3.04106e-09,  4.93271e-09,  1.13625e-09,  2.23369e-09,
00:03:22,    202098,   657.8775,  5.77568e-09,  3.47463e-09,  4.65424e-09,  9.08750e-10,  2.23369e-09,
00:03:22,    202513,   659.5964,  5.33102e-09,  3.58333e-09,  4.83954e-09,  9.08750e-10,  2.23369e-09,
00:03:22,    202928,   661.0509,  5.55334e-09,  3.47463e-09,  5.11905e-09,  1.02250e-09,  2.23369e-09,
00:03:23,    203343,   662.9021,  5.55334e-09,  3.25724e-09,  4.46790e-09,  9.08750e-10,  2.37344e-09,
00:03:23,    203758,   664.3565,  4.88636e-09,  3.36594e-09,  5.02588e-09,  7.95000e-10,  2.37344e-09,
00:03:24,    204173,   666.3399,  5.10868e-09,  3.58333e-09,  4.65424e-09,  9.08750e-10,  2.37344e-09,
00:03:24,    204588,   667.9267,  5.10868e-09,  3.36594e-09,  4.83954e-09,  1.02250e-09,  2.23369e-09,
00:03:25,    205003,   669.5134,  4.88636e-09,  3.58333e-09,  4.74638e-09,  1.13625e-09,  2.30357e-09,
00:03:25,    205418,   671.1001,  5.33102e-09,  3.04106e-09,  4.83954e-09,  1.02250e-09,  2.23369e-09,
00:03:25,    205833,   672.8191,  4.88636e-09,  3.47463e-09,  4.65424e-09,  1.13625e-09,  2.23369e-09,
00:03:26,    206248,   674.5380,  5.77568e-09,  3.25724e-09,  4.93271e-09,  9.08750e-10,  2.30357e-09,
00:03:26,    206663,   675.8603,  5.10868e-09,  3.36594e-09,  4.65424e-09,  1.13625e-09,  2.23369e-09,
00:03:27,    207078,   677.7114,  6.22034e-09,  3.47463e-09,  4.93271e-09,  1.13625e-09,  2.09394e-09,
00:03:27,    207493,   679.4303,  5.55334e-09,  3.25724e-09,  4.46790e-09,  7.95000e-10,  2.37344e-09,
00:03:27,    207908,   681.1493,  5.10868e-09,  3.14856e-09,  4.83954e-09,  1.02250e-09,  2.16382e-09,
00:03:28,    208323,   682.7360,  5.55334e-09,  3.58333e-09,  5.02588e-09,  1.13625e-09,  2.23369e-09,
00:03:28,    208738,   684.3227,  5.33102e-09,  3.58333e-09,  5.11905e-09,  1.02250e-09,  2.09394e-09,
00:03:29,    209153,   686.1739,  5.77568e-09,  3.36594e-09,  4.74638e-09,  1.02250e-09,  2.44332e-09,
00:03:29,    209568,   687.6284,  5.33102e-09,  3.36594e-09,  4.83954e-09,  1.02250e-09,  2.23369e-09,
00:03:29,    209983,   689.6117,  5.77568e-09,  3.47463e-09,  4.93271e-09,  1.13625e-09,  2.23369e-09,
00:03:30,    210398,   691.3307,  5.77568e-09,  3.14856e-09,  4.56107e-09,  9.08750e-10,  2.37344e-09,
00:03:30,    210813,   692.5207,  5.10868e-09,  3.36594e-09,  5.02588e-09,  1.25000e-09,  2.23369e-09,
00:03:31,    211228,   694.5041,  5.55334e-09,  3.47463e-09,  4.83954e-09,  1.13625e-09,  2.16382e-09,
00:03:31,    211643,   695.9586,  5.33102e-09,  3.25724e-09,  4.83954e-09,  1.25000e-09,  2.37344e-09,
00:03:32,    212058,   697.8098,  5.55334e-09,  3.47463e-09,  4.74638e-09,  1.25000e-09,  2.23369e-09,
00:03:32,    212473,   699.3965,  5.55334e-09,  3.58333e-09,  4.93271e-09,  1.25000e-09,  2.37344e-09,
00:03:32,    212888,   701.5121,  5.10868e-09,  3.36594e-09,  4.65424e-09,  1.13625e-09,  2.09394e-09,
00:03:33,    213303,   702.8344,  5.33102e-09,  3.58333e-09,  4.83954e-09,  1.13625e-09,  2.37344e-09,
00:03:33,    213718,   704.2888,  5.33102e-09,  3.58333e-09,  4.93271e-09,  1.02250e-09,  2.23369e-09,
00:03:34,    214133,   706.1400,  5.55334e-09,  3.47463e-09,  4.83954e-09,  1.13625e-09,  2.23369e-09,
00:03:34,    214548,   707.8590,  5.55334e-09,  3.36594e-09,  4.83954e-09,  1.25000e-09,  2.30357e-09,
00:03:34,    214963,   709.4456,  5.10868e-09,  3.25724e-09,  5.21221e-09,  1.13625e-09,  2.23369e-09,
00:03:35,    215378,   711.0324,  5.55334e-09,  3.36594e-09,  5.02588e-09,  1.13625e-09,  2.23369e-09,
00:03:35,    215793,   713.0158,  6.22034e-09,  3.47463e-09,  4.83954e-09,  1.47750e-09,  2.16382e-09,
00:03:36,    216208,   714.3380,  5.55334e-09,  3.69202e-09,  4.83954e-09,  1.25000e-09,  2.09394e-09,
00:03:36,    216623,   716.0570,  5.33102e-09,  3.69202e-09,  4.83954e-09,  1.36374e-09,  2.37344e-09,
00:03:37,    217038,   717.6437,  5.10868e-09,  3.69202e-09,  5.11905e-09,  1.25000e-09,  2.23369e-09,
00:03:37,    217453,   719.4948,  5.33102e-09,  3.36594e-09,  4.83954e-09,  1.25000e-09,  2.16382e-09,
00:03:37,    217868,   721.3460,  5.10868e-09,  3.14856e-09,  5.11905e-09,  1.02250e-09,  2.16382e-09,
00:03:38,    218283,   722.6683,  5.77568e-09,  3.47463e-09,  5.02588e-09,  1.02250e-09,  2.51319e-09,
00:03:38,    218698,   724.3872,  4.66402e-09,  3.36594e-09,  4.74638e-09,  1.02250e-09,  2.16382e-09,
00:03:39,    219113,   725.9740,  4.88636e-09,  3.69202e-09,  5.11905e-09,  1.13625e-09,  2.30357e-09,
00:03:39,    219528,   727.6929,  5.77568e-09,  3.25724e-09,  5.30538e-09,  1.25000e-09,  2.30357e-09,
00:03:39,    219943,   729.5440,  4.66402e-09,  3.80072e-09,  5.11905e-09,  1.25000e-09,  2.09394e-09,
00:03:40,    220358,   731.1308,  5.10868e-09,  3.69202e-09,  5.11905e-09,  1.36374e-09,  2.30357e-09,
00:03:40,    220773,   732.7175,  5.33102e-09,  3.58333e-09,  4.74740e-09,  1.02250e-09,  2.37344e-09,
00:03:41,    221188,   734.4364,  5.55334e-09,  3.25724e-09,  5.02588e-09,  1.13625e-09,  2.09394e-09,
00:03:41,    221603,   736.1554,  5.55334e-09,  3.58333e-09,  4.83954e-09,  1.25000e-09,  2.30357e-09,
00:03:42,    222018,   737.7421,  5.10868e-09,  3.58333e-09,  4.93271e-09,  1.13625e-09,  2.09394e-09,
00:03:42,    222433,   739.0644,  5.99800e-09,  3.47463e-09,  4.83954e-09,  1.02250e-09,  2.30357e-09,
00:03:42,    222848,   740.9155,  5.33102e-09,  3.69202e-09,  5.30538e-09,  1.25000e-09,  2.23369e-09,
00:03:43,    223263,   742.7667,  5.33102e-09,  3.80072e-09,  4.93271e-09,  1.36374e-09,  2.30357e-09,
00:03:43,    223678,   744.6178,  5.77568e-09,  3.47463e-09,  4.93271e-09,  1.36374e-09,  2.30357e-09,
00:03:44,    224093,   746.2046,  5.10868e-09,  3.47463e-09,  4.74638e-09,  1.25000e-09,  2.37344e-09,
00:03:44,    224508,   747.7913,  5.33102e-09,  3.80072e-09,  5.02588e-09,  1.25000e-09,  2.16382e-09,
00:03:44,    224923,   749.2458,  5.33102e-09,  3.69202e-09,  4.93271e-09,  1.25000e-09,  2.30357e-09,
00:03:45,    225338,   751.0969,  5.10868e-09,  3.58333e-09,  5.02588e-09,  1.13625e-09,  2.30357e-09,
00:03:45,    225753,   752.8159,  5.77568e-09,  3.47463e-09,  4.65424e-09,  9.08750e-10,  2.16382e-09,
00:03:46,    226168,   754.5348,  5.10868e-09,  3.58333e-09,  5.11905e-09,  1.02250e-09,  2.16382e-09,
00:03:46,    226583,   755.9893,  5.77568e-09,  3.90941e-09,  4.83954e-09,  1.13625e-09,  2.30357e-09,
00:03:46,    226998,   757.8404,  5.33102e-09,  3.69202e-09,  4.74638e-09,  1.13625e-09,  2.16382e-09,
00:03:47,    227413,   759.4271,  5.33102e-09,  3.25724e-09,  4.74638e-09,  1.13625e-09,  2.16382e-09,
00:03:47,    227828,   761.2783,  5.33102e-09,  4.01811e-09,  4.93271e-09,  1.25000e-09,  2.30357e-09,
00:03:48,    228243,   762.6006,  4.66402e-09,  4.01811e-09,  4.93271e-09,  1.25000e-09,  2.16382e-09,
00:03:48,    228658,   764.3195,  5.33102e-09,  3.69202e-09,  5.02588e-09,  1.36374e-09,  2.16382e-09,
00:03:49,    229073,   766.1707,  5.77568e-09,  3.90941e-09,  5.02588e-09,  1.13625e-09,  2.23369e-09,
00:03:49,    229488,   767.6252,  5.55334e-09,  3.69202e-09,  4.83954e-09,  1.25000e-09,  2.37344e-09,
00:03:49,    229903,   769.4763,  5.10868e-09,  3.47463e-09,  4.83954e-09,  1.13625e-09,  2.23369e-09,
00:03:50,    230318,   770.9308,  5.10868e-09,  3.90941e-09,  5.02588e-09,  1.25000e-09,  2.30357e-09,
00:03:50,    230733,   772.6498,  4.88636e-09,  3.69202e-09,  4.83954e-09,  1.36374e-09,  2.30357e-09,
00:03:51,    231148,   774.2365,  5.33102e-09,  3.90941e-09,  5.11905e-09,  1.36374e-09,  2.23369e-09,
00:03:51,    231563,   775.6910,  4.88636e-09,  3.80072e-09,  4.83954e-09,  1.25000e-09,  2.23369e-09,
00:03:51,    231978,   777.5421,  4.88636e-09,  4.01811e-09,  4.74638e-09,  1.02250e-09,  2.23369e-09,
00:03:52,    232393,   779.3933,  4.88636e-09,  4.01811e-09,  4.65321e-09,  1.13625e-09,  2.23369e-09,
00:03:52,    232808,   780.9800,  5.33102e-09,  3.90941e-09,  4.93271e-09,  1.25000e-09,  2.23369e-09,
00:03:53,    233223,   782.5667,  5.33102e-09,  3.69202e-09,  4.46790e-09,  1.25000e-09,  2.23369e-09,
00:03:53,    233638,   784.2857,  5.10868e-09,  3.90941e-09,  4.65424e-09,  1.02250e-09,  2.30357e-09,
00:03:54,    234053,   786.1369,  4.88636e-09,  3.90941e-09,  4.93271e-09,  1.13625e-09,  2.23369e-09,
00:03:54,    234468,   787.8558,  5.33102e-09,  3.90941e-09,  5.02588e-09,  1.13625e-09,  2.16382e-09,
00:03:54,    234883,   789.4425,  5.55334e-09,  4.12680e-09,  5.21221e-09,  1.13625e-09,  2.23369e-09,
00:03:55,    235298,   790.7647,  5.33102e-09,  4.34419e-09,  5.02588e-09,  1.13625e-09,  2.23369e-09,
00:03:55,    235713,   792.4837,  5.55334e-09,  4.01811e-09,  5.02588e-09,  1.13625e-09,  2.30357e-09,
00:03:56,    236128,   794.2027,  5.77568e-09,  3.80072e-09,  4.74638e-09,  9.08750e-10,  2.23369e-09,
00:03:56,    236543,   795.7893,  5.33102e-09,  3.80072e-09,  5.11905e-09,  1.13625e-09,  2.37344e-09,
00:03:56,    236958,   797.6405,  4.88636e-09,  3.90941e-09,  4.74740e-09,  1.02250e-09,  2.16382e-09,
00:03:57,    237373,   799.4917,  5.10868e-09,  4.23550e-09,  4.74638e-09,  1.25000e-09,  2.23369e-09,
00:03:57,    237788,   800.9462,  4.66402e-09,  4.12680e-09,  4.65321e-09,  1.25000e-09,  2.16382e-09,
00:03:58,    238203,   802.6651,  4.88636e-09,  3.80072e-09,  4.83954e-09,  1.25000e-09,  2.23369e-09,
00:03:58,    238618,   804.5163,  5.33102e-09,  3.90941e-09,  4.93271e-09,  1.13625e-09,  2.30357e-09,
00:03:59,    239033,   805.9708,  4.66402e-09,  4.01811e-09,  4.74638e-09,  1.25000e-09,  2.30357e-09,
00:03:59,    239448,   807.5575,  4.66402e-09,  4.12680e-09,  4.93271e-09,  1.25000e-09,  2.30357e-09,
00:03:59,    239863,   809.2765,  4.66402e-09,  4.23550e-09,  4.83954e-09,  1.13625e-09,  2.30357e-09,
00:04:00,    240278,   810.7309,  4.88636e-09,  4.01811e-09,  5.11905e-09,  1.02250e-09,  2.30357e-09,
00:04:00,    240693,   812.5821,  4.44170e-09,  4.12680e-09,  4.65321e-09,  1.13625e-09,  2.30357e-09,
00:04:01,    241108,   814.4333,  5.10868e-09,  4.12680e-09,  4.93271e-09,  1.13625e-09,  2.37344e-09,
00:04:01,    241523,   816.0200,  6.22034e-09,  4.01811e-09,  4.74740e-09,  1.25000e-09,  2.30357e-09,
00:04:01,    241938,   817.7389,  5.55334e-09,  4.23550e-09,  4.83954e-09,  1.02250e-09,  2.16382e-09,
00:04:02,    242353,   819.0612,  5.10868e-09,  3.58333e-09,  4.83954e-09,  1.02250e-09,  2.30357e-09,
00:04:02,    242768,   820.6479,  5.10868e-09,  4.01811e-09,  4.93271e-09,  1.25000e-09,  2.23369e-09,
00:04:03,    243183,   822.4990,  5.55334e-09,  4.12680e-09,  4.93271e-09,  9.08750e-10,  2.37344e-09,
00:04:03,    243598,   824.3502,  5.33102e-09,  4.12680e-09,  4.83954e-09,  1.36374e-09,  2.30357e-09,
00:04:04,    244013,   826.0691,  5.55334e-09,  4.23550e-09,  4.83954e-09,  1.25000e-09,  2.37344e-09,
00:04:04,    244428,   827.6558,  5.33102e-09,  4.34300e-09,  5.11905e-09,  1.13625e-09,  2.37344e-09,
00:04:04,    244843,   829.2426,  4.66402e-09,  4.23550e-09,  4.83954e-09,  1.13625e-09,  2.16382e-09,
00:04:05,    245258,   830.9615,  4.44170e-09,  4.12680e-09,  5.11905e-09,  1.13625e-09,  2.23369e-09,
00:04:05,    245673,   832.6804,  5.10868e-09,  4.23550e-09,  4.83954e-09,  1.13625e-09,  2.44332e-09,
00:04:06,    246088,   834.1349,  4.88636e-09,  4.34419e-09,  5.39854e-09,  1.13625e-09,  2.16382e-09,
00:04:06,    246503,   835.7216,  4.88636e-09,  4.23550e-09,  4.56107e-09,  1.02250e-09,  2.37344e-09,
00:04:06,    246918,   837.4406,  5.33102e-09,  4.01811e-09,  4.93271e-09,  9.08750e-10,  2.30357e-09,
00:04:07,    247333,   839.1595,  5.10868e-09,  4.45169e-09,  4.93271e-09,  1.13625e-09,  2.30357e-09,
00:04:07,    247748,   840.7462,  5.33102e-09,  4.23550e-09,  4.74740e-09,  9.08750e-10,  2.37344e-09,
00:04:08,    248163,   842.5974,  5.33102e-09,  4.56039e-09,  4.83954e-09,  1.02250e-09,  2.44332e-09,
00:04:08,    248578,   844.4486,  4.66402e-09,  4.45169e-09,  4.74638e-09,  1.02250e-09,  2.37344e-09,
00:04:08,    248993,   845.9030,  4.88636e-09,  4.45169e-09,  4.83954e-09,  1.02250e-09,  2.23369e-09,
00:04:09,    249408,   847.4898,  5.33102e-09,  4.34300e-09,  4.83954e-09,  9.08750e-10,  2.23369e-09,
00:04:09,    249823,   849.2087,  4.66402e-09,  4.34300e-09,  5.11905e-09,  9.08750e-10,  2.16382e-09,
00:04:10,    250238,   850.7954,  4.88636e-09,  4.23550e-09,  4.74638e-09,  7.95000e-10,  2.37344e-09,
00:04:10,    250653,   852.2499,  5.33102e-09,  4.34300e-09,  4.93271e-09,  1.13625e-09,  2.16382e-09,
00:04:11,    251068,   854.1011,  5.33102e-09,  4.45169e-09,  5.11905e-09,  9.08750e-10,  2.09394e-09,
00:04:11,    251483,   855.9522,  4.66402e-09,  4.56039e-09,  4.93271e-09,  1.02250e-09,  2.44332e-09,
00:04:11,    251898,   857.6712,  4.66402e-09,  4.34419e-09,  4.83954e-09,  9.08750e-10,  2.09394e-09,
00:04:12,    252313,   859.2579,  5.10868e-09,  4.45169e-09,  4.74638e-09,  1.13625e-09,  2.16382e-09,
00:04:12,    252728,   860.8446,  5.55334e-09,  4.34419e-09,  4.83954e-09,  7.95000e-10,  2.30357e-09,
00:04:13,    253143,   862.6958,  4.44170e-09,  4.23550e-09,  4.83954e-09,  1.02250e-09,  2.30357e-09,
00:04:13,    253558,   864.4148,  5.10868e-09,  4.45169e-09,  4.65424e-09,  9.08750e-10,  2.16382e-09,
00:04:13,    253973,   865.7370,  5.33102e-09,  4.45169e-09,  4.65321e-09,  1.02250e-09,  2.23369e-09,
00:04:14,    254388,   867.7204,  5.33102e-09,  4.66908e-09,  4.83954e-09,  9.08750e-10,  2.30357e-09,
00:04:14,    254803,   869.1749,  4.66402e-09,  4.66908e-09,  4.65424e-09,  9.08750e-10,  2.23369e-09,
00:04:15,    255218,   870.8938,  4.88636e-09,  4.45169e-09,  5.02588e-09,  1.02250e-09,  2.23369e-09,
00:04:15,    255633,   872.4806,  4.88636e-09,  4.23550e-09,  4.74638e-09,  9.08750e-10,  2.09394e-09,
00:04:16,    256048,   874.3317,  4.66402e-09,  4.45169e-09,  5.02588e-09,  1.02250e-09,  2.30357e-09,
00:04:16,    256463,   875.6540,  4.88636e-09,  4.88647e-09,  4.65424e-09,  1.02250e-09,  2.23369e-09,
00:04:16,    256878,   877.5051,  5.10868e-09,  4.56039e-09,  4.74638e-09,  7.95000e-10,  2.72282e-09,
00:04:17,    257293,   879.2241,  5.33102e-09,  4.77778e-09,  4.65424e-09,  1.13625e-09,  2.37344e-09,
00:04:17,    257708,   880.8108,  5.10868e-09,  4.77778e-09,  4.83954e-09,  1.02250e-09,  2.23369e-09,
00:04:18,    258123,   882.7942,  4.21936e-09,  4.56039e-09,  5.30538e-09,  9.08750e-10,  2.16382e-09,
00:04:18,    258538,   884.1164,  5.55334e-09,  4.88647e-09,  4.83954e-09,  9.08750e-10,  2.37344e-09,
00:04:18,    258953,   885.9676,  5.10868e-09,  4.66908e-09,  4.83954e-09,  9.08750e-10,  2.37344e-09,
00:04:19,    259368,   887.4221,  5.33102e-09,  4.66908e-09,  4.74638e-09,  9.08750e-10,  2.37344e-09,
00:04:19,    259783,   889.2733,  4.88636e-09,  4.56039e-09,  5.02588e-09,  9.08750e-10,  2.44332e-09,
00:04:20,    260198,   891.1244,  4.44170e-09,  4.77778e-09,  4.65424e-09,  1.02250e-09,  2.23369e-09,
00:04:20,    260613,   892.7112,  4.88636e-09,  4.77778e-09,  5.11905e-09,  1.13625e-09,  2.58307e-09,
00:04:21,    261028,   894.1656,  3.99705e-09,  4.66908e-09,  4.93271e-09,  7.95000e-10,  2.44332e-09,
00:04:21,    261443,   895.6201,  4.66402e-09,  5.10386e-09,  4.65424e-09,  7.95000e-10,  2.30357e-09,
00:04:21,    261858,   897.3391,  5.55334e-09,  4.56039e-09,  4.83954e-09,  9.08750e-10,  2.30357e-09,
00:04:22,    262273,   899.1902,  4.88636e-09,  4.99517e-09,  4.74638e-09,  7.95000e-10,  2.16382e-09,
00:04:22,    262688,   900.7770,  5.10868e-09,  4.56039e-09,  4.93271e-09,  1.02250e-09,  2.30357e-09,
00:04:23,    263103,   902.6281,  4.88636e-09,  4.77778e-09,  4.93271e-09,  9.08750e-10,  2.37344e-09,
00:04:23,    263518,   904.3470,  4.66402e-09,  4.77778e-09,  5.21221e-09,  9.08750e-10,  2.16382e-09,
00:04:23,    263933,   905.8016,  4.88636e-09,  4.88647e-09,  4.74638e-09,  9.08750e-10,  2.30357e-09,
00:04:24,    264348,   907.5205,  4.66402e-09,  5.10386e-09,  4.65424e-09,  1.02250e-09,  2.30357e-09,
00:04:24,    264763,   909.1072,  5.10868e-09,  4.77778e-09,  5.02588e-09,  9.08750e-10,  2.16382e-09,
00:04:25,    265178,   910.8261,  5.10868e-09,  4.99517e-09,  4.83954e-09,  7.95000e-10,  2.30357e-09,
00:04:25,    265593,   912.4128,  4.88636e-09,  4.66908e-09,  4.65424e-09,  1.02250e-09,  2.30357e-09,
00:04:26,    266008,   914.1318,  5.10868e-09,  4.99517e-09,  4.83954e-09,  1.02250e-09,  2.37344e-09,
00:04:26,    266423,   915.8507,  4.44170e-09,  4.88647e-09,  4.83954e-09,  6.82500e-10,  2.37344e-09,
00:04:26,    266838,   917.5697,  4.44170e-09,  5.10386e-09,  4.83954e-09,  1.02250e-09,  2.37344e-09,
00:04:27,    267253,   919.0241,  5.10868e-09,  4.99517e-09,  5.21221e-09,  1.02250e-09,  2.51319e-09,
00:04:27,    267668,   920.7431,  4.66402e-09,  5.32124e-09,  4.83954e-09,  9.08750e-10,  2.09394e-09,
00:04:28,    268083,   922.3298,  5.10868e-09,  4.88647e-09,  4.83954e-09,  1.02250e-09,  2.44332e-09,
00:04:28,    268498,   923.9165,  5.55334e-09,  4.88647e-09,  4.74638e-09,  9.08750e-10,  2.51319e-09,
00:04:28,    268913,   925.6354,  5.55334e-09,  4.88647e-09,  4.83954e-09,  9.08750e-10,  2.23369e-09,
00:04:29,    269328,   927.4866,  4.88636e-09,  5.21256e-09,  5.21221e-09,  9.08750e-10,  2.44332e-09,
00:04:29,    269743,   929.0733,  4.88636e-09,  4.66908e-09,  4.83954e-09,  9.08750e-10,  2.16382e-09,
00:04:30,    270158,   930.7922,  4.66402e-09,  5.21256e-09,  5.02588e-09,  7.95000e-10,  2.37344e-09,
00:04:30,    270573,   932.3790,  5.55334e-09,  5.10386e-09,  5.30538e-09,  9.08750e-10,  2.09394e-09,
00:04:30,    270988,   933.9656,  5.10868e-09,  5.64613e-09,  5.02588e-09,  7.95000e-10,  2.51319e-09,
00:04:31,    271403,   935.9490,  5.10868e-09,  5.32124e-09,  4.93271e-09,  9.08750e-10,  2.37344e-09,
00:04:31,    271818,   937.5358,  5.10868e-09,  4.88647e-09,  4.65424e-09,  7.95000e-10,  2.44332e-09,
00:04:32,    272233,   938.9902,  4.44170e-09,  5.10386e-09,  5.02588e-09,  6.81250e-10,  2.23369e-09,
00:04:32,    272648,   940.5770,  4.88636e-09,  5.21256e-09,  5.02588e-09,  7.95000e-10,  2.44332e-09,
00:04:33,    273063,   942.5604,  4.21936e-09,  5.10386e-09,  5.02588e-09,  6.82500e-10,  2.37344e-09,
00:04:33,    273478,   944.2793,  4.21936e-09,  5.21256e-09,  4.74638e-09,  6.82500e-10,  2.30357e-09,
00:04:33,    273893,   945.6016,  5.77568e-09,  5.10386e-09,  5.11905e-09,  6.82500e-10,  2.44332e-09,
00:04:34,    274308,   947.4528,  4.88636e-09,  4.99517e-09,  4.65424e-09,  6.82500e-10,  2.44332e-09,
00:04:34,    274723,   949.1717,  4.66402e-09,  5.21256e-09,  4.83954e-09,  7.95000e-10,  2.30357e-09,
00:04:35,    275138,   950.8906,  4.66402e-09,  5.42994e-09,  4.93271e-09,  7.95000e-10,  2.37344e-09,
00:04:35,    275553,   952.4774,  4.44170e-09,  4.88647e-09,  5.02588e-09,  7.96250e-10,  2.37344e-09,
00:04:35,    275968,   954.0640,  5.10868e-09,  5.32124e-09,  4.83954e-09,  7.95000e-10,  2.16382e-09,
00:04:36,    276383,   955.9152,  5.10868e-09,  5.10386e-09,  4.93271e-09,  6.82500e-10,  2.23369e-09,
00:04:36,    276798,   957.3697,  5.33102e-09,  5.32124e-09,  5.11905e-09,  9.08750e-10,  2.44332e-09,
00:04:37,    277213,   959.2209,  4.66402e-09,  5.53744e-09,  5.02588e-09,  7.95000e-10,  2.37344e-09,
00:04:37,    277628,   960.8076,  5.77568e-09,  5.53863e-09,  4.74740e-09,  9.08750e-10,  2.37344e-09,
00:04:38,    278043,   962.5265,  4.66402e-09,  4.99517e-09,  4.93271e-09,  6.82500e-10,  2.51319e-09,
00:04:38,    278458,   963.8488,  5.33102e-09,  5.10386e-09,  5.11905e-09,  6.82500e-10,  2.44332e-09,
00:04:38,    278873,   965.1710,  4.88636e-09,  4.99517e-09,  4.93271e-09,  9.08750e-10,  2.37344e-09,
00:04:39,    279288,   967.2867,  4.66402e-09,  5.32124e-09,  4.93271e-09,  9.08750e-10,  2.30357e-09,
00:04:39,    279703,   969.2701,  4.66402e-09,  5.32124e-09,  4.83954e-09,  7.95000e-10,  2.44332e-09,
00:04:40,    280118,   970.9890,  5.33102e-09,  4.88647e-09,  5.02588e-09,  9.08750e-10,  2.37344e-09,
00:04:40,    280533,   972.4435,  5.33102e-09,  5.21256e-09,  4.83954e-09,  6.82500e-10,  2.51319e-09,
00:04:40,    280948,   973.8980,  4.88636e-09,  4.99517e-09,  5.02588e-09,  9.08750e-10,  2.44332e-09,
00:04:41,    281363,   975.7492,  4.44170e-09,  5.75483e-09,  5.11905e-09,  9.08750e-10,  2.30357e-09,
00:04:41,    281778,   977.4681,  5.10868e-09,  5.21256e-09,  4.65424e-09,  1.02250e-09,  2.30357e-09,
00:04:42,    282193,   979.0548,  4.66402e-09,  5.53863e-09,  5.02588e-09,  9.08750e-10,  2.23369e-09,
00:04:42,    282608,   980.5093,  4.66402e-09,  5.42994e-09,  4.93271e-09,  7.95000e-10,  2.44332e-09,
00:04:43,    283023,   982.3604,  4.44170e-09,  5.21256e-09,  5.21221e-09,  7.95000e-10,  2.37344e-09,
00:04:43,    283438,   983.8150,  5.55334e-09,  5.21256e-09,  5.02588e-09,  9.08750e-10,  2.37344e-09,
00:04:43,    283853,   985.7984,  4.66402e-09,  5.21256e-09,  5.02588e-09,  9.08750e-10,  2.51319e-09,
00:04:44,    284268,   987.5173,  4.88636e-09,  5.64613e-09,  5.02588e-09,  7.95000e-10,  2.30357e-09,
00:04:44,    284683,   988.7073,  4.44170e-09,  5.32124e-09,  4.83954e-09,  1.02250e-09,  2.44332e-09,
00:04:45,    285098,   990.6907,  5.10868e-09,  5.32124e-09,  5.11905e-09,  7.95000e-10,  2.58307e-09,
00:04:45,    285513,   992.2774,  4.88636e-09,  5.32124e-09,  4.83954e-09,  7.95000e-10,  2.44332e-09,
00:04:45,    285928,   994.1286,  4.66402e-09,  5.75483e-09,  4.93271e-09,  9.08750e-10,  2.37344e-09,
00:04:46,    286343,   995.5831,  5.33102e-09,  5.53863e-09,  5.21221e-09,  7.95000e-10,  2.37344e-09,
00:04:46,    286758,   997.3020,  4.44170e-09,  5.21256e-09,  4.93271e-09,  7.95000e-10,  2.44332e-09,
00:04:47,    287173,   999.0210,  4.44170e-09,  5.75483e-09,  4.93271e-09,  7.95000e-10,  2.37344e-09,
00:04:47,    287588,  1000.7399,  4.44170e-09,  5.21256e-09,  4.93271e-09,  9.08750e-10,  2.30357e-09,
00:04:48,    288003,  1002.1944,  5.33102e-09,  5.64613e-09,  5.30538e-09,  9.08750e-10,  2.37344e-09,
00:04:48,    288418,  1003.9134,  5.10868e-09,  5.32124e-09,  5.11905e-09,  7.95000e-10,  2.51319e-09,
00:04:48,    288833,  1005.3678,  4.66402e-09,  5.75483e-09,  5.21221e-09,  7.95000e-10,  2.23369e-09,
00:04:49,    289248,  1007.4834,  5.33102e-09,  5.42994e-09,  5.11905e-09,  9.08750e-10,  2.44332e-09,
00:04:49,    289663,  1009.0702,  4.44170e-09,  5.42994e-09,  5.02588e-09,  9.08750e-10,  2.16382e-09,
00:04:50,    290078,  1010.5246,  5.55334e-09,  5.75483e-09,  5.02588e-09,  7.95000e-10,  2.30357e-09,
00:04:50,    290493,  1012.1114,  4.88636e-09,  5.42994e-09,  5.11905e-09,  6.82500e-10,  2.37344e-09,
00:04:50,    290908,  1013.9625,  5.10868e-09,  5.42994e-09,  5.11905e-09,  7.95000e-10,  2.37344e-09,
00:04:51,    291323,  1015.6815,  4.88636e-09,  5.42994e-09,  5.30538e-09,  7.95000e-10,  2.51319e-09,
00:04:51,    291738,  1017.6648,  4.88636e-09,  5.64613e-09,  5.11905e-09,  9.08750e-10,  2.58307e-09,
00:04:52,    292153,  1018.9871,  5.10868e-09,  5.53744e-09,  5.11905e-09,  7.95000e-10,  2.37344e-09,
00:04:52,    292568,  1020.7061,  4.88636e-09,  5.53744e-09,  4.83954e-09,  6.82500e-10,  2.30357e-09,
00:04:52,    292983,  1022.1606,  5.10868e-09,  5.75483e-09,  4.74740e-09,  9.08750e-10,  2.51319e-09,
00:04:53,    293398,  1024.0117,  4.21936e-09,  5.97222e-09,  5.30538e-09,  7.95000e-10,  2.51319e-09,
00:04:53,    293813,  1025.7307,  4.88636e-09,  5.75483e-09,  4.93271e-09,  9.08750e-10,  2.30357e-09,
00:04:54,    294228,  1027.4496,  4.44170e-09,  5.75483e-09,  5.21221e-09,  7.95000e-10,  2.51319e-09,
00:04:54,    294643,  1029.0364,  5.10868e-09,  6.18961e-09,  5.11905e-09,  6.82500e-10,  2.30357e-09,
00:04:55,    295058,  1030.7552,  4.88636e-09,  5.97222e-09,  5.02588e-09,  7.95000e-10,  2.51319e-09,
00:04:55,    295473,  1032.3420,  4.66402e-09,  5.75483e-09,  4.83954e-09,  9.08750e-10,  2.51319e-09,
00:04:55,    295888,  1033.9287,  4.66402e-09,  5.75483e-09,  5.21221e-09,  7.95000e-10,  2.51319e-09,
00:04:56,    296303,  1035.6476,  4.66402e-09,  6.08091e-09,  4.93271e-09,  1.02250e-09,  2.65294e-09,
00:04:56,    296718,  1037.2344,  3.99705e-09,  5.42994e-09,  5.02588e-09,  7.95000e-10,  2.23369e-09,
00:04:57,    297133,  1038.9532,  4.88636e-09,  5.42994e-09,  5.21221e-09,  9.08750e-10,  2.44332e-09,
00:04:57,    297548,  1040.4078,  4.88636e-09,  5.97222e-09,  5.02588e-09,  1.02250e-09,  2.37344e-09,
00:04:57,    297963,  1042.3912,  4.66402e-09,  5.75483e-09,  4.93271e-09,  7.95000e-10,  2.51319e-09,
00:04:58,    298378,  1043.9779,  4.66402e-09,  5.75483e-09,  5.11905e-09,  6.82500e-10,  2.37344e-09,
00:04:58,    298793,  1045.4323,  4.66402e-09,  6.40700e-09,  4.83954e-09,  6.82500e-10,  2.37344e-09,
00:04:59,    299208,  1047.1513,  4.44170e-09,  5.53863e-09,  5.11905e-09,  7.95000e-10,  2.58307e-09,
00:04:59,    299623,  1049.0024,  5.33102e-09,  5.75483e-09,  5.02588e-09,  9.08750e-10,  2.44332e-09,
00:05:00,    300038,  1050.5892,  5.33102e-09,  5.86352e-09,  5.30538e-09,  7.95000e-10,  2.79193e-09,
00:05:00,    300453,  1052.1759,  5.33102e-09,  6.62439e-09,  5.30538e-09,  7.96250e-10,  2.58307e-09,
00:05:00,    300868,  1053.7625,  4.44170e-09,  5.75483e-09,  5.58488e-09,  7.95000e-10,  2.79269e-09,
