0000000375,scans,0000000146,DataLength
"header",0000000028,"lines"
"Date",5/8/2016,"Time",11:46:16 PM
"ID","HAL RC RGA 301 #14852","Version",3
"Scans",9
"Scan ID","Mode","Input","Scanned","Start","Stop","Increment","Dwell","Settle","RS","RelSEM"
"Scan 1","RGA","Temperature","none",0.40,0.40,0.01,10.000,10.000,1.000000,1.000000,
"Scan 2","RGA","SEM","mass",2.00,2.00,0.01,10.000,10.000,0.440000,1.000000,
"Scan 3","RGA","SEM","mass",14.00,14.00,0.01,10.000,10.000,1.000000,1.000000,
"Scan 4","RGA","SEM","mass",18.00,18.00,0.01,10.000,10.000,0.900000,1.000000,
"Scan 5","RGA","SEM","mass",28.00,28.00,0.01,10.000,10.000,1.050000,1.000000,
"Scan 6","RGA","SEM","mass",29.00,29.00,0.01,10.000,10.000,1.000000,1.000000,
"Scan 7","RGA","SEM","mass",43.00,43.00,0.01,10.000,10.000,1.000000,1.000000,
"Scan 8","RGA","SEM","mass",44.00,44.00,0.01,10.000,10.000,1.400000,1.000000,
"Scan 9","RGA","SEM","mass",60.00,60.00,0.01,10.000,10.000,0.577000,1.000000,
"Environment",
"Global","RGA"
"F1",1,"( 1 = on, 0 = off )"
"F2",0,"( 1 = on, 0 = off )"
"cage",3.3,"V"
"delta-m",0,"%"
"electron-energy",70.0,"V"
"emission",1000.000,"uA"
"focus",-90,"V"
"mass",5.50,"amu"
"mode-change-delay",1000,"ms"
"multiplier",1100,"V"
"resolution",0,"%"
"Data",9
"Time","ms","Temperature","Hydrogen","Ketene","Water","Carbon monoxide","Acetaldehyde","Acetic acid","Carbon dioxide","Acetic acid",
00:00:01,      1241,   169.6985,  3.90909e-09,  6.45000e-10,  3.10556e-09,  3.48095e-09,  2.15000e-10,  1.07500e-10,  1.76607e-09, -1.86308e-10,
00:00:01,      1906,   169.6985,  5.75368e-09,  4.88050e-10,  3.37669e-09,  3.43897e-09,  1.02125e-10,  4.19250e-11,  1.49348e-09,  5.58925e-11,
00:00:02,      2551,   169.4340,  5.56800e-09,  1.66517e-10,  3.51524e-09,  3.51678e-09,  4.35375e-11,  3.66575e-11,  1.28462e-09,  3.31629e-11,
00:00:03,      3196,   169.5663,  5.50936e-09,  1.51360e-10,  3.25844e-09,  3.64476e-09,  7.66475e-11,  2.88100e-11,  1.46276e-09,  2.38475e-11,
00:00:03,      3861,   169.3018,  5.57045e-09,  1.90490e-10,  3.26800e-09,  3.47071e-09,  4.27850e-11,  3.79475e-11,  1.34682e-09,  2.83189e-11,
00:00:04,      4526,   169.1696,  5.69016e-09,  1.36632e-10,  3.41850e-09,  3.58538e-09,  5.97700e-11,  4.06350e-11,  1.40134e-09,  2.60832e-11,
00:00:05,      5191,   169.3018,  6.32539e-09,  1.52327e-10,  3.55347e-09,  3.56490e-09,  6.38550e-11,  4.43975e-11,  1.41132e-09,  3.01820e-11,
00:00:05,      5856,   169.0374,  5.89784e-09,  1.26420e-10,  3.69083e-09,  3.58538e-09,  5.69750e-11,  3.80550e-11,  1.33607e-09,  1.47184e-11,
00:00:06,      6521,   169.1696,  5.94914e-09,  1.80600e-10,  3.73622e-09,  3.24854e-09,  7.23475e-11,  4.37525e-11,  1.50116e-09,  2.51516e-11,
00:00:07,      7166,   169.1696,  5.43852e-09,  1.47705e-10,  3.70517e-09,  3.54954e-09,  8.76125e-11,  3.63350e-11,  1.53648e-09,  2.06802e-11,
00:00:07,      7811,   169.3018,  5.58511e-09,  1.52435e-10,  3.51167e-09,  3.58743e-09,  7.74000e-11,  3.09600e-11,  1.29614e-09,  2.29159e-11,
00:00:08,      8476,   169.4340,  5.71459e-09,  1.44372e-10,  3.50211e-09,  3.66011e-09,  7.51425e-11,  4.49350e-11,  1.49118e-09,  3.74480e-11,
00:00:09,      9141,   169.4340,  6.26186e-09,  1.44587e-10,  3.78997e-09,  3.89662e-09,  6.43925e-11,  3.16050e-11,  1.52419e-09,  2.08666e-11,
00:00:09,      9806,   169.4340,  6.11527e-09,  1.53940e-10,  3.69322e-09,  3.50143e-09,  5.83725e-11,  3.32175e-11,  1.44204e-09,  2.90641e-11,
00:00:10,     10471,   169.5663,  6.18857e-09,  1.50607e-10,  3.79356e-09,  3.80550e-09,  6.31025e-11,  4.02050e-11,  1.31764e-09,  3.40945e-11,
00:00:11,     11136,   169.5663,  5.77811e-09,  1.36310e-10,  3.84372e-09,  3.58845e-09,  8.40650e-11,  2.88100e-11,  1.29230e-09,  3.03683e-11,
00:00:11,     11801,   169.6985,  5.97357e-09,  1.26097e-10,  3.62752e-09,  3.57924e-09,  4.77300e-11,  4.66550e-11,  1.35450e-09,  3.55849e-11,
00:00:12,     12466,   169.8307,  5.84409e-09,  1.56305e-10,  3.68008e-09,  3.77990e-09,  6.90150e-11,  3.19275e-11,  1.43819e-09,  2.73873e-11,
00:00:13,     13131,   170.0952,  6.32050e-09,  1.56950e-10,  3.76608e-09,  3.80754e-09,  5.26750e-11,  4.08500e-11,  1.41362e-09,  2.25433e-11,
00:00:13,     13796,   170.2274,  6.79448e-09,  1.48242e-10,  3.71472e-09,  3.84952e-09,  7.79375e-11,  3.83775e-11,  1.46968e-09,  2.51516e-11,
00:00:14,     14461,   170.4918,  5.73414e-09,  1.22227e-10,  3.71113e-09,  4.04097e-09,  6.68650e-11,  5.18150e-11,  1.25698e-09,  3.72617e-11,
00:00:15,     15126,   170.3596,  6.13970e-09,  1.38890e-10,  3.78280e-09,  4.03073e-09,  6.55750e-11,  3.69800e-11,  1.31304e-09,  3.55849e-11,
00:00:15,     15791,   170.7563,  6.73095e-09,  1.36632e-10,  3.91061e-09,  4.17816e-09,  7.53575e-11,  4.69775e-11,  1.31534e-09,  3.03683e-11,
00:00:16,     16456,   170.6241,  6.49152e-09,  1.42222e-10,  4.14711e-09,  4.05735e-09,  7.37450e-11,  3.44000e-11,  1.42130e-09,  2.90641e-11,
00:00:17,     17121,   170.7563,  7.14875e-09,  1.40502e-10,  3.49136e-09,  4.04814e-09,  3.95600e-11,  6.27800e-11,  1.22243e-09,  3.16724e-11,
00:00:17,     17786,   170.6241,  6.47443e-09,  1.56305e-10,  3.91539e-09,  3.84235e-09,  5.61150e-11,  4.08500e-11,  1.29154e-09,  2.04939e-11,
00:00:18,     18451,   170.8885,  6.27898e-09,  1.42007e-10,  3.77086e-09,  3.70516e-09,  5.49325e-11,  5.47175e-11,  1.27618e-09,  2.92504e-11,
00:00:19,     19116,   170.8885,  5.99311e-09,  1.17282e-10,  3.81624e-09,  3.71540e-09,  5.70825e-11,  6.23500e-11,  1.47505e-09,  2.70147e-11,
00:00:19,     19781,   171.1530,  6.70652e-09,  1.28570e-10,  3.89986e-09,  3.75943e-09,  6.31025e-11,  3.70875e-11,  1.19248e-09,  2.98094e-11,
00:00:20,     20446,   171.0207,  6.22277e-09,  1.42437e-10,  3.95002e-09,  3.86795e-09,  7.36375e-11,  4.45050e-11,  1.36601e-09,  3.94974e-11,
00:00:21,     21111,   171.0207,  6.61368e-09,  1.56412e-10,  3.97869e-09,  3.85669e-09,  5.90175e-11,  2.81650e-11,  1.43051e-09,  2.77600e-11,
00:00:21,     21776,   171.2852,  6.46709e-09,  1.40610e-10,  3.99063e-09,  3.98671e-09,  5.47175e-11,  4.10650e-11,  1.36832e-09,  1.62088e-11,
00:00:22,     22441,   171.2852,  6.51595e-09,  1.33085e-10,  3.70636e-09,  3.67854e-09,  6.95525e-11,  3.45075e-11,  1.43205e-09,  1.28553e-11,
00:00:23,     23106,   171.1530,  6.13727e-09,  1.48995e-10,  3.83178e-09,  3.75635e-09,  6.00925e-11,  5.45025e-11,  1.42514e-09,  3.80069e-11,
00:00:23,     23771,   170.8885,  6.26186e-09,  1.30612e-10,  3.94644e-09,  3.66933e-09,  4.85900e-11,  3.99900e-11,  1.30459e-09,  2.96231e-11,
00:00:24,     24436,   171.1530,  6.58682e-09,  1.15885e-10,  4.05991e-09,  3.72257e-09,  5.23525e-11,  3.94525e-11,  1.34375e-09,  3.01820e-11,
00:00:25,     25101,   171.1530,  6.50375e-09,  1.42652e-10,  4.26417e-09,  3.76557e-09,  7.57875e-11,  3.66575e-11,  1.41286e-09,  2.90641e-11,
00:00:25,     25746,   171.0207,  6.75050e-09,  1.43727e-10,  4.08261e-09,  3.86897e-09,  5.05250e-11,  4.67625e-11,  1.52650e-09,  4.73224e-11,
00:00:26,     26411,   170.8885,  5.11602e-09,  1.06855e-10,  3.91419e-09,  3.85464e-09,  6.42850e-11,  4.19250e-11,  1.51421e-09,  3.33492e-11,
00:00:27,     27076,   170.8885,  5.97602e-09,  1.20400e-10,  3.56780e-09,  3.83211e-09,  6.64350e-11,  4.06350e-11,  1.29461e-09,  3.44671e-11,
00:00:27,     27741,   170.8885,  6.39136e-09,  1.27495e-10,  3.86641e-09,  3.58845e-09,  8.17000e-11,  3.78400e-11,  1.48119e-09,  2.27296e-11,
00:00:28,     28406,   170.6241,  5.83920e-09,  1.11262e-10,  3.91180e-09,  3.88229e-09,  6.76175e-11,  3.98825e-11,  1.36909e-09,  2.75737e-11,
00:00:29,     29071,   170.6241,  6.58436e-09,  1.23302e-10,  3.91300e-09,  3.83416e-09,  6.11675e-11,  4.98800e-11,  1.40134e-09,  2.04939e-11,
00:00:29,     29736,   170.6241,  6.34982e-09,  1.20292e-10,  3.96436e-09,  3.86590e-09,  7.70775e-11,  4.91275e-11,  1.44204e-09,  4.63908e-11,
00:00:30,     30401,   170.3596,  6.38891e-09,  1.23840e-10,  4.00974e-09,  3.85054e-09,  7.41750e-11,  3.47225e-11,  1.38061e-09,  2.53380e-11,
00:00:31,     31066,   170.4918,  6.40357e-09,  1.39750e-10,  3.65858e-09,  3.94064e-09,  8.29900e-11,  5.32125e-11,  1.42744e-09,  3.48397e-11,
00:00:31,     31731,   170.3596,  6.16659e-09,  1.26742e-10,  3.71472e-09,  3.93962e-09,  7.03050e-11,  3.76250e-11,  1.53648e-09,  1.73267e-11,
00:00:32,     32396,   170.2274,  6.85311e-09,  1.23840e-10,  3.84252e-09,  3.76045e-09,  7.77225e-11,  3.09600e-11,  1.57411e-09,  4.37825e-11,
00:00:33,     33041,   169.9629,  5.93448e-09,  1.38245e-10,  3.94644e-09,  3.64271e-09,  6.03075e-11,  4.45050e-11,  1.52880e-09,  2.42201e-11,
00:00:33,     33706,   170.0952,  6.64300e-09,  1.46522e-10,  3.97272e-09,  3.95088e-09,  5.90175e-11,  3.87000e-11,  1.61326e-09,  1.76993e-11,
00:00:34,     34371,   170.2274,  6.59659e-09,  1.30720e-10,  3.85686e-09,  3.87819e-09,  6.37475e-11,  3.98825e-11,  1.58716e-09,  4.63908e-11,
00:00:35,     35036,   169.9629,  6.05909e-09,  1.38352e-10,  4.04319e-09,  3.75635e-09,  7.72925e-11,  5.84800e-11,  1.44050e-09,  4.88128e-11,
00:00:35,     35701,   170.0952,  5.90516e-09,  1.10725e-10,  3.78041e-09,  3.75943e-09,  6.86925e-11,  4.05275e-11,  1.47505e-09,  2.49653e-11,
00:00:36,     36366,   169.6985,  6.29607e-09,  1.18572e-10,  4.00139e-09,  3.64578e-09,  6.48225e-11,  5.42875e-11,  1.41746e-09,  4.54593e-11,
00:00:37,     37031,   169.5663,  6.15682e-09,  1.16207e-10,  3.82341e-09,  3.68264e-09,  6.69725e-11,  4.10650e-11,  1.41900e-09,  4.22920e-11,
00:00:37,     37696,   170.0952,  5.57777e-09,  1.16315e-10,  4.50663e-09,  4.35324e-09,  7.15950e-11,  4.47200e-11,  1.50884e-09,  4.28510e-11,
00:00:38,     38361,   170.6241,  6.58193e-09,  1.20185e-10,  4.24863e-09,  4.22526e-09,  9.01925e-11,  3.67650e-11,  1.48119e-09,  2.64558e-11,
00:00:39,     39026,   171.9463,  5.95159e-09,  1.31365e-10,  4.76224e-09,  4.03586e-09,  6.84775e-11,  4.82675e-11,  1.62401e-09,  3.03683e-11,
00:00:39,     39691,   173.2686,  5.67795e-09,  1.38352e-10,  5.30930e-09,  3.89662e-09,  7.37450e-11,  3.97750e-11,  1.66087e-09,  2.90641e-11,
00:00:40,     40356,   176.3098,  6.43045e-09,  1.43942e-10,  4.75030e-09,  3.74202e-09,  5.96625e-11,  6.55750e-11,  1.63476e-09,  3.74480e-11,
00:00:41,     41021,   180.0121,  6.47686e-09,  1.24700e-10,  4.46602e-09,  4.07886e-09,  6.56825e-11,  3.69800e-11,  1.49271e-09,  6.05503e-11,
00:00:41,     41686,   184.9045,  6.73830e-09,  1.39535e-10,  4.42063e-09,  3.65807e-09,  7.65400e-11,  4.53650e-11,  1.54109e-09,  2.79463e-11,
00:00:42,     42331,   190.4580,  6.22277e-09,  1.39212e-10,  3.85328e-09,  3.75226e-09,  5.92325e-11,  5.25675e-11,  1.59561e-09,  4.08016e-11,
00:00:42,     42996,   196.2759,  5.85386e-09,  1.40287e-10,  4.09694e-09,  3.81062e-09,  6.74025e-11,  3.74100e-11,  1.46968e-09,  3.37218e-11,
00:00:43,     43661,   201.6972,  6.34250e-09,  1.49102e-10,  4.09694e-09,  3.80857e-09,  6.33175e-11,  3.87000e-11,  1.56259e-09,  3.96837e-11,
00:00:44,     44326,   206.3251,  6.26186e-09,  1.38675e-10,  3.96674e-09,  3.82392e-09,  6.07375e-11,  5.99850e-11,  1.65089e-09,  3.22314e-11,
00:00:44,     44991,   210.1597,  6.29607e-09,  1.34805e-10,  4.04439e-09,  3.76659e-09,  6.89075e-11,  3.67650e-11,  1.50884e-09,  3.44671e-11,
00:00:45,     45656,   213.7298,  6.65523e-09,  1.13842e-10,  4.04917e-09,  4.01743e-09,  7.25625e-11,  5.49325e-11,  1.51191e-09,  2.77600e-11,
00:00:46,     46321,   216.2421,  6.16659e-09,  1.29430e-10,  3.93928e-09,  3.62429e-09,  7.63250e-11,  5.48250e-11,  1.52419e-09,  5.12348e-11,
00:00:46,     46986,   218.3577,  5.51425e-09,  1.55552e-10,  4.03602e-09,  3.86692e-09,  7.97650e-11,  4.53650e-11,  1.37754e-09,  4.02426e-11,
00:00:47,     47611,   220.0766,  6.04198e-09,  1.47920e-10,  4.08500e-09,  3.75021e-09,  6.29950e-11,  2.60150e-11,  1.48811e-09,  2.29159e-11,
00:00:48,     48276,   221.5311,  5.81720e-09,  1.58777e-10,  3.97152e-09,  3.53111e-09,  6.89075e-11,  5.93400e-11,  1.48657e-09,  2.66421e-11,
00:00:48,     48941,   223.1178,  5.05005e-09,  1.39427e-10,  3.96556e-09,  3.91914e-09,  4.90200e-11,  5.37500e-11,  1.51421e-09,  2.51516e-11,
00:00:49,     49606,   224.7046,  5.46539e-09,  1.42975e-10,  3.91300e-09,  4.07373e-09,  7.43900e-11,  5.19225e-11,  1.53341e-09,  2.88778e-11,
00:00:50,     50271,   226.1590,  5.64618e-09,  1.22012e-10,  4.39436e-09,  4.01538e-09,  7.31000e-11,  3.23575e-11,  1.39059e-09,  3.16724e-11,
00:00:50,     50936,   228.0102,  6.01266e-09,  1.66732e-10,  4.07663e-09,  3.84133e-09,  6.24575e-11,  4.70850e-11,  1.52957e-09,  3.40945e-11,
00:00:51,     51581,   230.2581,  6.21300e-09,  1.36095e-10,  4.16741e-09,  4.03892e-09,  7.91200e-11,  4.55800e-11,  1.61557e-09,  2.81326e-11,
00:00:52,     52246,   232.7704,  6.00777e-09,  1.38890e-10,  4.32867e-09,  3.78092e-09,  5.60075e-11,  4.77300e-11,  1.57026e-09,  2.60832e-11,
00:00:52,     52911,   235.4149,  5.91493e-09,  1.28785e-10,  4.27491e-09,  3.88126e-09,  7.22400e-11,  5.31050e-11,  1.54032e-09,  2.86915e-11,
00:00:53,     53576,   238.4561,  5.45561e-09,  1.33622e-10,  4.20683e-09,  3.67854e-09,  8.09475e-11,  6.15975e-11,  1.60482e-09,  2.49653e-11,
00:00:54,     54241,   241.8940,  6.25698e-09,  1.49747e-10,  4.68102e-09,  3.62429e-09,  6.15975e-11,  5.52550e-11,  1.54723e-09,  3.94974e-11,
00:00:54,     54906,   245.5963,  6.22277e-09,  1.47920e-10,  4.46602e-09,  3.68264e-09,  6.25650e-11,  5.20300e-11,  1.62018e-09,  3.94974e-11,
00:00:55,     55551,   248.7697,  6.56970e-09,  1.52542e-10,  4.53411e-09,  4.02767e-09,  4.84825e-11,  6.63275e-11,  1.56950e-09,  3.81932e-11,
00:00:56,     56216,   252.2076,  6.23989e-09,  1.65765e-10,  4.86736e-09,  3.81369e-09,  6.63275e-11,  6.32100e-11,  1.60943e-09,  5.29116e-11,
00:00:56,     56881,   255.2488,  6.94595e-09,  1.41362e-10,  4.30119e-09,  3.93859e-09,  8.48175e-11,  4.23550e-11,  1.57411e-09,  3.46534e-11,
00:00:57,     57546,   258.4222,  6.65766e-09,  1.51575e-10,  4.57830e-09,  3.80550e-09,  5.84800e-11,  4.45050e-11,  1.56796e-09,  1.91898e-11,
00:00:58,     58211,   261.1990,  6.02489e-09,  1.39212e-10,  4.45169e-09,  3.88229e-09,  6.42850e-11,  5.59000e-11,  1.61250e-09,  3.87522e-11,
00:00:58,     58876,   263.7113,  6.66011e-09,  1.25560e-10,  4.64519e-09,  3.66319e-09,  6.52525e-11,  4.14950e-11,  1.61250e-09,  4.19194e-11,
00:00:59,     59541,   265.8269,  7.05834e-09,  1.44157e-10,  4.65474e-09,  3.60892e-09,  6.17050e-11,  4.39675e-11,  1.53801e-09,  2.77600e-11,
00:01:00,     60206,   268.3392,  6.59902e-09,  1.41792e-10,  4.79211e-09,  3.80652e-09,  5.64375e-11,  5.32125e-11,  1.58946e-09,  3.07409e-11,
00:01:00,     60871,   270.4548,  6.69186e-09,  1.56412e-10,  4.67147e-09,  3.76864e-09,  6.05225e-11,  3.97750e-11,  1.33376e-09,  3.83795e-11,
00:01:01,     61536,   272.8349,  6.23255e-09,  1.75117e-10,  5.03458e-09,  3.64886e-09,  7.19175e-11,  6.20275e-11,  1.44741e-09,  4.22920e-11,
00:01:02,     62201,   275.3472,  6.72364e-09,  1.37815e-10,  4.82674e-09,  4.14130e-09,  7.68625e-11,  7.51425e-11,  1.62862e-09,  3.52123e-11,
00:01:02,     62866,   277.8595,  5.99557e-09,  1.45985e-10,  4.90319e-09,  4.00514e-09,  7.53575e-11,  5.42875e-11,  1.72384e-09,  4.21057e-11,
00:01:03,     63531,   280.3718,  6.17880e-09,  1.69205e-10,  5.19463e-09,  3.66626e-09,  7.33150e-11,  4.45050e-11,  1.61096e-09,  2.75737e-11,
00:01:04,     64196,   283.0163,  6.26186e-09,  1.63937e-10,  5.03697e-09,  3.88843e-09,  6.25650e-11,  6.41775e-11,  1.61326e-09,  4.08016e-11,
00:01:04,     64861,   285.3964,  6.78470e-09,  1.56842e-10,  4.94858e-09,  3.65807e-09,  6.89075e-11,  7.23475e-11,  1.59791e-09,  2.60832e-11,
00:01:05,     65526,   288.4376,  6.86045e-09,  1.31902e-10,  4.95694e-09,  3.88433e-09,  8.72900e-11,  4.75150e-11,  1.60175e-09,  2.44064e-11,
00:01:06,     66191,   291.3465,  6.66255e-09,  1.44265e-10,  4.90439e-09,  3.87000e-09,  6.61125e-11,  5.10625e-11,  1.64168e-09,  2.04939e-11,
00:01:06,     66856,   294.1233,  6.60391e-09,  1.65335e-10,  4.49469e-09,  4.07578e-09,  6.86925e-11,  5.86950e-11,  1.61480e-09,  5.12348e-11,
00:01:07,     67521,   297.0323,  7.52743e-09,  1.71892e-10,  4.79211e-09,  4.15257e-09,  5.91250e-11,  4.94500e-11,  1.50346e-09,  2.58969e-11,
00:01:08,     68186,   299.6768,  6.95084e-09,  1.38675e-10,  4.96411e-09,  4.03892e-09,  6.02000e-11,  6.18125e-11,  1.54186e-09,  3.26040e-11,
00:01:08,     68851,   302.4535,  7.20250e-09,  1.12337e-10,  4.96411e-09,  4.13721e-09,  8.29900e-11,  6.96600e-11,  1.50039e-09,  6.20407e-11,
00:01:09,     69516,   305.0981,  7.64470e-09,  1.75117e-10,  4.82197e-09,  3.95805e-09,  7.41750e-11,  6.66500e-11,  1.66701e-09,  3.22314e-11,
00:01:10,     70181,   307.6104,  7.23914e-09,  1.20077e-10,  4.78852e-09,  4.01640e-09,  7.39600e-11,  5.23525e-11,  1.70541e-09,  2.72010e-11,
00:01:10,     70846,   310.3871,  7.13164e-09,  1.74902e-10,  4.98800e-09,  3.80754e-09,  6.10600e-11,  6.42850e-11,  1.63400e-09,  4.67634e-11,
00:01:11,     71511,   312.8994,  7.31489e-09,  1.38997e-10,  4.65356e-09,  3.84952e-09,  8.58925e-11,  6.93375e-11,  1.64168e-09,  4.32236e-11,
00:01:12,     72176,   315.5439,  7.39307e-09,  1.32117e-10,  4.60817e-09,  3.92426e-09,  6.85850e-11,  5.11700e-11,  1.64629e-09,  4.09879e-11,
00:01:12,     72841,   318.3207,  8.02830e-09,  1.63830e-10,  4.74074e-09,  4.09114e-09,  7.32075e-11,  6.64350e-11,  1.56719e-09,  3.55849e-11,
00:01:13,     73486,   320.8330,  7.52989e-09,  1.65657e-10,  4.72402e-09,  4.12902e-09,  6.64350e-11,  6.32100e-11,  1.66471e-09,  5.19801e-11,
00:01:14,     74151,   323.2131,  7.67891e-09,  1.27495e-10,  4.61056e-09,  4.24164e-09,  8.11625e-11,  5.34275e-11,  1.60712e-09,  4.21057e-11,
00:01:14,     74816,   325.8576,  7.17561e-09,  1.42867e-10,  4.26058e-09,  3.86181e-09,  8.30975e-11,  6.03075e-11,  1.76146e-09,  3.74480e-11,
00:01:15,     75481,   328.7666,  7.90857e-09,  1.59422e-10,  4.73956e-09,  4.05940e-09,  7.83675e-11,  5.32125e-11,  1.67700e-09,  2.99957e-11,
00:01:16,     76146,   331.6755,  8.07716e-09,  1.37707e-10,  4.44333e-09,  4.01129e-09,  6.83700e-11,  6.18125e-11,  1.54032e-09,  3.33492e-11,
00:01:16,     76811,   334.1878,  7.82550e-09,  1.54477e-10,  4.65833e-09,  3.84952e-09,  7.90125e-11,  6.32100e-11,  1.79909e-09,  4.43414e-11,
00:01:17,     77476,   336.7001,  7.87925e-09,  1.66087e-10,  4.55202e-09,  4.04610e-09,  7.48200e-11,  6.83700e-11,  1.67930e-09,  4.99307e-11,
00:01:18,     78141,   339.2124,  8.31170e-09,  1.71247e-10,  4.39197e-09,  4.07067e-09,  8.55700e-11,  6.49300e-11,  1.69926e-09,  4.82539e-11,
00:01:18,     78806,   342.1214,  8.45830e-09,  1.79632e-10,  4.33941e-09,  3.97545e-09,  7.58950e-11,  5.83725e-11,  1.61404e-09,  3.72617e-11,
00:01:19,     79471,   344.7659,  7.78641e-09,  1.45770e-10,  4.73239e-09,  4.15667e-09,  6.54675e-11,  6.85850e-11,  1.73075e-09,  3.55849e-11,
00:01:20,     80136,   347.5427,  8.04784e-09,  1.57272e-10,  4.30000e-09,  3.96111e-09,  7.85825e-11,  6.90150e-11,  1.71462e-09,  3.11135e-11,
00:01:20,     80801,   350.1872,  8.63664e-09,  1.63830e-10,  4.62011e-09,  4.13311e-09,  7.48200e-11,  6.68650e-11,  1.84516e-09,  2.96231e-11,
00:01:21,     81466,   352.6995,  8.70016e-09,  1.58240e-10,  4.20324e-09,  3.96010e-09,  9.11600e-11,  5.19225e-11,  1.61787e-09,  4.37825e-11,
00:01:22,     82131,   355.4762,  8.83698e-09,  1.28677e-10,  4.51858e-09,  3.85464e-09,  7.92275e-11,  6.34250e-11,  1.71923e-09,  3.07409e-11,
00:01:22,     82796,   358.1207,  7.85970e-09,  1.66302e-10,  4.37406e-09,  4.07169e-09,  7.92275e-11,  5.88025e-11,  1.80139e-09,  3.09272e-11,
00:01:23,     83441,   360.7653,  8.40943e-09,  1.12875e-10,  4.60697e-09,  3.81778e-09,  7.44975e-11,  8.24525e-11,  1.63016e-09,  3.44671e-11,
00:01:24,     84086,   363.1453,  8.44364e-09,  1.27710e-10,  4.37883e-09,  3.78297e-09,  5.53625e-11,  6.92300e-11,  1.72076e-09,  3.39081e-11,
00:01:24,     84751,   366.1865,  8.36789e-09,  1.63077e-10,  4.29283e-09,  3.98262e-09,  7.76150e-11,  5.05250e-11,  1.73689e-09,  3.46534e-11,
00:01:25,     85416,   368.5666,  8.83209e-09,  1.74580e-10,  4.25939e-09,  3.72359e-09,  7.65400e-11,  5.95550e-11,  1.65396e-09,  5.94324e-11,
00:01:26,     86081,   371.3434,  8.71970e-09,  1.24055e-10,  4.24744e-09,  4.10343e-09,  7.63250e-11,  6.22425e-11,  1.64936e-09,  3.24177e-11,
00:01:26,     86746,   373.9879,  7.79130e-09,  1.84900e-10,  4.31313e-09,  3.92733e-09,  8.53550e-11,  6.80475e-11,  1.73151e-09,  5.10485e-11,
00:01:27,     87411,   376.7646,  7.88659e-09,  1.61895e-10,  4.27850e-09,  3.87205e-09,  7.97650e-11,  5.67600e-11,  1.68237e-09,  4.82539e-11,
00:01:28,     88076,   379.4092,  7.98920e-09,  1.61572e-10,  4.40630e-09,  3.90583e-09,  6.92300e-11,  7.13800e-11,  1.63169e-09,  3.80069e-11,
00:01:28,     88741,   381.9215,  6.77982e-09,  1.48780e-10,  4.54606e-09,  4.11776e-09,  8.14850e-11,  6.67575e-11,  1.70157e-09,  3.87522e-11,
00:01:29,     89406,   384.5660,  7.68625e-09,  1.61680e-10,  4.53052e-09,  4.03176e-09,  7.82600e-11,  5.14925e-11,  1.59023e-09,  5.30979e-11,
00:01:30,     90071,   387.3427,  7.84016e-09,  1.63615e-10,  4.47319e-09,  3.92324e-09,  6.88000e-11,  8.04100e-11,  1.62862e-09,  4.02426e-11,
00:01:30,     90736,   389.9873,  6.66500e-09,  1.45877e-10,  4.21519e-09,  3.97135e-09,  6.49300e-11,  6.26725e-11,  1.57487e-09,  4.41551e-11,
00:01:31,     91401,   392.4996,  8.07227e-09,  1.48350e-10,  4.68102e-09,  4.08705e-09,  6.66500e-11,  5.18150e-11,  1.68007e-09,  5.71967e-11,
00:01:32,     92066,   395.4085,  7.46391e-09,  1.36740e-10,  4.75628e-09,  4.21707e-09,  6.98750e-11,  6.96600e-11,  1.72768e-09,  4.95581e-11,
00:01:32,     92731,   397.9208,  6.90443e-09,  1.62970e-10,  4.47678e-09,  4.08295e-09,  9.04075e-11,  6.08450e-11,  1.87818e-09,  6.59532e-11,
00:01:33,     93396,   400.3009,  7.54698e-09,  1.54370e-10,  4.30119e-09,  4.25802e-09,  8.63225e-11,  6.14900e-11,  1.62939e-09,  3.76343e-11,
00:01:34,     94061,   403.3421,  6.95573e-09,  1.71247e-10,  4.33822e-09,  4.09216e-09,  8.62150e-11,  7.39600e-11,  1.58869e-09,  3.65165e-11,
00:01:34,     94726,   405.8544,  6.88732e-09,  1.59100e-10,  4.57233e-09,  4.30307e-09,  5.42875e-11,  6.82625e-11,  1.63554e-09,  3.74480e-11,
00:01:35,     95391,   408.6312,  6.79205e-09,  1.64152e-10,  4.49230e-09,  3.97750e-09,  9.43850e-11,  7.77225e-11,  1.65550e-09,  5.51473e-11,
00:01:36,     96056,   411.5401,  6.87511e-09,  1.35557e-10,  4.40630e-09,  4.09114e-09,  6.77250e-11,  5.79425e-11,  1.54416e-09,  5.16075e-11,
00:01:36,     96721,   414.1846,  7.12186e-09,  1.51037e-10,  4.44930e-09,  4.19864e-09,  5.63300e-11,  6.14900e-11,  1.90736e-09,  6.61395e-11,
00:01:37,     97386,   416.5647,  6.57705e-09,  1.32655e-10,  4.31791e-09,  4.54469e-09,  7.41750e-11,  4.98800e-11,  1.70157e-09,  5.10485e-11,
00:01:38,     98051,   419.3415,  6.37182e-09,  1.50070e-10,  4.44930e-09,  4.32457e-09,  6.14900e-11,  6.68650e-11,  1.62939e-09,  5.08622e-11,
00:01:38,     98716,   421.9860,  6.99239e-09,  1.60712e-10,  4.75389e-09,  4.33686e-09,  8.91175e-11,  5.83725e-11,  1.67009e-09,  4.00563e-11,
00:01:39,     99381,   424.7627,  7.01436e-09,  1.77052e-10,  4.56517e-09,  4.37678e-09,  8.22375e-11,  7.33150e-11,  1.63861e-09,  5.21664e-11,
00:01:40,    100046,   427.0106,  6.80182e-09,  1.62110e-10,  4.19847e-09,  4.21195e-09,  8.05175e-11,  5.46100e-11,  1.60175e-09,  3.65165e-11,
00:01:40,    100711,   429.9196,  5.87341e-09,  1.46522e-10,  4.46006e-09,  4.40750e-09,  7.92275e-11,  5.49325e-11,  1.67239e-09,  6.09229e-11,
00:01:41,    101376,   432.6963,  7.43948e-09,  1.71032e-10,  4.78613e-09,  4.53650e-09,  8.52475e-11,  5.38575e-11,  1.76300e-09,  4.34099e-11,
00:01:42,    102041,   435.3408,  6.70409e-09,  1.83717e-10,  4.13756e-09,  4.53752e-09,  6.86925e-11,  7.20250e-11,  1.83211e-09,  5.86872e-11,
00:01:42,    102706,   437.7209,  7.15118e-09,  1.66840e-10,  4.52217e-09,  4.26621e-09,  8.66450e-11,  4.36450e-11,  1.63476e-09,  4.35962e-11,
00:01:43,    103371,   440.7621,  6.81891e-09,  1.58670e-10,  4.31433e-09,  4.80576e-09,  6.51450e-11,  5.64375e-11,  1.78680e-09,  4.84402e-11,
00:01:44,    104036,   443.2744,  6.19834e-09,  1.39105e-10,  4.40272e-09,  4.69519e-09,  8.79350e-11,  5.41800e-11,  1.63169e-09,  4.78813e-11,
00:01:44,    104701,   445.7867,  6.20080e-09,  1.52650e-10,  4.48274e-09,  4.83954e-09,  7.38525e-11,  5.77275e-11,  1.89200e-09,  5.88735e-11,
00:01:45,    105366,   448.5635,  6.52818e-09,  1.59960e-10,  4.30836e-09,  4.92554e-09,  9.62125e-11,  4.92350e-11,  1.52804e-09,  4.02426e-11,
00:01:46,    106031,   451.4724,  6.68698e-09,  1.50822e-10,  4.37406e-09,  4.98288e-09,  7.86900e-11,  6.61125e-11,  1.75839e-09,  5.62652e-11,
00:01:46,    106696,   453.7203,  6.90443e-09,  1.51360e-10,  4.57950e-09,  4.84671e-09,  7.92275e-11,  6.27800e-11,  1.69312e-09,  4.95581e-11,
00:01:47,    107361,   456.4970,  6.40602e-09,  1.32547e-10,  4.37763e-09,  4.77402e-09,  8.01950e-11,  5.55775e-11,  1.60175e-09,  3.96837e-11,
00:01:48,    108026,   459.2738,  6.38402e-09,  1.64905e-10,  4.69178e-09,  4.92350e-09,  7.27775e-11,  6.60050e-11,  1.74304e-09,  7.13562e-11,
00:01:48,    108691,   462.0505,  6.72364e-09,  1.42652e-10,  4.65356e-09,  5.19071e-09,  5.93400e-11,  6.77250e-11,  1.69312e-09,  4.47140e-11,
00:01:49,    109336,   464.5628,  5.93448e-09,  1.83932e-10,  4.59622e-09,  4.92964e-09,  9.39550e-11,  8.65375e-11,  1.60405e-09,  4.89991e-11,
00:01:50,    110001,   467.3396,  6.68943e-09,  1.72860e-10,  4.23550e-09,  5.01154e-09,  9.09450e-11,  8.10550e-11,  1.57794e-09,  4.84402e-11,
00:01:50,    110666,   469.9841,  7.09011e-09,  1.56412e-10,  4.12441e-09,  5.30640e-09,  8.72900e-11,  5.66525e-11,  1.80676e-09,  3.40945e-11,
00:01:51,    111331,   472.6286,  7.09255e-09,  1.86620e-10,  4.60697e-09,  5.26648e-09,  9.32025e-11,  5.28900e-11,  1.74226e-09,  4.09879e-11,
00:01:51,    111996,   475.2732,  6.18614e-09,  1.82965e-10,  4.57233e-09,  5.65348e-09,  9.11600e-11,  6.29950e-11,  1.68391e-09,  3.26040e-11,
00:01:52,    112661,   477.9177,  6.49886e-09,  1.47382e-10,  4.71806e-09,  5.92786e-09,  9.28800e-11,  6.03075e-11,  1.59484e-09,  3.87522e-11,
00:01:53,    113306,   480.2977,  6.43289e-09,  1.89952e-10,  5.00591e-09,  5.69238e-09,  7.96575e-11,  6.68650e-11,  1.68621e-09,  4.69497e-11,
00:01:53,    113971,   483.0745,  6.46466e-09,  1.78020e-10,  4.72522e-09,  5.95959e-09,  8.29900e-11,  6.94450e-11,  1.71693e-09,  4.99307e-11,
00:01:54,    114636,   485.5868,  6.68698e-09,  1.62002e-10,  4.42541e-09,  5.97597e-09,  8.89025e-11,  6.05225e-11,  1.80369e-09,  4.97444e-11,
00:01:55,    115301,   488.3635,  6.08841e-09,  1.71355e-10,  4.78256e-09,  6.14286e-09,  7.62175e-11,  6.91225e-11,  1.65626e-09,  3.83795e-11,
00:01:55,    115966,   491.0080,  6.96795e-09,  1.40717e-10,  4.91513e-09,  6.14695e-09,  7.65400e-11,  7.69700e-11,  1.62171e-09,  4.78813e-11,
00:01:56,    116631,   493.7848,  7.64470e-09,  1.40717e-10,  4.78733e-09,  6.29950e-09,  7.82600e-11,  5.81575e-11,  1.62479e-09,  3.57712e-11,
00:01:57,    117296,   496.4293,  6.50130e-09,  1.48457e-10,  4.66191e-09,  6.02000e-09,  8.04100e-11,  6.68650e-11,  1.54032e-09,  4.35962e-11,
00:01:57,    117961,   499.0738,  6.52330e-09,  1.29322e-10,  4.57113e-09,  5.77429e-09,  8.27750e-11,  5.71900e-11,  1.58332e-09,  4.47140e-11,
00:01:58,    118606,   501.7184,  6.57705e-09,  1.76730e-10,  4.42063e-09,  5.87462e-09,  1.08682e-10,  5.07400e-11,  1.69926e-09,  4.76950e-11,
00:01:59,    119271,   504.4951,  6.34250e-09,  1.66732e-10,  4.53052e-09,  5.74459e-09,  8.46025e-11,  9.05150e-11,  1.66011e-09,  5.03033e-11,
00:01:59,    119936,   507.0074,  6.09573e-09,  1.63722e-10,  4.28447e-09,  5.95754e-09,  9.46000e-11,  6.81550e-11,  1.93269e-09,  4.73224e-11,
00:02:00,    120581,   509.7842,  6.64300e-09,  1.49855e-10,  4.54367e-09,  5.65245e-09,  1.10940e-10,  8.35275e-11,  1.70080e-09,  5.27253e-11,
00:02:01,    121246,   512.2965,  6.49641e-09,  1.45447e-10,  4.84108e-09,  5.68214e-09,  9.98675e-11,  5.89100e-11,  1.74226e-09,  4.32236e-11,
00:02:01,    121911,   514.9410,  6.46466e-09,  1.51145e-10,  4.51261e-09,  5.00950e-09,  7.56800e-11,  5.53625e-11,  1.60482e-09,  6.46490e-11,
00:02:02,    122576,   518.1144,  6.07864e-09,  1.79310e-10,  4.33702e-09,  5.35145e-09,  7.89050e-11,  6.51450e-11,  1.79141e-09,  5.29116e-11,
00:02:03,    123241,   520.4945,  7.00216e-09,  1.72322e-10,  4.38958e-09,  5.34429e-09,  8.33125e-11,  5.46100e-11,  1.67162e-09,  6.24133e-11,
00:02:03,    123906,   523.1390,  6.91420e-09,  1.67162e-10,  4.89961e-09,  4.62148e-09,  9.89000e-11,  4.23550e-11,  1.71769e-09,  5.29116e-11,
00:02:04,    124511,   525.3869,  7.34175e-09,  1.86727e-10,  4.59741e-09,  4.97673e-09,  8.99775e-11,  5.96625e-11,  1.66779e-09,  3.67028e-11,
00:02:05,    125176,   528.2959,  7.17318e-09,  1.89952e-10,  4.62489e-09,  4.72692e-09,  8.89025e-11,  6.75100e-11,  1.70080e-09,  4.89991e-11,
00:02:05,    125841,   530.6759,  6.32539e-09,  1.75225e-10,  4.60936e-09,  4.63786e-09,  8.20225e-11,  7.52500e-11,  1.69466e-09,  5.08622e-11,
00:02:06,    126506,   533.4527,  7.00216e-09,  1.74472e-10,  4.86019e-09,  4.85900e-09,  8.71825e-11,  5.74050e-11,  1.64014e-09,  2.44064e-11,
00:02:07,    127171,   535.9649,  6.83602e-09,  1.65442e-10,  4.64041e-09,  4.67164e-09,  8.39575e-11,  6.53600e-11,  1.68851e-09,  3.46534e-11,
00:02:07,    127836,   538.8739,  6.94352e-09,  1.71032e-10,  4.67028e-09,  4.65424e-09,  8.36350e-11,  7.51425e-11,  1.64551e-09,  4.99307e-11,
00:02:08,    128501,   541.3862,  6.81159e-09,  1.65550e-10,  4.07544e-09,  4.86514e-09,  7.27775e-11,  6.40700e-11,  1.55875e-09,  3.48397e-11,
00:02:09,    129166,   544.0307,  6.70652e-09,  1.77375e-10,  4.39556e-09,  4.62762e-09,  9.96525e-11,  6.06300e-11,  1.63093e-09,  5.16075e-11,
00:02:09,    129831,   546.8075,  6.61857e-09,  1.53617e-10,  4.69774e-09,  4.44129e-09,  8.91175e-11,  6.10600e-11,  1.58025e-09,  3.76343e-11,
00:02:10,    130496,   549.4520,  6.48175e-09,  1.44587e-10,  4.88528e-09,  4.88767e-09,  6.15975e-11,  8.27750e-11,  1.63169e-09,  3.94974e-11,
00:02:11,    131161,   552.0965,  6.97773e-09,  1.92317e-10,  4.75030e-09,  4.30614e-09,  7.09500e-11,  6.91225e-11,  1.72844e-09,  4.89991e-11,
00:02:11,    131826,   554.8733,  6.12016e-09,  1.47382e-10,  4.63802e-09,  4.48326e-09,  8.04100e-11,  8.04100e-11,  1.78373e-09,  5.14211e-11,
00:02:12,    132491,   557.5178,  6.38402e-09,  1.72322e-10,  4.56278e-09,  4.14950e-09,  9.77175e-11,  6.52525e-11,  1.60866e-09,  4.45277e-11,
00:02:13,    133156,   560.1623,  6.85800e-09,  1.63937e-10,  4.59502e-09,  4.43207e-09,  9.14825e-11,  7.78300e-11,  1.75148e-09,  4.69497e-11,
00:02:13,    133801,   562.6746,  6.31318e-09,  1.54262e-10,  4.79211e-09,  4.44129e-09,  1.16960e-10,  6.79400e-11,  1.83979e-09,  5.36568e-11,
00:02:14,    134466,   565.3192,  5.98334e-09,  1.69957e-10,  4.46722e-09,  4.27645e-09,  7.75075e-11,  7.50350e-11,  1.75993e-09,  5.90598e-11,
00:02:15,    135111,   567.9637,  6.37670e-09,  1.50285e-10,  4.50783e-09,  4.27338e-09,  8.03025e-11,  7.68625e-11,  1.67009e-09,  4.99307e-11,
00:02:15,    135776,   570.4760,  6.17636e-09,  1.83502e-10,  4.51500e-09,  4.20478e-09,  7.17025e-11,  6.38550e-11,  1.73612e-09,  5.16075e-11,
00:02:16,    136441,   573.2527,  6.27409e-09,  1.69420e-10,  4.79330e-09,  4.39010e-09,  9.53525e-11,  6.45000e-11,  1.70925e-09,  5.85009e-11,
00:02:17,    137106,   575.7650,  6.58436e-09,  1.66302e-10,  4.66669e-09,  4.20478e-09,  8.05175e-11,  5.93400e-11,  1.75762e-09,  4.97444e-11,
00:02:17,    137771,   578.4096,  6.57705e-09,  1.46200e-10,  4.65117e-09,  4.34811e-09,  9.58900e-11,  6.83700e-11,  1.67469e-09,  5.66378e-11,
00:02:18,    138436,   581.0540,  6.48909e-09,  1.31150e-10,  4.21758e-09,  4.04916e-09,  8.61075e-11,  8.05175e-11,  1.72154e-09,  4.63908e-11,
00:02:19,    139101,   583.6986,  6.34493e-09,  1.81245e-10,  4.34180e-09,  4.10957e-09,  7.56800e-11,  5.96625e-11,  1.87664e-09,  4.95581e-11,
00:02:19,    139766,   586.6076,  6.37914e-09,  1.84255e-10,  4.51978e-09,  4.39111e-09,  8.67525e-11,  6.02000e-11,  1.60943e-09,  4.78813e-11,
00:02:20,    140431,   589.1198,  5.63152e-09,  1.67270e-10,  4.70133e-09,  4.28259e-09,  1.09757e-10,  6.99825e-11,  1.71309e-09,  6.09229e-11,
00:02:21,    141096,   591.8966,  6.17880e-09,  1.48242e-10,  4.71208e-09,  3.99081e-09,  9.76100e-11,  6.64350e-11,  1.70157e-09,  4.19194e-11,
00:02:21,    141761,   594.4089,  5.95402e-09,  1.71247e-10,  4.69774e-09,  4.39726e-09,  7.76150e-11,  6.83700e-11,  1.64244e-09,  5.34705e-11,
00:02:22,    142426,   597.3179,  6.00534e-09,  1.88125e-10,  4.65713e-09,  4.07681e-09,  8.12700e-11,  5.18150e-11,  1.64244e-09,  5.75693e-11,
00:02:23,    143091,   600.0946,  6.63080e-09,  1.57272e-10,  4.64041e-09,  4.10752e-09,  8.29900e-11,  4.75150e-11,  1.78834e-09,  4.78813e-11,
00:02:23,    143756,   602.4747,  6.76761e-09,  1.61035e-10,  4.41228e-09,  4.15564e-09,  8.96550e-11,  6.90150e-11,  1.83594e-09,  6.16681e-11,
00:02:24,    144421,   605.2514,  7.10232e-09,  1.41792e-10,  4.55441e-09,  4.26314e-09,  9.85775e-11,  6.68650e-11,  1.67700e-09,  5.21664e-11,
00:02:25,    145086,   607.7638,  6.10307e-09,  1.67700e-10,  4.40033e-09,  4.49043e-09,  8.50325e-11,  6.41775e-11,  1.78680e-09,  6.25997e-11,
00:02:25,    145751,   610.5405,  6.17391e-09,  1.57272e-10,  4.51261e-09,  4.19250e-09,  9.43850e-11,  6.83700e-11,  1.75609e-09,  4.78813e-11,
00:02:26,    146416,   613.4495,  6.44511e-09,  1.62110e-10,  4.29044e-09,  4.31330e-09,  7.68625e-11,  7.90125e-11,  1.78911e-09,  5.45884e-11,
00:02:27,    147081,   615.9618,  6.41091e-09,  1.71677e-10,  4.79450e-09,  4.27850e-09,  7.53575e-11,  6.65425e-11,  1.73075e-09,  4.84402e-11,
00:02:27,    147746,   618.6063,  7.03636e-09,  1.65980e-10,  4.59263e-09,  4.30716e-09,  6.98750e-11,  7.39600e-11,  1.73919e-09,  5.38432e-11,
00:02:28,    148411,   621.2508,  6.72852e-09,  1.48135e-10,  5.01428e-09,  4.40545e-09,  8.20225e-11,  6.94450e-11,  1.72844e-09,  6.35312e-11,
00:02:29,    149076,   624.0276,  6.66500e-09,  1.56412e-10,  4.73358e-09,  4.25802e-09,  7.93350e-11,  6.85850e-11,  1.76991e-09,  3.89385e-11,
00:02:29,    149741,   626.4076,  6.53550e-09,  1.60497e-10,  4.71686e-09,  4.09421e-09,  8.35275e-11,  5.14925e-11,  1.83441e-09,  5.51473e-11,
00:02:30,    150406,   629.4488,  5.78789e-09,  1.65765e-10,  4.49111e-09,  4.12083e-09,  7.31000e-11,  5.75125e-11,  1.79755e-09,  4.58319e-11,
00:02:31,    151071,   632.2256,  6.45732e-09,  1.89200e-10,  4.84706e-09,  4.39726e-09,  8.13775e-11,  8.79350e-11,  1.67162e-09,  3.61438e-11,
00:02:31,    151736,   634.8701,  6.20323e-09,  1.59530e-10,  4.68461e-09,  4.02869e-09,  1.00405e-10,  6.04150e-11,  1.69389e-09,  2.70147e-11,
00:02:32,    152381,   637.1179,  6.62345e-09,  1.88770e-10,  4.72402e-09,  4.39419e-09,  7.09500e-11,  7.46050e-11,  1.59637e-09,  5.70104e-11,
00:02:33,    153046,   639.7625,  6.53795e-09,  1.56412e-10,  4.79211e-09,  4.42592e-09,  9.47075e-11,  7.81525e-11,  1.65319e-09,  5.55199e-11,
00:02:33,    153711,   642.5392,  6.36693e-09,  1.64690e-10,  4.52456e-09,  4.45869e-09,  7.70775e-11,  6.20275e-11,  1.56412e-09,  5.75693e-11,
00:02:34,    154376,   645.1837,  6.71875e-09,  1.66732e-10,  4.72283e-09,  4.33686e-09,  8.44950e-11,  9.03000e-11,  1.72307e-09,  7.28466e-11,
00:02:35,    155041,   647.9605,  5.45318e-09,  2.01455e-10,  4.68222e-09,  4.26826e-09,  9.00850e-11,  6.93375e-11,  1.60482e-09,  4.75087e-11,
00:02:35,    155706,   650.3406,  7.23425e-09,  1.71140e-10,  4.54008e-09,  4.11059e-09,  7.90125e-11,  8.23450e-11,  1.81137e-09,  4.43414e-11,
00:02:36,    156371,   653.3818,  6.30584e-09,  1.91350e-10,  4.85183e-09,  4.40033e-09,  8.57850e-11,  7.34225e-11,  1.62786e-09,  4.76950e-11,
00:02:37,    157036,   655.8941,  5.93205e-09,  1.71032e-10,  4.76941e-09,  4.41364e-09,  9.95450e-11,  8.64300e-11,  1.59254e-09,  5.17938e-11,
00:02:37,    157701,   658.4064,  6.89466e-09,  1.48565e-10,  4.72761e-09,  4.33276e-09,  7.51425e-11,  6.48225e-11,  1.73612e-09,  3.89385e-11,
00:02:38,    158366,   661.1831,  7.00948e-09,  1.79417e-10,  4.62728e-09,  4.28669e-09,  8.65375e-11,  6.89075e-11,  1.80523e-09,  3.83795e-11,
00:02:39,    159031,   663.8277,  6.49886e-09,  2.00487e-10,  4.84228e-09,  4.39214e-09,  9.33100e-11,  5.46100e-11,  1.78296e-09,  5.58925e-11,
00:02:39,    159696,   666.2077,  7.17561e-09,  1.50930e-10,  4.82078e-09,  4.32252e-09,  7.53575e-11,  6.75100e-11,  1.77221e-09,  5.68241e-11,
00:02:40,    160361,   669.2489,  7.00216e-09,  1.73505e-10,  4.52336e-09,  4.10854e-09,  6.38550e-11,  7.01975e-11,  1.68237e-09,  5.86872e-11,
00:02:41,    161026,   671.7612,  6.62345e-09,  1.56197e-10,  4.75030e-09,  4.32764e-09,  8.38500e-11,  6.70800e-11,  1.63630e-09,  5.21664e-11,
00:02:41,    161691,   674.5380,  6.73584e-09,  1.56842e-10,  4.60458e-09,  4.09626e-09,  8.03025e-11,  8.09475e-11,  1.63476e-09,  5.04896e-11,
00:02:42,    162356,   677.1825,  6.31807e-09,  1.76837e-10,  4.85541e-09,  4.43924e-09,  7.01975e-11,  8.72900e-11,  1.68544e-09,  6.57669e-11,
00:02:43,    163021,   679.6948,  7.09011e-09,  1.95542e-10,  5.16119e-09,  4.29590e-09,  7.84750e-11,  7.72925e-11,  1.64782e-09,  5.38432e-11,
00:02:43,    163686,   682.4715,  5.77811e-09,  1.73397e-10,  4.95933e-09,  4.35221e-09,  8.56775e-11,  7.61100e-11,  1.75609e-09,  4.91854e-11,
00:02:44,    164351,   684.9838,  5.92716e-09,  1.85330e-10,  4.62847e-09,  4.12800e-09,  1.10402e-10,  6.23500e-11,  2.03866e-09,  6.76300e-11,
00:02:45,    165016,   687.8928,  5.83186e-09,  1.64152e-10,  4.91513e-09,  4.40954e-09,  8.18075e-11,  7.57875e-11,  1.53418e-09,  5.92461e-11,
00:02:45,    165681,   690.5373,  6.49398e-09,  1.77805e-10,  4.95217e-09,  4.34505e-09,  8.38500e-11,  6.57900e-11,  1.75379e-09,  4.32236e-11,
00:02:46,    166346,   692.9174,  7.48834e-09,  1.97585e-10,  4.91036e-09,  4.24062e-09,  7.86900e-11,  8.18075e-11,  1.65780e-09,  4.54593e-11,
00:02:46,    166991,   695.5619,  6.10550e-09,  1.59315e-10,  4.81600e-09,  4.50476e-09,  8.04100e-11,  7.91200e-11,  1.67009e-09,  6.57669e-11,
00:02:47,    167656,   698.2064,  6.23011e-09,  1.59315e-10,  4.83750e-09,  4.48224e-09,  9.87925e-11,  7.05200e-11,  1.69926e-09,  4.41551e-11,
00:02:48,    168321,   700.9832,  5.63641e-09,  1.63722e-10,  4.87930e-09,  4.26211e-09,  1.03200e-10,  7.51425e-11,  1.84439e-09,  8.19757e-11,
00:02:48,    168966,   703.6277,  6.20811e-09,  1.75870e-10,  5.07997e-09,  4.43310e-09,  1.23517e-10,  7.34225e-11,  1.81061e-09,  4.95581e-11,
00:02:49,    169631,   706.1400,  6.45732e-09,  1.96510e-10,  4.64400e-09,  4.81190e-09,  9.52450e-11,  7.24550e-11,  1.86743e-09,  5.03033e-11,
00:02:50,    170296,   709.0490,  6.51841e-09,  1.81890e-10,  4.65833e-09,  4.69519e-09,  7.72925e-11,  7.50350e-11,  1.77144e-09,  5.12348e-11,
00:02:50,    170961,   711.8258,  6.26920e-09,  1.77805e-10,  5.34752e-09,  4.82419e-09,  7.92275e-11,  7.97650e-11,  1.68314e-09,  6.22270e-11,
00:02:51,    171626,   714.3380,  6.36205e-09,  1.68882e-10,  5.00352e-09,  4.58973e-09,  7.84750e-11,  7.51425e-11,  1.87357e-09,  5.51473e-11,
00:02:52,    172291,   716.8504,  5.87095e-09,  1.73720e-10,  4.92111e-09,  4.44333e-09,  1.05027e-10,  5.60075e-11,  1.78911e-09,  5.98050e-11,
00:02:52,    172956,   719.4948,  6.22277e-09,  2.08980e-10,  4.62489e-09,  4.55800e-09,  9.49225e-11,  9.56750e-11,  1.66779e-09,  4.99307e-11,
00:02:53,    173621,   722.2716,  6.21057e-09,  1.75117e-10,  4.94380e-09,  4.24778e-09,  8.24525e-11,  8.70750e-11,  1.83518e-09,  5.45884e-11,
00:02:54,    174266,   725.0484,  6.27652e-09,  1.88555e-10,  4.98680e-09,  4.60305e-09,  8.70750e-11,  7.18100e-11,  1.92501e-09,  4.80676e-11,
00:02:54,    174931,   727.6929,  6.26186e-09,  1.68345e-10,  4.77778e-09,  4.80269e-09,  8.15925e-11,  7.65400e-11,  1.69466e-09,  4.69497e-11,
00:02:55,    175596,   730.2052,  7.03880e-09,  1.73397e-10,  4.78613e-09,  4.72795e-09,  6.81550e-11,  7.75075e-11,  1.63400e-09,  5.68241e-11,
00:02:56,    176261,   732.7175,  6.63080e-09,  1.54692e-10,  4.67624e-09,  4.65424e-09,  9.79325e-11,  8.29900e-11,  1.74457e-09,  5.21664e-11,
00:02:56,    176926,   735.2298,  6.59170e-09,  1.73935e-10,  5.06563e-09,  4.66857e-09,  9.48150e-11,  6.98750e-11,  1.77605e-09,  4.56456e-11,
00:02:57,    177591,   738.1388,  6.62591e-09,  2.00917e-10,  4.81958e-09,  4.80371e-09,  9.93300e-11,  8.00875e-11,  1.66701e-09,  3.93111e-11,
00:02:58,    178256,   740.2544,  6.66500e-09,  1.80170e-10,  4.95933e-09,  4.84876e-09,  9.48150e-11,  6.49300e-11,  1.81982e-09,  5.57062e-11,
00:02:58,    178921,   743.5600,  5.88807e-09,  1.73290e-10,  4.89841e-09,  5.03305e-09,  8.15925e-11,  5.62225e-11,  1.80523e-09,  3.78206e-11,
00:02:59,    179586,   746.2046,  7.08523e-09,  1.81245e-10,  4.96291e-09,  4.77710e-09,  8.36350e-11,  6.47150e-11,  1.76376e-09,  2.04939e-11,
00:03:00,    180251,   748.9813,  6.53550e-09,  1.73290e-10,  4.96411e-09,  4.94090e-09,  9.91150e-11,  7.13800e-11,  1.85975e-09,  6.20407e-11,
00:03:00,    180916,   751.7580,  6.28141e-09,  1.58992e-10,  4.79450e-09,  4.88767e-09,  9.96525e-11,  7.77225e-11,  1.92271e-09,  5.47747e-11,
00:03:01,    181581,   754.1381,  7.46880e-09,  1.83717e-10,  4.78852e-09,  4.76788e-09,  7.27775e-11,  7.83675e-11,  1.78526e-09,  4.30373e-11,
00:03:02,    182246,   756.7826,  5.59489e-09,  1.53725e-10,  4.90319e-09,  4.79552e-09,  7.97650e-11,  8.17000e-11,  1.81751e-09,  5.94324e-11,
00:03:02,    182911,   759.2949,  6.10550e-09,  1.91887e-10,  4.86378e-09,  4.76890e-09,  7.79375e-11,  6.46075e-11,  1.94575e-09,  2.90641e-11,
00:03:03,    183576,   762.2039,  5.93448e-09,  1.59637e-10,  4.92947e-09,  4.82010e-09,  8.27750e-11,  8.28825e-11,  1.76914e-09,  4.41551e-11,
00:03:04,    184241,   764.9807,  6.07130e-09,  2.10700e-10,  4.59861e-09,  4.79859e-09,  1.03415e-10,  6.98750e-11,  1.82443e-09,  7.78769e-11,
00:03:04,    184906,   767.3607,  5.45807e-09,  2.16827e-10,  4.66908e-09,  4.73511e-09,  8.58925e-11,  6.88000e-11,  1.85284e-09,  6.35312e-11,
00:03:05,    185571,   770.1375,  5.80011e-09,  1.74687e-10,  4.89363e-09,  5.02588e-09,  1.00297e-10,  7.41750e-11,  1.79679e-09,  6.37175e-11,
00:03:06,    186236,   772.6498,  6.67720e-09,  2.04357e-10,  5.11580e-09,  4.91224e-09,  8.80425e-11,  7.93350e-11,  1.87971e-09,  5.60789e-11,
00:03:06,    186901,   775.5587,  5.72925e-09,  1.93715e-10,  5.00830e-09,  4.96445e-09,  9.94375e-11,  9.07300e-11,  1.68851e-09,  4.84402e-11,
00:03:07,    187566,   777.8066,  5.73902e-09,  1.38675e-10,  5.17433e-09,  5.00950e-09,  9.05150e-11,  7.09500e-11,  1.85744e-09,  4.04289e-11,
00:03:08,    188231,   780.7156,  6.07864e-09,  1.76730e-10,  4.90797e-09,  4.96548e-09,  1.07392e-10,  6.86925e-11,  1.73843e-09,  5.96187e-11,
00:03:08,    188896,   783.4923,  5.91982e-09,  1.73290e-10,  5.31408e-09,  4.89892e-09,  1.00082e-10,  6.67575e-11,  1.86205e-09,  5.58925e-11,
00:03:09,    189561,   786.2691,  5.84898e-09,  1.73612e-10,  5.15283e-09,  4.69314e-09,  9.91150e-11,  7.72925e-11,  1.77298e-09,  5.01170e-11,
00:03:10,    190226,   788.6491,  5.99068e-09,  1.63615e-10,  4.99039e-09,  4.44743e-09,  8.50325e-11,  7.61100e-11,  1.82519e-09,  5.29116e-11,
00:03:10,    190891,   791.6903,  6.59170e-09,  1.67270e-10,  5.17791e-09,  5.01052e-09,  9.81475e-11,  6.55750e-11,  1.89123e-09,  5.49610e-11,
00:03:11,    191556,   794.2027,  5.77811e-09,  1.57057e-10,  4.76822e-09,  5.25214e-09,  8.48175e-11,  9.50300e-11,  2.08089e-09,  4.84402e-11,
00:03:12,    192221,   796.5827,  6.20080e-09,  1.66840e-10,  5.12894e-09,  4.95830e-09,  9.04075e-11,  8.61075e-11,  1.83594e-09,  6.11092e-11,
00:03:12,    192886,   799.4917,  6.37914e-09,  1.94145e-10,  5.16597e-09,  4.67369e-09,  9.26650e-11,  8.71825e-11,  1.83441e-09,  6.50217e-11,
00:03:13,    193551,   802.1362,  5.56068e-09,  1.82105e-10,  5.51474e-09,  4.57029e-09,  7.54650e-11,  7.83675e-11,  1.85437e-09,  6.07366e-11,
00:03:14,    194216,   804.7807,  6.10061e-09,  1.66410e-10,  4.79689e-09,  4.66754e-09,  7.76150e-11,  7.50350e-11,  1.93730e-09,  6.55806e-11,
00:03:14,    194881,   807.5575,  6.10307e-09,  2.02530e-10,  5.32483e-09,  4.92248e-09,  8.60000e-11,  8.39575e-11,  1.77682e-09,  5.17938e-11,
00:03:15,    195546,   810.2020,  6.33273e-09,  1.55445e-10,  5.02741e-09,  4.77505e-09,  9.66425e-11,  7.55725e-11,  1.83901e-09,  6.42764e-11,
00:03:16,    196211,   812.5821,  5.67550e-09,  2.17150e-10,  4.78017e-09,  4.89381e-09,  9.46000e-11,  8.52475e-11,  2.01025e-09,  5.23527e-11,
00:03:16,    196876,   815.4911,  5.66330e-09,  1.40287e-10,  4.90797e-09,  4.69826e-09,  9.97600e-11,  8.64300e-11,  1.73843e-09,  5.66378e-11,
00:03:17,    197541,   818.1356,  6.62834e-09,  1.45770e-10,  4.86974e-09,  4.71567e-09,  1.05457e-10,  8.17000e-11,  1.96648e-09,  4.04289e-11,
00:03:18,    198206,   820.6479,  6.45977e-09,  1.89737e-10,  5.12297e-09,  4.54673e-09,  8.79350e-11,  6.77250e-11,  1.88662e-09,  7.00520e-11,
00:03:18,    198871,   823.4246,  6.28875e-09,  1.85867e-10,  5.25197e-09,  4.62967e-09,  9.07300e-11,  8.67525e-11,  1.59330e-09,  3.93111e-11,
00:03:19,    199536,   826.0691,  6.39136e-09,  2.10807e-10,  5.18986e-09,  4.43207e-09,  9.96525e-11,  8.30975e-11,  1.78219e-09,  4.15468e-11,
00:03:20,    200201,   828.5814,  6.47198e-09,  1.74365e-10,  5.43472e-09,  4.67267e-09,  1.09327e-10,  7.28850e-11,  1.89430e-09,  4.86265e-11,
00:03:20,    200866,   831.6226,  5.66818e-09,  1.85007e-10,  4.79808e-09,  3.98159e-09,  9.61050e-11,  8.83650e-11,  1.78987e-09,  5.62652e-11,
00:03:21,    201511,   834.0027,  6.11527e-09,  1.66195e-10,  4.94022e-09,  4.12390e-09,  9.71800e-11,  7.57875e-11,  1.94805e-09,  5.96187e-11,
00:03:22,    202176,   836.7794,  6.17880e-09,  1.92855e-10,  5.42517e-09,  4.44948e-09,  7.70775e-11,  9.83625e-11,  1.76914e-09,  4.89991e-11,
00:03:22,    202841,   839.2918,  6.47932e-09,  1.75010e-10,  4.90200e-09,  4.42592e-09,  8.14850e-11,  8.63225e-11,  1.97032e-09,  6.18544e-11,
00:03:23,    203506,   842.0685,  5.92470e-09,  1.57487e-10,  5.36067e-09,  4.39419e-09,  9.91150e-11,  7.80450e-11,  1.87664e-09,  6.74437e-11,
00:03:24,    204171,   844.8452,  6.78470e-09,  1.69205e-10,  5.05967e-09,  4.65219e-09,  8.30975e-11,  8.68600e-11,  1.80984e-09,  5.40295e-11,
00:03:24,    204836,   847.3576,  5.99311e-09,  1.80815e-10,  5.16717e-09,  4.39214e-09,  6.99825e-11,  8.61075e-11,  1.87204e-09,  4.30373e-11,
00:03:25,    205501,   850.2665,  5.90761e-09,  1.83717e-10,  4.79689e-09,  4.66550e-09,  9.08375e-11,  8.19150e-11,  1.81137e-09,  4.78813e-11,
00:03:26,    206166,   852.6466,  6.44266e-09,  1.83395e-10,  5.16836e-09,  4.25802e-09,  9.40625e-11,  8.84725e-11,  1.94805e-09,  4.08016e-11,
00:03:26,    206811,   855.4234,  6.17391e-09,  1.86297e-10,  5.17074e-09,  4.43207e-09,  9.30950e-11,  7.28850e-11,  1.92655e-09,  6.44627e-11,
00:03:27,    207476,   857.9356,  6.74073e-09,  1.76730e-10,  5.01906e-09,  4.39316e-09,  8.46025e-11,  7.53575e-11,  1.78450e-09,  4.47140e-11,
00:03:28,    208141,   860.7124,  6.16902e-09,  1.76300e-10,  5.34633e-09,  4.35630e-09,  8.53550e-11,  7.66475e-11,  1.83979e-09,  5.17938e-11,
00:03:28,    208806,   863.3569,  6.11527e-09,  1.69527e-10,  5.45383e-09,  4.10650e-09,  1.08682e-10,  6.20275e-11,  1.77529e-09,  4.63908e-11,
00:03:29,    209471,   865.8692,  5.80989e-09,  1.75117e-10,  4.86497e-09,  4.26519e-09,  1.04920e-10,  6.82625e-11,  1.67393e-09,  5.99913e-11,
00:03:30,    210136,   868.6460,  5.89295e-09,  1.87695e-10,  5.04174e-09,  4.65014e-09,  8.94400e-11,  8.96550e-11,  1.80830e-09,  5.53336e-11,
00:03:30,    210801,   871.2905,  6.35959e-09,  1.73827e-10,  5.12536e-09,  4.37781e-09,  8.97625e-11,  7.33150e-11,  1.79986e-09,  5.03033e-11,
00:03:31,    211466,   874.1995,  6.26675e-09,  2.01025e-10,  5.50041e-09,  4.41364e-09,  1.16530e-10,  8.00875e-11,  1.93807e-09,  6.83752e-11,
00:03:32,    212131,   876.5796,  6.23743e-09,  2.10915e-10,  5.16478e-09,  4.32559e-09,  6.84775e-11,  9.12675e-11,  1.77529e-09,  5.73830e-11,
00:03:32,    212796,   879.3563,  6.42311e-09,  1.93392e-10,  5.13969e-09,  4.28054e-09,  8.10550e-11,  6.55750e-11,  1.78219e-09,  5.62652e-11,
00:03:33,    213461,   882.0008,  6.47443e-09,  1.95220e-10,  5.19463e-09,  4.34710e-09,  9.83625e-11,  7.58950e-11,  1.85975e-09,  7.11698e-11,
00:03:34,    214126,   884.6454,  6.79936e-09,  1.97585e-10,  5.39291e-09,  4.32969e-09,  9.54600e-11,  8.98700e-11,  1.81137e-09,  5.47747e-11,
00:03:34,    214791,   887.1576,  5.77080e-09,  1.92532e-10,  5.42756e-09,  4.37269e-09,  1.08360e-10,  7.01975e-11,  1.83748e-09,  8.30936e-11,
00:03:35,    215456,   890.0666,  6.72364e-09,  1.74580e-10,  5.67719e-09,  4.62250e-09,  9.04075e-11,  9.03000e-11,  1.81905e-09,  6.87478e-11,
00:03:36,    216121,   892.7112,  6.16659e-09,  2.03605e-10,  5.21374e-09,  4.37883e-09,  1.09865e-10,  6.51450e-11,  1.92732e-09,  4.58319e-11,
00:03:36,    216786,   895.0912,  6.51352e-09,  1.78772e-10,  5.13372e-09,  4.51295e-09,  8.18075e-11,  8.18075e-11,  1.93116e-09,  8.21620e-11,
00:03:37,    217451,   898.0002,  6.55505e-09,  2.08980e-10,  5.05728e-09,  4.29897e-09,  7.54650e-11,  8.38500e-11,  1.79755e-09,  5.51473e-11,
00:03:38,    218116,   900.6447,  6.12261e-09,  1.71892e-10,  5.10506e-09,  4.34095e-09,  9.59975e-11,  6.82625e-11,  1.87741e-09,  5.49610e-11,
00:03:38,    218781,   903.5537,  6.48909e-09,  1.92532e-10,  5.64613e-09,  4.63581e-09,  8.67525e-11,  8.76125e-11,  1.94498e-09,  5.94324e-11,
00:03:39,    219446,   906.1982,  6.48664e-09,  1.93822e-10,  5.39650e-09,  4.06862e-09,  6.63275e-11,  9.75025e-11,  1.72076e-09,  5.58925e-11,
00:03:40,    220111,   908.4461,  5.84164e-09,  2.01992e-10,  5.39530e-09,  4.33583e-09,  9.48150e-11,  6.64350e-11,  1.81368e-09,  6.59532e-11,
00:03:40,    220776,   911.2228,  6.21300e-09,  1.67270e-10,  5.49324e-09,  4.44129e-09,  9.94375e-11,  8.68600e-11,  2.11007e-09,  3.57712e-11,
00:03:41,    221441,   914.1318,  5.97114e-09,  1.98445e-10,  5.20180e-09,  4.59076e-09,  1.15132e-10,  6.89075e-11,  1.79141e-09,  4.80676e-11,
00:03:42,    222106,   916.7763,  6.72607e-09,  2.27147e-10,  5.26391e-09,  4.62557e-09,  9.35250e-11,  1.04705e-10,  1.79679e-09,  4.93718e-11,
00:03:42,    222771,   919.0241,  6.53061e-09,  1.93285e-10,  5.66167e-09,  4.55492e-09,  9.48150e-11,  6.57900e-11,  1.94729e-09,  6.12955e-11,
00:03:43,    223436,   921.6687,  6.51107e-09,  1.96832e-10,  5.46578e-09,  4.57029e-09,  9.23425e-11,  7.03050e-11,  1.83211e-09,  6.35312e-11,
00:03:44,    224101,   924.7099,  5.73659e-09,  1.54692e-10,  5.50041e-09,  4.48530e-09,  7.75075e-11,  8.79350e-11,  1.87894e-09,  5.04896e-11,
00:03:44,    224766,   927.6188,  5.87095e-09,  1.86405e-10,  5.26272e-09,  4.38292e-09,  1.00405e-10,  6.41775e-11,  1.92962e-09,  6.55806e-11,
00:03:45,    225431,   930.1311,  6.51107e-09,  2.11022e-10,  5.48608e-09,  4.76788e-09,  1.05887e-10,  8.33125e-11,  1.82443e-09,  4.86265e-11,
00:03:46,    226096,   932.6434,  5.55823e-09,  1.96725e-10,  5.57208e-09,  4.56619e-09,  1.01695e-10,  8.73975e-11,  1.91734e-09,  5.81282e-11,
00:03:46,    226741,   935.2879,  6.39136e-09,  2.21987e-10,  5.94236e-09,  4.40443e-09,  8.75050e-11,  9.38475e-11,  1.77221e-09,  5.40295e-11,
00:03:47,    227406,   938.1969,  6.33761e-09,  2.29082e-10,  5.62463e-09,  4.61840e-09,  8.72900e-11,  9.78250e-11,  1.77682e-09,  5.81282e-11,
00:03:48,    228071,   940.5770,  6.87023e-09,  1.78450e-10,  5.76797e-09,  4.42695e-09,  9.26650e-11,  7.24550e-11,  1.82826e-09,  5.14211e-11,
00:03:48,    228716,   943.0893,  6.10550e-09,  2.02315e-10,  5.56611e-09,  4.67676e-09,  1.01910e-10,  7.25625e-11,  1.96341e-09,  6.29723e-11,
00:03:49,    229381,   945.7338,  6.12993e-09,  1.71785e-10,  5.20539e-09,  4.74229e-09,  9.75025e-11,  8.99775e-11,  1.89507e-09,  6.20407e-11,
00:03:50,    230026,   948.3783,  6.04932e-09,  1.70280e-10,  5.86591e-09,  4.67983e-09,  9.01925e-11,  1.06855e-10,  1.88279e-09,  6.16681e-11,
00:03:50,    230691,   951.1551,  6.59659e-09,  1.67162e-10,  5.54819e-09,  4.67471e-09,  9.54600e-11,  8.52475e-11,  1.97876e-09,  7.93674e-11,
00:03:51,    231356,   953.7996,  5.78789e-09,  1.95327e-10,  5.35350e-09,  4.84262e-09,  9.41700e-11,  8.69675e-11,  1.88662e-09,  4.62045e-11,
00:03:52,    232021,   956.5764,  5.96136e-09,  2.12420e-10,  5.75124e-09,  4.51192e-09,  9.13750e-11,  1.05995e-10,  1.87741e-09,  5.32842e-11,
00:03:52,    232686,   959.2209,  5.63152e-09,  1.71355e-10,  5.69272e-09,  4.51397e-09,  9.80400e-11,  8.10550e-11,  1.99336e-09,  6.94931e-11,
00:03:53,    233351,   961.6010,  5.85386e-09,  2.23492e-10,  5.44667e-09,  4.53035e-09,  9.50300e-11,  7.58950e-11,  2.00104e-09,  5.83146e-11,
00:03:54,    234016,   964.1132,  5.63152e-09,  1.68130e-10,  5.56611e-09,  4.56721e-09,  9.96525e-11,  8.66450e-11,  1.91504e-09,  5.73830e-11,
00:03:54,    234681,   966.7578,  6.16170e-09,  1.71355e-10,  5.66644e-09,  4.66038e-09,  7.34225e-11,  8.34200e-11,  1.64859e-09,  4.91854e-11,
00:03:55,    235346,   969.9312,  6.44755e-09,  1.81245e-10,  5.81336e-09,  4.38600e-09,  1.25452e-10,  7.67550e-11,  1.89354e-09,  6.76300e-11,
00:03:56,    236011,   972.5757,  6.69186e-09,  1.88662e-10,  5.86950e-09,  4.39419e-09,  8.42800e-11,  1.00190e-10,  1.86743e-09,  7.47097e-11,
00:03:56,    236676,   975.0880,  5.69750e-09,  1.98337e-10,  5.96624e-09,  4.68392e-09,  9.57825e-11,  9.76100e-11,  1.78680e-09,  3.09272e-11,
00:03:57,    237341,   977.7326,  6.74561e-09,  1.93930e-10,  5.58402e-09,  4.80883e-09,  8.92250e-11,  9.15900e-11,  1.81291e-09,  6.96794e-11,
00:03:58,    238006,   980.2448,  6.23989e-09,  1.93070e-10,  5.76439e-09,  4.48530e-09,  1.16530e-10,  7.28850e-11,  1.84362e-09,  7.75043e-11,
00:03:58,    238671,   982.6249,  5.89295e-09,  1.65657e-10,  5.60791e-09,  4.61533e-09,  8.52475e-11,  8.18075e-11,  1.79909e-09,  6.63258e-11,
00:03:59,    239336,   985.5339,  6.19834e-09,  1.96187e-10,  5.79544e-09,  4.39930e-09,  9.01925e-11,  7.03050e-11,  1.87894e-09,  5.88735e-11,
00:04:00,    240001,   988.3106,  6.64545e-09,  1.93177e-10,  5.97700e-09,  4.49350e-09,  9.62125e-11,  9.07300e-11,  1.86589e-09,  5.53336e-11,
00:04:00,    240666,   991.0874,  6.62591e-09,  1.87265e-10,  5.51594e-09,  4.35221e-09,  1.01372e-10,  8.63225e-11,  1.76914e-09,  6.65121e-11,
00:04:01,    241311,   993.5997,  6.65523e-09,  2.14462e-10,  6.40939e-09,  4.66652e-09,  8.44950e-11,  9.96525e-11,  1.82443e-09,  7.00520e-11,
00:04:01,    241976,   996.3764,  6.39380e-09,  1.92855e-10,  6.22067e-09,  5.14157e-09,  1.00835e-10,  8.35275e-11,  1.96264e-09,  6.98657e-11,
00:04:02,    242641,   998.8888,  6.68209e-09,  1.83610e-10,  6.14422e-09,  4.54162e-09,  8.62150e-11,  7.98725e-11,  1.92425e-09,  7.24740e-11,
00:04:03,    243286,  1001.6655,  5.92227e-09,  2.03927e-10,  6.41774e-09,  4.88152e-09,  9.18050e-11,  9.42775e-11,  1.95036e-09,  7.84359e-11,
00:04:03,    243951,  1004.3100,  6.18614e-09,  1.85007e-10,  6.03074e-09,  4.82829e-09,  1.11907e-10,  8.93325e-11,  1.86129e-09,  6.01776e-11,
00:04:04,    244616,  1006.8223,  5.66330e-09,  2.02207e-10,  6.02717e-09,  4.73511e-09,  1.12660e-10,  8.83650e-11,  1.97569e-09,  5.27253e-11,
00:04:05,    245281,  1009.5990,  6.07618e-09,  1.77052e-10,  6.13467e-09,  5.07911e-09,  1.28355e-10,  1.05565e-10,  1.97339e-09,  5.29116e-11,
00:04:05,    245986,  1012.2436,  6.30341e-09,  1.98230e-10,  5.99133e-09,  4.53752e-09,  8.56775e-11,  9.32025e-11,  1.90121e-09,  5.19801e-11,
00:04:06,    246651,  1015.0204,  6.46466e-09,  2.05217e-10,  5.83606e-09,  4.63478e-09,  1.05780e-10,  9.61050e-11,  1.94114e-09,  5.57062e-11,
00:04:07,    247316,  1017.7971,  6.91909e-09,  1.88125e-10,  6.02836e-09,  4.42900e-09,  9.56750e-11,  9.43850e-11,  1.89737e-09,  5.17938e-11,
00:04:07,    247981,  1020.3094,  6.99970e-09,  1.96617e-10,  6.14661e-09,  4.36143e-09,  8.84725e-11,  7.38525e-11,  2.08089e-09,  7.50823e-11,
00:04:08,    248646,  1022.9539,  7.07057e-09,  1.84470e-10,  6.16930e-09,  4.75150e-09,  1.00727e-10,  7.33150e-11,  2.02791e-09,  8.17894e-11,
00:04:09,    249311,  1025.5985,  6.86289e-09,  1.75655e-10,  6.30428e-09,  4.80064e-09,  9.87925e-11,  8.28825e-11,  1.88969e-09,  8.42114e-11,
