0000000413,scans,0000000146,DataLength
"header",0000000028,"lines"
"Date",5/9/2016,"Time",2:03:47 AM
"ID","HAL RC RGA 301 #14852","Version",3
"Scans",9
"Scan ID","Mode","Input","Scanned","Start","Stop","Increment","Dwell","Settle","RS","RelSEM"
"Scan 1","RGA","Temperature","none",0.40,0.40,0.01,10.000,10.000,1.000000,1.000000,
"Scan 2","RGA","SEM","mass",2.00,2.00,0.01,10.000,10.000,0.440000,1.000000,
"Scan 3","RGA","SEM","mass",14.00,14.00,0.01,10.000,10.000,1.000000,1.000000,
"Scan 4","RGA","SEM","mass",18.00,18.00,0.01,10.000,10.000,0.900000,1.000000,
"Scan 5","RGA","SEM","mass",28.00,28.00,0.01,10.000,10.000,1.050000,1.000000,
"Scan 6","RGA","SEM","mass",29.00,29.00,0.01,10.000,10.000,1.000000,1.000000,
"Scan 7","RGA","SEM","mass",43.00,43.00,0.01,10.000,10.000,1.000000,1.000000,
"Scan 8","RGA","SEM","mass",44.00,44.00,0.01,10.000,10.000,1.400000,1.000000,
"Scan 9","RGA","SEM","mass",60.00,60.00,0.01,10.000,10.000,0.577000,1.000000,
"Environment",
"Global","RGA"
"F1",1,"( 1 = on, 0 = off )"
"F2",0,"( 1 = on, 0 = off )"
"cage",3.3,"V"
"delta-m",0,"%"
"electron-energy",70.0,"V"
"emission",1000.000,"uA"
"focus",-90,"V"
"mass",5.50,"amu"
"mode-change-delay",1000,"ms"
"multiplier",1100,"V"
"resolution",0,"%"
"Data",9
"Time","ms","Temperature","Hydrogen","Ketene","Water","Carbon monoxide","Acetaldehyde","Acetic acid","Carbon dioxide","Acetic acid",
00:00:01,      1241,   170.4918,  0.00000e+00,  0.00000e+00,  1.19444e-10,  0.00000e+00,  0.00000e+00,  1.07500e-10,  0.00000e+00,  0.00000e+00,
00:00:01,      1906,   170.4918,  3.88466e-10,  2.68965e-09,  6.83580e-09,  1.07755e-08,  2.95625e-09,  2.99817e-09,  8.06321e-09,  1.87799e-09,
00:00:02,      2571,   170.3596,  2.44514e-09,  1.12842e-08,  1.25942e-08,  1.06373e-07,  7.08532e-09,  3.78937e-09,  2.74432e-07,  1.49233e-09,
00:00:03,      3236,   170.4918,  1.50598e-08,  5.57925e-08,  1.80361e-08,  7.26905e-08,  5.09550e-09,  2.93690e-09,  1.80830e-07,  4.68565e-10,
00:00:03,      3901,   170.4918,  1.36794e-08,  3.93450e-08,  1.46917e-08,  5.67190e-08,  3.91945e-09,  2.47680e-09,  1.34451e-07,  4.15841e-10,
00:00:04,      4566,   170.6241,  1.14341e-08,  3.06375e-08,  1.13472e-08,  4.75048e-08,  3.51955e-09,  2.13280e-09,  1.03507e-07,  3.69636e-10,
00:00:05,      5231,   170.3596,  1.13632e-08,  2.42950e-08,  9.67500e-09,  4.14643e-08,  2.73480e-09,  1.83180e-09,  8.19300e-08,  3.36473e-10,
00:00:05,      5896,   170.4918,  1.01685e-08,  2.09625e-08,  8.26794e-09,  3.49119e-08,  2.30910e-09,  1.51360e-09,  6.79554e-08,  3.98140e-10,
00:00:06,      6561,   170.3596,  9.58459e-09,  1.69850e-08,  7.74119e-09,  3.15333e-08,  1.86297e-09,  1.61787e-09,  5.76661e-08,  3.36101e-10,
00:00:07,      7226,   170.2274,  9.71652e-09,  1.51575e-08,  6.76891e-09,  2.87690e-08,  1.73720e-09,  1.40502e-09,  5.03714e-08,  3.47464e-10,
00:00:07,      7891,   170.4918,  8.90539e-09,  1.33300e-08,  6.21469e-09,  2.58000e-08,  1.53940e-09,  1.37600e-09,  4.42286e-08,  3.01260e-10,
00:00:08,      8536,   170.3596,  8.07470e-09,  1.18250e-08,  5.67241e-09,  2.46738e-08,  1.41900e-09,  1.26205e-09,  3.88536e-08,  3.29206e-10,
00:00:09,      9201,   170.4918,  8.08205e-09,  1.01050e-08,  5.31289e-09,  2.28310e-08,  1.39212e-09,  1.32547e-09,  3.53214e-08,  3.46906e-10,
00:00:09,      9866,   170.3596,  7.84750e-09,  9.89000e-09,  5.32841e-09,  2.10905e-08,  1.30720e-09,  1.15670e-09,  3.23268e-08,  3.19891e-10,
00:00:10,     10511,   170.6241,  7.87925e-09,  8.27750e-09,  5.24480e-09,  2.02714e-08,  1.23302e-09,  1.30397e-09,  2.94857e-08,  2.91945e-10,
00:00:11,     11176,   170.3596,  7.84505e-09,  8.61505e-09,  4.87452e-09,  1.96571e-08,  1.25990e-09,  1.27280e-09,  2.74125e-08,  3.47652e-10,
00:00:11,     11841,   170.4918,  7.77175e-09,  7.36697e-09,  4.51978e-09,  1.82238e-08,  1.11692e-09,  1.25022e-09,  2.54929e-08,  2.99957e-10,
00:00:12,     12506,   170.6241,  8.64886e-09,  6.85097e-09,  4.60339e-09,  1.77119e-08,  9.63200e-10,  1.21797e-09,  2.35732e-08,  2.92132e-10,
00:00:13,     13151,   170.6241,  7.95500e-09,  6.54030e-09,  4.74911e-09,  1.70976e-08,  9.66425e-10,  1.21690e-09,  2.17304e-08,  2.90269e-10,
00:00:13,     13816,   170.3596,  8.56823e-09,  6.43925e-09,  4.48513e-09,  1.65857e-08,  1.06425e-09,  1.10940e-09,  2.15000e-08,  2.54497e-10,
00:00:14,     14481,   170.4918,  8.84432e-09,  6.01462e-09,  4.44811e-09,  1.63810e-08,  8.93325e-10,  1.04597e-09,  2.01946e-08,  3.10203e-10,
00:00:15,     15146,   170.6241,  7.82307e-09,  5.80500e-09,  4.44094e-09,  1.55619e-08,  3.93880e-10,  1.12015e-09,  1.89661e-08,  3.43366e-10,
00:00:15,     15811,   170.4918,  7.39061e-09,  5.06862e-09,  4.28447e-09,  1.53571e-08,  3.84635e-10,  1.08790e-09,  1.74304e-08,  2.90454e-10,
00:00:16,     16476,   170.4918,  7.41750e-09,  5.15140e-09,  4.01811e-09,  1.48452e-08,  3.41527e-10,  1.02662e-09,  1.74304e-08,  2.99024e-10,
00:00:17,     17141,   170.6241,  8.06982e-09,  4.99767e-09,  4.16622e-09,  1.43333e-08,  3.33787e-10,  1.17820e-09,  1.65857e-08,  3.45416e-10,
00:00:17,     17806,   170.6241,  8.28970e-09,  4.88695e-09,  4.16024e-09,  1.42310e-08,  3.80872e-10,  1.18035e-09,  1.57411e-08,  3.13371e-10,
00:00:18,     18471,   170.7563,  8.39232e-09,  4.40320e-09,  3.73024e-09,  1.38214e-08,  3.47977e-10,  1.19755e-09,  1.54339e-08,  3.18773e-10,
00:00:19,     19136,   170.6241,  7.02659e-09,  4.41502e-09,  4.08739e-09,  1.38214e-08,  3.36905e-10,  1.05242e-09,  1.50500e-08,  2.93062e-10,
00:00:19,     19781,   170.3596,  8.00386e-09,  4.46017e-09,  4.10172e-09,  1.35143e-08,  2.94550e-10,  1.10725e-09,  1.42821e-08,  3.32560e-10,
00:00:20,     20446,   170.3596,  7.49568e-09,  3.92697e-09,  4.21519e-09,  1.33095e-08,  3.45827e-10,  1.07177e-09,  1.42054e-08,  2.99584e-10,
00:00:21,     21111,   170.6241,  7.39307e-09,  4.27742e-09,  4.16741e-09,  1.31048e-08,  3.44860e-10,  1.08897e-09,  1.40518e-08,  3.12066e-10,
00:00:21,     21776,   170.7563,  7.76198e-09,  3.86140e-09,  3.98586e-09,  1.31048e-08,  2.89927e-10,  1.19217e-09,  1.32839e-08,  3.53986e-10,
00:00:22,     22441,   170.3596,  7.61050e-09,  3.89902e-09,  4.27013e-09,  1.25929e-08,  3.07665e-10,  1.01802e-09,  1.32839e-08,  3.26040e-10,
00:00:23,     23106,   170.4918,  7.67402e-09,  3.68617e-09,  3.94763e-09,  1.24905e-08,  3.04977e-10,  9.82550e-10,  1.25929e-08,  3.45229e-10,
00:00:23,     23771,   170.4918,  7.84505e-09,  3.90010e-09,  4.18652e-09,  1.23881e-08,  3.03687e-10,  1.26420e-09,  1.18250e-08,  3.28648e-10,
00:00:24,     24436,   170.4918,  7.39550e-09,  3.79152e-09,  3.91300e-09,  1.18762e-08,  2.99065e-10,  1.06855e-09,  1.22089e-08,  3.17282e-10,
00:00:25,     25101,   170.4918,  7.37841e-09,  3.71090e-09,  3.95839e-09,  1.22857e-08,  2.66600e-10,  1.01157e-09,  1.19786e-08,  2.88778e-10,
00:00:25,     25766,   170.2274,  7.56164e-09,  3.71090e-09,  4.16263e-09,  1.17738e-08,  2.88960e-10,  1.03415e-09,  1.15946e-08,  2.74991e-10,
00:00:26,     26431,   170.4918,  7.04368e-09,  3.49267e-09,  4.14711e-09,  1.21833e-08,  2.75952e-10,  1.03952e-09,  1.14411e-08,  3.37031e-10,
00:00:27,     27096,   170.6241,  7.20250e-09,  3.32820e-09,  3.61917e-09,  1.15690e-08,  2.60795e-10,  1.07715e-09,  1.15179e-08,  3.20823e-10,
00:00:27,     27761,   170.6241,  8.21886e-09,  3.59910e-09,  3.84013e-09,  1.13643e-08,  2.81435e-10,  1.18142e-09,  1.10571e-08,  3.36846e-10,
00:00:28,     28426,   170.3596,  7.39795e-09,  3.27015e-09,  3.84730e-09,  1.09548e-08,  2.61870e-10,  1.20937e-09,  1.06732e-08,  3.58085e-10,
00:00:29,     29091,   170.4918,  7.36375e-09,  3.26692e-09,  3.83536e-09,  1.14667e-08,  2.73265e-10,  1.00405e-09,  1.02125e-08,  3.19705e-10,
00:00:29,     29756,   170.4918,  7.27334e-09,  3.07450e-09,  3.79952e-09,  1.09548e-08,  2.46067e-10,  1.16422e-09,  1.05196e-08,  3.31256e-10,
00:00:30,     30421,   170.4918,  6.80182e-09,  2.97022e-09,  3.71591e-09,  1.12619e-08,  2.71760e-10,  1.10832e-09,  1.03661e-08,  3.15607e-10,
00:00:31,     31086,   170.2274,  6.98750e-09,  3.04762e-09,  3.62274e-09,  1.13643e-08,  2.54237e-10,  1.00835e-09,  9.90536e-09,  2.98094e-10,
00:00:31,     31751,   170.6241,  7.20982e-09,  2.95947e-09,  3.70756e-09,  1.09548e-08,  2.76812e-10,  1.18572e-09,  9.75179e-09,  3.62556e-10,
00:00:32,     32416,   170.4918,  8.15777e-09,  3.05837e-09,  3.84252e-09,  1.07500e-08,  2.50260e-10,  1.32655e-09,  1.00589e-08,  2.74991e-10,
00:00:33,     33081,   170.4918,  7.71557e-09,  3.24650e-09,  3.90344e-09,  1.07500e-08,  2.65525e-10,  1.14057e-09,  9.75179e-09,  3.48397e-10,
00:00:33,     33746,   170.4918,  8.10159e-09,  3.21962e-09,  3.64306e-09,  1.06476e-08,  2.77887e-10,  1.07500e-09,  9.59821e-09,  3.01820e-10,
00:00:34,     34411,   170.4918,  6.94595e-09,  3.00677e-09,  3.71591e-09,  1.06476e-08,  2.40477e-10,  1.20722e-09,  9.44464e-09,  3.30884e-10,
00:00:35,     35076,   170.3596,  8.68061e-09,  2.93582e-09,  3.71591e-09,  1.08524e-08,  2.51120e-10,  1.12552e-09,  9.21429e-09,  3.49515e-10,
00:00:35,     35741,   170.4918,  6.89709e-09,  3.08202e-09,  3.71352e-09,  1.06476e-08,  2.62837e-10,  1.11585e-09,  9.44464e-09,  3.64792e-10,
00:00:36,     36406,   170.3596,  7.52500e-09,  3.14545e-09,  3.68844e-09,  1.04429e-08,  2.62407e-10,  1.11692e-09,  9.06071e-09,  3.50260e-10,
00:00:37,     37071,   170.4918,  7.35398e-09,  2.85197e-09,  3.45672e-09,  1.02381e-08,  2.21665e-10,  1.04275e-09,  9.36786e-09,  3.40012e-10,
00:00:37,     37736,   170.6241,  7.19027e-09,  2.94335e-09,  3.42567e-09,  1.08524e-08,  2.36285e-10,  1.24915e-09,  9.13750e-09,  3.10390e-10,
00:00:38,     38381,   170.3596,  6.59659e-09,  2.90250e-09,  3.38147e-09,  1.01357e-08,  2.09840e-10,  1.25560e-09,  8.90714e-09,  3.38522e-10,
00:00:39,     39046,   170.4918,  6.42311e-09,  2.61440e-09,  3.52958e-09,  1.05452e-08,  2.56495e-10,  1.33945e-09,  9.13750e-09,  3.70754e-10,
00:00:39,     39691,   170.4918,  7.17318e-09,  2.73050e-09,  3.37191e-09,  1.04429e-08,  2.30480e-10,  1.36955e-09,  8.90714e-09,  3.46719e-10,
00:00:40,     40356,   170.4918,  6.89709e-09,  2.56710e-09,  3.33728e-09,  9.93095e-09,  2.60365e-10,  1.35987e-09,  9.06071e-09,  3.06477e-10,
00:00:41,     41021,   170.3596,  6.93375e-09,  2.47465e-09,  3.19394e-09,  9.93095e-09,  2.71437e-10,  1.23517e-09,  9.13750e-09,  3.26040e-10,
00:00:41,     41686,   170.4918,  7.15364e-09,  2.66707e-09,  3.54989e-09,  9.93095e-09,  2.46390e-10,  1.24807e-09,  9.06071e-09,  3.67773e-10,
00:00:42,     42351,   170.4918,  6.37914e-09,  2.44992e-09,  3.53436e-09,  9.41905e-09,  2.41337e-10,  1.32762e-09,  8.36964e-09,  3.37404e-10,
00:00:43,     43016,   170.6241,  7.31000e-09,  2.61010e-09,  3.09839e-09,  9.62381e-09,  2.58752e-10,  1.27495e-09,  8.67679e-09,  3.94414e-10,
00:00:43,     43681,   170.4918,  7.52011e-09,  2.74340e-09,  3.27278e-09,  9.52143e-09,  2.32307e-10,  1.31042e-09,  8.60000e-09,  2.93250e-10,
00:00:44,     44346,   170.4918,  7.27580e-09,  2.40047e-09,  3.24291e-09,  9.82857e-09,  2.17365e-10,  1.24162e-09,  8.13929e-09,  3.74480e-10,
00:00:45,     45011,   170.4918,  7.14141e-09,  2.50045e-09,  3.18439e-09,  9.93095e-09,  2.31877e-10,  1.31902e-09,  8.67679e-09,  3.63487e-10,
00:00:45,     45676,   170.4918,  7.23425e-09,  2.57140e-09,  3.13900e-09,  1.05452e-08,  2.84767e-10,  1.40072e-09,  8.60000e-09,  3.99445e-10,
00:00:46,     46341,   170.6241,  7.08766e-09,  2.32952e-09,  3.11989e-09,  1.13643e-08,  2.36822e-10,  1.32870e-09,  8.75357e-09,  3.75598e-10,
00:00:47,     47006,   170.2274,  7.45659e-09,  2.53162e-09,  3.49256e-09,  1.08524e-08,  2.56387e-10,  1.05027e-09,  8.67679e-09,  3.41690e-10,
00:00:47,     47671,   170.2274,  7.47857e-09,  2.53377e-09,  3.38863e-09,  1.06476e-08,  2.22632e-10,  1.27817e-09,  8.36964e-09,  3.23432e-10,
00:00:48,     48336,   170.2274,  6.66989e-09,  2.53915e-09,  3.53674e-09,  9.93095e-09,  2.42627e-10,  1.54047e-09,  8.44643e-09,  3.39267e-10,
00:00:49,     49001,   170.2274,  7.14141e-09,  2.64020e-09,  3.32772e-09,  9.52143e-09,  2.24567e-10,  1.20507e-09,  8.44643e-09,  3.37218e-10,
00:00:49,     49646,   170.4918,  7.72534e-09,  2.43810e-09,  3.19513e-09,  9.52143e-09,  2.55957e-10,  1.27495e-09,  8.44643e-09,  3.11693e-10,
00:00:50,     50311,   170.3596,  7.72289e-09,  2.50367e-09,  3.26919e-09,  9.72619e-09,  2.38005e-10,  1.19970e-09,  8.21607e-09,  3.45416e-10,
00:00:50,     50976,   170.4918,  7.93545e-09,  2.55205e-09,  3.21544e-09,  9.52143e-09,  2.55527e-10,  1.27925e-09,  8.52321e-09,  3.40012e-10,
00:00:51,     51641,   170.4918,  7.72289e-09,  2.60472e-09,  3.45313e-09,  9.41905e-09,  2.45530e-10,  1.17712e-09,  8.06250e-09,  3.47279e-10,
00:00:52,     52306,   170.4918,  7.95011e-09,  2.36392e-09,  3.14617e-09,  9.62381e-09,  2.12420e-10,  1.32010e-09,  8.21607e-09,  3.42062e-10,
00:00:52,     52971,   170.3596,  7.70091e-09,  2.56387e-09,  3.43880e-09,  9.52143e-09,  2.24460e-10,  1.28355e-09,  7.83214e-09,  3.44856e-10,
00:00:53,     53616,   170.4918,  7.68380e-09,  2.42627e-09,  3.69322e-09,  9.62381e-09,  2.56172e-10,  1.24915e-09,  7.90893e-09,  3.44298e-10,
00:00:54,     54281,   170.4918,  6.98261e-09,  2.67245e-09,  3.37311e-09,  9.82857e-09,  2.47142e-10,  1.14380e-09,  7.67857e-09,  3.26785e-10,
00:00:54,     54946,   170.6241,  8.44607e-09,  2.47680e-09,  3.27517e-09,  9.62381e-09,  2.42735e-10,  1.16100e-09,  7.90893e-09,  3.70939e-10,
00:00:55,     55611,   170.3596,  7.56652e-09,  2.61870e-09,  3.33130e-09,  9.41905e-09,  2.23815e-10,  1.00620e-09,  7.75536e-09,  2.90269e-10,
00:00:56,     56276,   170.6241,  7.88902e-09,  2.67997e-09,  3.55824e-09,  9.52143e-09,  2.87132e-10,  1.30290e-09,  7.83214e-09,  3.40572e-10,
00:00:56,     56941,   170.4918,  7.57386e-09,  2.36285e-09,  3.27517e-09,  9.72619e-09,  2.46175e-10,  1.26850e-09,  7.83214e-09,  3.53054e-10,
00:00:57,     57606,   170.6241,  8.06739e-09,  2.46820e-09,  3.58572e-09,  9.21429e-09,  2.19192e-10,  1.03092e-09,  7.75536e-09,  3.39454e-10,
00:00:58,     58271,   170.4918,  7.27823e-09,  2.38865e-09,  3.24172e-09,  9.11190e-09,  2.39080e-10,  1.30935e-09,  7.44821e-09,  3.81373e-10,
00:00:58,     58936,   170.3596,  7.53720e-09,  2.41875e-09,  3.62752e-09,  9.41905e-09,  2.33920e-10,  1.18895e-09,  7.75536e-09,  3.75783e-10,
00:00:59,     59601,   170.4918,  7.75466e-09,  2.47142e-09,  3.37669e-09,  9.11190e-09,  2.46067e-10,  1.15455e-09,  7.67857e-09,  3.95719e-10,
00:01:00,     60266,   170.6241,  7.77909e-09,  2.27900e-09,  3.40774e-09,  8.80476e-09,  2.07797e-10,  1.00620e-09,  7.60179e-09,  3.42808e-10,
00:01:00,     60931,   170.3596,  7.56409e-09,  2.22955e-09,  3.30622e-09,  9.11190e-09,  2.19407e-10,  1.06425e-09,  7.60179e-09,  3.35541e-10,
00:01:01,     61596,   170.7563,  7.23670e-09,  2.56817e-09,  3.31578e-09,  8.70238e-09,  2.15537e-10,  1.19110e-09,  7.44821e-09,  3.17470e-10,
00:01:02,     62261,   170.3596,  7.67648e-09,  2.24245e-09,  3.06972e-09,  9.11190e-09,  2.37682e-10,  1.31795e-09,  7.29464e-09,  3.26040e-10,
00:01:02,     62926,   170.4918,  7.69357e-09,  2.33490e-09,  3.11272e-09,  9.11190e-09,  2.13495e-10,  1.19970e-09,  7.52500e-09,  3.67213e-10,
00:01:03,     63591,   170.3596,  7.30511e-09,  2.40800e-09,  3.43283e-09,  9.21429e-09,  2.50905e-10,  1.39750e-09,  7.90893e-09,  3.86217e-10,
00:01:04,     64256,   170.4918,  7.96232e-09,  2.51657e-09,  3.97750e-09,  9.31667e-09,  3.32390e-10,  3.37550e-09,  8.21607e-09,  8.11373e-10,
00:01:04,     64921,   170.8885,  7.42727e-09,  3.80335e-09,  5.26152e-09,  1.11595e-08,  7.17025e-10,  1.12606e-08,  1.01357e-08,  1.86475e-09,
00:01:05,     65586,   171.4174,  7.82795e-09,  5.32877e-09,  6.84297e-09,  1.19786e-08,  8.02165e-10,  9.56750e-09,  1.25161e-08,  6.14073e-09,
00:01:06,     66251,   172.3430,  7.98432e-09,  5.68997e-09,  7.73880e-09,  1.25929e-08,  8.10765e-10,  1.01050e-08,  1.32839e-08,  7.34801e-09,
00:01:06,     66916,   173.7975,  8.41920e-09,  6.05547e-09,  9.02044e-09,  1.26952e-08,  9.55245e-10,  1.30075e-08,  1.44357e-08,  1.01426e-08,
00:01:07,     67581,   176.9709,  8.02830e-09,  7.48737e-09,  9.58542e-09,  1.30024e-08,  1.07166e-09,  2.07475e-08,  1.70464e-08,  1.81277e-08,
00:01:08,     68246,   180.8055,  8.20664e-09,  9.94805e-09,  9.49226e-09,  1.34119e-08,  4.30000e-09,  2.61225e-08,  2.03482e-08,  1.97114e-08,
00:01:08,     68911,   185.6978,  7.17561e-09,  1.10424e-08,  9.20797e-09,  1.47429e-08,  4.73322e-09,  2.74125e-08,  2.28054e-08,  2.38475e-08,
00:01:09,     69576,   191.3836,  7.87925e-09,  1.17175e-08,  8.25958e-09,  1.53571e-08,  4.61712e-09,  2.58000e-08,  2.36500e-08,  2.27296e-08,
00:01:10,     70241,   196.6726,  7.56409e-09,  1.20400e-08,  7.26819e-09,  1.54595e-08,  4.50747e-09,  2.55850e-08,  2.51089e-08,  2.31023e-08,
00:01:10,     70906,   201.9617,  7.88659e-09,  1.33300e-08,  6.56586e-09,  1.57667e-08,  4.54832e-09,  2.68750e-08,  2.74125e-08,  2.47790e-08,
00:01:11,     71571,   206.3251,  7.38573e-09,  1.38675e-08,  6.87880e-09,  1.60738e-08,  4.94822e-09,  2.76275e-08,  2.79500e-08,  2.47790e-08,
00:01:12,     72236,   209.8952,  8.20420e-09,  1.34375e-08,  6.85730e-09,  1.66881e-08,  5.18365e-09,  2.76275e-08,  2.89482e-08,  2.47790e-08,
00:01:12,     72901,   213.0687,  8.11380e-09,  1.44050e-08,  6.76533e-09,  1.69952e-08,  5.03315e-09,  2.82725e-08,  3.02536e-08,  2.57106e-08,
00:01:13,     73566,   215.5810,  8.29459e-09,  1.48350e-08,  6.85491e-09,  1.77119e-08,  5.04497e-09,  2.84875e-08,  3.04839e-08,  2.53380e-08,
00:01:14,     74231,   217.5643,  8.56823e-09,  1.52650e-08,  7.69461e-09,  1.79167e-08,  5.23417e-09,  2.85950e-08,  3.16357e-08,  2.62695e-08,
00:01:14,     74896,   219.2833,  8.61955e-09,  1.47275e-08,  7.58113e-09,  1.78143e-08,  5.03852e-09,  2.78425e-08,  3.18661e-08,  2.57106e-08,
00:01:15,     75561,   221.0022,  7.56409e-09,  1.50500e-08,  7.59906e-09,  1.86333e-08,  5.12775e-09,  2.91325e-08,  3.24036e-08,  2.42201e-08,
00:01:16,     76226,   222.7212,  7.95011e-09,  1.53725e-08,  6.94330e-09,  1.84286e-08,  5.12990e-09,  2.79500e-08,  3.30946e-08,  2.47790e-08,
00:01:16,     76891,   224.4401,  8.52425e-09,  1.50500e-08,  7.56322e-09,  1.89405e-08,  5.49970e-09,  2.74125e-08,  3.24804e-08,  2.42201e-08,
00:01:17,     77556,   226.5557,  7.66914e-09,  1.49425e-08,  7.93350e-09,  1.84286e-08,  5.09227e-09,  2.60150e-08,  3.30179e-08,  2.34749e-08,
00:01:18,     78221,   228.1424,  8.02341e-09,  1.47275e-08,  7.74836e-09,  1.81214e-08,  4.70097e-09,  2.34350e-08,  3.22500e-08,  2.08666e-08,
00:01:18,     78886,   230.6547,  7.57386e-09,  1.39750e-08,  7.29924e-09,  1.75071e-08,  3.91085e-09,  1.85975e-08,  3.16357e-08,  1.58362e-08,
00:01:19,     79551,   233.5637,  7.67159e-09,  1.23625e-08,  7.29806e-09,  1.74048e-08,  3.26370e-09,  1.40825e-08,  2.96393e-08,  1.19237e-08,
00:01:20,     80216,   236.6049,  7.41993e-09,  1.05350e-08,  6.42252e-09,  1.62786e-08,  2.70255e-09,  1.02125e-08,  2.77196e-08,  8.06343e-09,
00:01:20,     80881,   239.5139,  7.63005e-09,  9.56750e-09,  6.12152e-09,  1.57667e-08,  2.24245e-09,  8.49250e-09,  2.51089e-08,  6.78163e-09,
00:01:21,     81546,   242.9518,  8.83209e-09,  8.92250e-09,  5.65569e-09,  1.50500e-08,  1.95972e-09,  7.40030e-09,  2.38804e-08,  5.74203e-09,
00:01:22,     82211,   246.1252,  8.77102e-09,  8.09045e-09,  5.49086e-09,  1.49476e-08,  1.93500e-09,  6.42420e-09,  2.16536e-08,  5.02288e-09,
00:01:22,     82876,   249.0342,  8.22864e-09,  7.59057e-09,  5.59956e-09,  1.39238e-08,  1.75762e-09,  5.69105e-09,  2.11929e-08,  5.05454e-09,
00:01:23,     83541,   252.3398,  8.63664e-09,  7.06705e-09,  5.37261e-09,  1.37190e-08,  1.78342e-09,  5.31265e-09,  2.03482e-08,  4.03357e-09,
00:01:24,     84206,   255.2488,  7.53720e-09,  6.94772e-09,  5.25197e-09,  1.33095e-08,  1.60712e-09,  5.14495e-09,  1.94268e-08,  3.82678e-09,
00:01:24,     84871,   257.8933,  8.17732e-09,  6.43710e-09,  4.98322e-09,  1.25929e-08,  1.65227e-09,  4.89555e-09,  1.72000e-08,  3.72617e-09,
00:01:25,     85536,   260.8023,  8.02584e-09,  6.29090e-09,  4.61652e-09,  1.34119e-08,  1.29967e-09,  4.24947e-09,  1.75071e-08,  3.66841e-09,
00:01:26,     86201,   263.1824,  8.71239e-09,  5.98130e-09,  4.78613e-09,  1.23881e-08,  1.41147e-09,  4.05705e-09,  1.63554e-08,  3.50073e-09,
00:01:26,     86866,   265.6947,  8.99823e-09,  6.08880e-09,  5.06206e-09,  1.24905e-08,  1.38890e-09,  4.43222e-09,  1.62018e-08,  3.29206e-09,
00:01:27,     87531,   268.0748,  8.37277e-09,  5.54915e-09,  4.84824e-09,  1.20810e-08,  1.48350e-09,  4.23227e-09,  1.58946e-08,  2.97906e-09,
00:01:28,     88196,   270.4548,  8.51936e-09,  6.23607e-09,  4.59024e-09,  1.23881e-08,  1.22765e-09,  4.10220e-09,  1.52036e-08,  3.00142e-09,
00:01:28,     88861,   273.0994,  9.00557e-09,  5.56957e-09,  4.66311e-09,  1.16714e-08,  1.32440e-09,  3.86892e-09,  1.48196e-08,  2.96043e-09,
00:01:29,     89526,   275.3472,  9.12039e-09,  5.30512e-09,  4.50783e-09,  1.15690e-08,  1.34482e-09,  4.06565e-09,  1.46661e-08,  3.30324e-09,
00:01:30,     90191,   278.2562,  9.95107e-09,  5.32125e-09,  4.61294e-09,  1.14667e-08,  1.41255e-09,  3.82485e-09,  1.44357e-08,  2.93622e-09,
00:01:30,     90856,   280.7685,  1.00757e-08,  5.03530e-09,  4.50424e-09,  1.19786e-08,  1.27280e-09,  3.59372e-09,  1.39750e-08,  2.79090e-09,
00:01:31,     91521,   283.2807,  1.05839e-08,  4.70742e-09,  4.52217e-09,  1.16714e-08,  1.28140e-09,  3.55610e-09,  1.39750e-08,  2.77227e-09,
00:01:32,     92186,   285.7930,  1.12362e-08,  4.54510e-09,  4.50783e-09,  1.12619e-08,  1.24700e-09,  3.38302e-09,  1.35143e-08,  2.57291e-09,
00:01:32,     92831,   288.7020,  1.18103e-08,  4.72462e-09,  4.68461e-09,  1.12619e-08,  1.14272e-09,  3.52600e-09,  1.29768e-08,  2.72196e-09,
00:01:33,     93496,   291.4788,  1.18665e-08,  4.55155e-09,  4.32628e-09,  1.12619e-08,  1.09112e-09,  3.39700e-09,  1.30536e-08,  2.42201e-09,
00:01:34,     94161,   294.2555,  1.26410e-08,  4.62787e-09,  4.46961e-09,  1.11595e-08,  1.12767e-09,  3.17232e-09,  1.29768e-08,  2.47418e-09,
00:01:34,     94826,   297.1645,  1.20156e-08,  4.46232e-09,  4.20444e-09,  1.08524e-08,  1.07285e-09,  3.20457e-09,  1.25929e-08,  2.32886e-09,
00:01:35,     95491,   299.9412,  1.23943e-08,  4.41610e-09,  4.10172e-09,  1.10571e-08,  1.16637e-09,  2.95087e-09,  1.21321e-08,  2.41083e-09,
00:01:36,     96156,   302.4535,  1.31761e-08,  3.93880e-09,  4.44572e-09,  1.06476e-08,  1.12875e-09,  2.85627e-09,  1.22089e-08,  2.19844e-09,
00:01:36,     96821,   305.2303,  1.31858e-08,  4.04845e-09,  4.11128e-09,  1.03405e-08,  1.06640e-09,  2.85197e-09,  1.17482e-08,  2.36052e-09,
00:01:37,     97486,   308.0070,  1.32738e-08,  4.05167e-09,  4.31194e-09,  1.07500e-08,  9.85775e-10,  2.87670e-09,  1.17482e-08,  2.09224e-09,
00:01:38,     98151,   310.3871,  1.26264e-08,  4.05812e-09,  4.08380e-09,  1.03405e-08,  1.00512e-09,  2.67567e-09,  1.11339e-08,  2.19844e-09,
00:01:38,     98816,   312.8994,  1.36965e-08,  3.65392e-09,  4.45169e-09,  1.02381e-08,  8.85800e-10,  2.68642e-09,  1.11339e-08,  2.05312e-09,
00:01:39,     99461,   315.4117,  1.37453e-08,  3.82377e-09,  4.44333e-09,  1.04429e-08,  3.90870e-10,  2.52302e-09,  1.10571e-08,  1.72149e-09,
00:01:40,    100126,   318.1885,  1.36476e-08,  3.76787e-09,  4.29163e-09,  1.05452e-08,  3.99685e-10,  2.39725e-09,  1.12107e-08,  1.93016e-09,
00:01:40,    100791,   320.8330,  1.47739e-08,  4.04737e-09,  4.32747e-09,  1.02381e-08,  3.98717e-10,  2.71115e-09,  1.09804e-08,  1.45880e-09,
00:01:41,    101456,   323.4775,  1.38968e-08,  3.82162e-09,  4.03602e-09,  1.05452e-08,  3.51847e-10,  2.35747e-09,  1.10571e-08,  6.88036e-10,
00:01:42,    102121,   326.1220,  1.44930e-08,  3.86247e-09,  4.34300e-09,  9.82857e-09,  3.50557e-10,  2.55097e-09,  1.08268e-08,  7.46724e-10,
00:01:42,    102786,   328.6343,  1.40410e-08,  3.67757e-09,  4.13158e-09,  1.05452e-08,  3.83022e-10,  2.24030e-09,  1.07500e-08,  7.23808e-10,
00:01:43,    103451,   331.5433,  1.45516e-08,  3.46687e-09,  4.15547e-09,  1.00333e-08,  3.48407e-10,  2.33382e-09,  1.06732e-08,  7.03873e-10,
00:01:44,    104116,   334.1878,  1.49034e-08,  3.65930e-09,  4.30478e-09,  9.52143e-09,  3.57975e-10,  2.34995e-09,  1.03661e-08,  6.57482e-10,
00:01:44,    104781,   336.7001,  1.47275e-08,  3.67972e-09,  4.17697e-09,  1.04429e-08,  3.29380e-10,  2.20697e-09,  1.05196e-08,  6.34007e-10,
00:01:45,    105446,   339.7413,  1.34155e-08,  3.48730e-09,  4.41108e-09,  9.62381e-09,  3.02935e-10,  2.08765e-09,  1.03661e-08,  6.56364e-10,
00:01:46,    106111,   342.1214,  1.56364e-08,  3.54642e-09,  4.14113e-09,  1.01357e-08,  3.48085e-10,  1.96295e-09,  1.04429e-08,  6.00844e-10,
00:01:46,    106776,   344.7659,  1.45516e-08,  3.42387e-09,  4.24744e-09,  1.00333e-08,  3.37442e-10,  1.92532e-09,  1.09036e-08,  5.74948e-10,
00:01:47,    107441,   347.4104,  1.43635e-08,  3.50235e-09,  3.98586e-09,  1.00333e-08,  3.08417e-10,  2.19192e-09,  1.06732e-08,  6.32889e-10,
00:01:48,    108106,   350.3194,  1.43366e-08,  3.34217e-09,  3.96436e-09,  9.52143e-09,  3.66145e-10,  2.10915e-09,  1.11339e-08,  6.31771e-10,
00:01:48,    108771,   352.6995,  1.45663e-08,  3.27767e-09,  3.98347e-09,  9.82857e-09,  3.12395e-10,  1.96295e-09,  1.10571e-08,  5.47932e-10,
00:01:49,    109436,   355.6084,  1.45589e-08,  3.29487e-09,  3.95002e-09,  9.52143e-09,  2.96700e-10,  1.82642e-09,  1.14411e-08,  5.60229e-10,
00:01:50,    110101,   358.1207,  1.50940e-08,  3.11857e-09,  3.96197e-09,  9.82857e-09,  2.95625e-10,  2.09195e-09,  1.13643e-08,  5.98423e-10,
00:01:50,    110766,   361.0297,  1.44710e-08,  3.28735e-09,  4.07067e-09,  1.00333e-08,  3.26585e-10,  1.93392e-09,  1.19018e-08,  5.30979e-10,
00:01:51,    111431,   363.8065,  1.55069e-08,  2.91970e-09,  3.77086e-09,  1.03405e-08,  3.07020e-10,  1.88770e-09,  1.13643e-08,  5.97305e-10,
00:01:52,    112096,   366.4510,  1.51086e-08,  3.25510e-09,  4.28686e-09,  9.31667e-09,  3.22930e-10,  2.03712e-09,  1.15946e-08,  5.03591e-10,
00:01:52,    112761,   369.0955,  1.58342e-08,  3.09492e-09,  4.13636e-09,  9.62381e-09,  3.16587e-10,  1.88662e-09,  1.11339e-08,  6.33262e-10,
00:01:53,    113426,   371.4756,  1.47495e-08,  3.04440e-09,  3.91539e-09,  9.82857e-09,  2.74555e-10,  1.95435e-09,  1.09804e-08,  5.83704e-10,
00:01:54,    114091,   374.2523,  1.47006e-08,  3.04870e-09,  3.98706e-09,  9.72619e-09,  3.33142e-10,  1.84792e-09,  1.09036e-08,  5.61347e-10,
00:01:54,    114756,   376.8969,  1.48277e-08,  3.25832e-09,  3.91061e-09,  1.03405e-08,  3.10997e-10,  1.58777e-09,  1.09036e-08,  4.64094e-10,
00:01:55,    115421,   379.6736,  1.37771e-08,  2.92830e-09,  3.81863e-09,  9.62381e-09,  2.94872e-10,  1.81782e-09,  1.03661e-08,  4.76763e-10,
00:01:56,    116086,   382.0537,  1.38577e-08,  3.00247e-09,  4.09217e-09,  1.07500e-08,  2.63375e-10,  1.74580e-09,  1.03661e-08,  4.58877e-10,
00:01:56,    116751,   384.8304,  1.29024e-08,  2.84230e-09,  3.78878e-09,  1.04429e-08,  2.96700e-10,  1.81782e-09,  1.03661e-08,  4.94276e-10,
00:01:57,    117416,   387.6072,  1.32811e-08,  2.74017e-09,  4.01452e-09,  1.08524e-08,  3.23682e-10,  2.15537e-09,  9.82857e-09,  5.28556e-10,
00:01:58,    118061,   390.1195,  1.46298e-08,  3.01107e-09,  3.78280e-09,  1.10571e-08,  3.09707e-10,  1.92640e-09,  1.00589e-08,  4.87383e-10,
00:01:58,    118726,   392.8962,  1.28560e-08,  2.93367e-09,  3.82461e-09,  1.14667e-08,  3.24972e-10,  1.78127e-09,  9.75179e-09,  4.85705e-10,
00:01:59,    119391,   395.2763,  1.28609e-08,  2.69287e-09,  3.97989e-09,  1.16714e-08,  2.96807e-10,  1.79632e-09,  9.82857e-09,  5.09553e-10,
00:02:00,    120056,   398.1853,  1.29708e-08,  2.75092e-09,  3.66574e-09,  1.18762e-08,  2.99172e-10,  1.84792e-09,  9.67500e-09,  4.56828e-10,
00:02:00,    120721,   400.6976,  1.30955e-08,  2.71222e-09,  3.79952e-09,  1.19786e-08,  3.16802e-10,  1.85007e-09,  9.75179e-09,  4.90177e-10,
00:02:01,    121386,   403.7388,  1.27681e-08,  2.81112e-09,  3.98228e-09,  1.24905e-08,  3.34432e-10,  1.78880e-09,  9.90536e-09,  4.92972e-10,
00:02:02,    122051,   406.1189,  1.33105e-08,  2.73587e-09,  3.82222e-09,  1.27976e-08,  3.13147e-10,  1.80922e-09,  9.82857e-09,  5.68799e-10,
00:02:02,    122716,   408.7634,  1.31297e-08,  2.71652e-09,  3.56063e-09,  1.26952e-08,  3.37335e-10,  1.91027e-09,  9.67500e-09,  4.65584e-10,
00:02:03,    123361,   411.6724,  1.23698e-08,  2.65740e-09,  3.78758e-09,  1.30024e-08,  2.96270e-10,  1.67162e-09,  9.52143e-09,  4.66516e-10,
00:02:04,    124026,   414.1846,  1.25580e-08,  2.44347e-09,  3.79474e-09,  1.29000e-08,  3.30562e-10,  1.90275e-09,  9.52143e-09,  5.21849e-10,
00:02:04,    124691,   416.8292,  1.24065e-08,  2.62515e-09,  3.85806e-09,  1.32071e-08,  3.24327e-10,  1.77697e-09,  9.75179e-09,  4.95021e-10,
00:02:05,    125356,   419.6059,  1.28047e-08,  2.47680e-09,  3.63230e-09,  1.34119e-08,  3.17340e-10,  1.78342e-09,  9.44464e-09,  4.87010e-10,
00:02:06,    126021,   421.8538,  1.32274e-08,  2.62837e-09,  3.62633e-09,  1.37190e-08,  3.23145e-10,  1.91027e-09,  9.44464e-09,  4.60555e-10,
00:02:06,    126686,   424.6305,  1.28560e-08,  2.74770e-09,  3.78639e-09,  1.31048e-08,  3.32820e-10,  2.19085e-09,  9.29107e-09,  4.28510e-10,
00:02:07,    127351,   427.2750,  1.20840e-08,  2.53055e-09,  3.66097e-09,  1.37190e-08,  3.18845e-10,  1.98767e-09,  9.36786e-09,  4.80489e-10,
00:02:08,    128016,   430.0518,  1.30515e-08,  2.67782e-09,  3.76728e-09,  1.42310e-08,  2.77350e-10,  1.91887e-09,  9.29107e-09,  4.88501e-10,
00:02:08,    128681,   432.6963,  1.30661e-08,  2.69717e-09,  3.54152e-09,  1.49476e-08,  3.04977e-10,  1.78450e-09,  9.29107e-09,  5.62837e-10,
00:02:09,    129346,   435.4731,  1.30026e-08,  2.56387e-09,  3.85208e-09,  1.48452e-08,  3.42817e-10,  1.96832e-09,  9.67500e-09,  4.48258e-10,
00:02:10,    130011,   437.7209,  1.28902e-08,  2.73265e-09,  3.54391e-09,  1.54595e-08,  3.12932e-10,  1.78557e-09,  9.59821e-09,  4.92785e-10,
00:02:10,    130676,   440.8943,  1.20815e-08,  2.64557e-09,  3.29308e-09,  1.52548e-08,  3.47762e-10,  1.84470e-09,  9.21429e-09,  4.83097e-10,
00:02:11,    131321,   443.6711,  1.23967e-08,  2.44562e-09,  3.88313e-09,  1.55619e-08,  2.90035e-10,  2.04035e-09,  9.52143e-09,  5.11416e-10,
00:02:11,    131986,   446.0512,  1.30050e-08,  2.57785e-09,  3.65858e-09,  1.57667e-08,  3.26585e-10,  1.98660e-09,  9.36786e-09,  5.19614e-10,
00:02:12,    132651,   448.8279,  1.24505e-08,  2.58107e-09,  4.09933e-09,  1.73024e-08,  3.05515e-10,  2.04142e-09,  9.59821e-09,  5.04523e-10,
00:02:13,    133316,   451.4724,  1.28438e-08,  2.34995e-09,  3.89867e-09,  1.61762e-08,  3.30562e-10,  1.89845e-09,  9.44464e-09,  5.13652e-10,
00:02:13,    133981,   454.1170,  1.29635e-08,  2.47465e-09,  3.88791e-09,  1.68929e-08,  3.16910e-10,  2.01025e-09,  9.29107e-09,  4.85893e-10,
00:02:14,    134646,   456.6293,  1.26655e-08,  2.65310e-09,  3.58094e-09,  1.64833e-08,  3.45182e-10,  2.04895e-09,  9.44464e-09,  5.29674e-10,
00:02:15,    135311,   459.4060,  1.19276e-08,  2.32200e-09,  3.61200e-09,  1.64833e-08,  3.74530e-10,  2.19622e-09,  9.29107e-09,  4.89059e-10,
00:02:15,    135976,   461.7861,  1.26093e-08,  2.48540e-09,  3.88911e-09,  1.67905e-08,  3.41420e-10,  1.79417e-09,  9.52143e-09,  5.18683e-10,
00:02:16,    136641,   464.6951,  1.17370e-08,  2.63697e-09,  4.05394e-09,  1.68929e-08,  3.25510e-10,  1.94897e-09,  9.36786e-09,  5.25390e-10,
00:02:17,    137306,   467.3396,  1.19447e-08,  2.72297e-09,  3.67411e-09,  1.69952e-08,  3.29380e-10,  2.07045e-09,  9.52143e-09,  5.79605e-10,
00:02:17,    137971,   469.8519,  1.25873e-08,  2.52302e-09,  3.88672e-09,  1.67905e-08,  3.25940e-10,  1.94145e-09,  9.06071e-09,  4.81421e-10,
00:02:18,    138636,   472.6286,  1.20205e-08,  2.62622e-09,  3.85089e-09,  1.63810e-08,  3.72165e-10,  2.12957e-09,  9.44464e-09,  4.67820e-10,
00:02:19,    139301,   475.4054,  1.23014e-08,  2.58107e-09,  3.94524e-09,  1.61762e-08,  3.22930e-10,  2.11560e-09,  9.36786e-09,  5.11416e-10,
00:02:19,    139966,   478.0499,  1.14854e-08,  2.56387e-09,  3.88194e-09,  1.53571e-08,  3.07235e-10,  1.98445e-09,  9.36786e-09,  5.38244e-10,
00:02:20,    140631,   480.6944,  1.30612e-08,  2.40907e-09,  3.57019e-09,  1.51524e-08,  3.61737e-10,  2.26825e-09,  9.75179e-09,  5.33960e-10,
00:02:21,    141296,   483.3390,  1.14707e-08,  2.45207e-09,  3.77086e-09,  1.54595e-08,  3.20350e-10,  2.28437e-09,  9.29107e-09,  5.34333e-10,
00:02:21,    141961,   485.8512,  1.15049e-08,  2.78962e-09,  3.60841e-09,  1.52548e-08,  3.18522e-10,  2.04250e-09,  9.13750e-09,  5.06014e-10,
00:02:22,    142606,   488.3635,  1.23967e-08,  2.62192e-09,  3.90106e-09,  1.52548e-08,  3.30025e-10,  2.13065e-09,  9.29107e-09,  5.51846e-10,
00:02:23,    143271,   491.1403,  1.16564e-08,  2.69180e-09,  3.57856e-09,  1.46405e-08,  3.22070e-10,  2.18117e-09,  9.44464e-09,  5.37686e-10,
00:02:23,    143936,   493.7848,  1.22525e-08,  2.68105e-09,  3.71591e-09,  1.43333e-08,  3.24972e-10,  2.45960e-09,  9.21429e-09,  4.72851e-10,
00:02:24,    144601,   496.8260,  1.23649e-08,  2.64450e-09,  3.68128e-09,  1.47429e-08,  3.37442e-10,  2.47787e-09,  9.90536e-09,  5.63582e-10,
00:02:25,    145266,   499.4705,  1.15025e-08,  2.68105e-09,  3.93330e-09,  1.41286e-08,  3.47225e-10,  2.30372e-09,  9.67500e-09,  6.19289e-10,
00:02:25,    145931,   501.9828,  1.16662e-08,  2.52517e-09,  3.68963e-09,  1.44357e-08,  3.34540e-10,  2.42412e-09,  9.75179e-09,  5.82028e-10,
00:02:26,    146596,   504.4951,  1.11433e-08,  2.66062e-09,  3.79594e-09,  1.37190e-08,  3.35292e-10,  2.64987e-09,  9.44464e-09,  6.26742e-10,
00:02:27,    147261,   507.0074,  1.17444e-08,  2.78962e-09,  3.65619e-09,  1.33095e-08,  3.55072e-10,  2.54452e-09,  9.90536e-09,  6.40714e-10,
00:02:27,    147926,   509.9164,  1.13119e-08,  2.86272e-09,  3.60722e-09,  1.35143e-08,  3.50557e-10,  2.61762e-09,  9.82857e-09,  5.96373e-10,
00:02:28,    148591,   512.4287,  1.12777e-08,  2.95840e-09,  3.73980e-09,  1.36167e-08,  3.52062e-10,  2.96055e-09,  9.67500e-09,  6.46863e-10,
00:02:29,    149256,   515.4699,  1.02907e-08,  2.92400e-09,  3.72547e-09,  1.33095e-08,  3.49912e-10,  2.82187e-09,  9.90536e-09,  6.38478e-10,
00:02:29,    149921,   518.1144,  1.05497e-08,  2.71115e-09,  3.65500e-09,  1.24905e-08,  3.26262e-10,  2.79070e-09,  9.59821e-09,  6.80399e-10,
00:02:30,    150586,   520.6267,  1.09186e-08,  2.75737e-09,  3.65022e-09,  1.26952e-08,  3.44430e-10,  2.93905e-09,  1.00589e-08,  6.60090e-10,
00:02:31,    151251,   523.2713,  1.09748e-08,  3.05300e-09,  3.63111e-09,  1.30024e-08,  3.38732e-10,  2.83155e-09,  9.75179e-09,  6.75740e-10,
00:02:31,    151916,   526.0480,  1.12435e-08,  3.20995e-09,  4.01452e-09,  1.22857e-08,  3.40345e-10,  3.21640e-09,  1.02125e-08,  7.16542e-10,
00:02:32,    152581,   528.6925,  1.13486e-08,  3.01537e-09,  3.88911e-09,  1.20810e-08,  4.02050e-10,  3.11320e-09,  1.05964e-08,  7.11139e-10,
00:02:33,    153246,   531.2048,  1.07598e-08,  3.28090e-09,  3.76250e-09,  1.27976e-08,  4.11295e-10,  3.40345e-09,  1.00589e-08,  7.36291e-10,
00:02:33,    153911,   534.2460,  1.06400e-08,  3.06805e-09,  3.91778e-09,  1.20810e-08,  3.98825e-10,  3.33250e-09,  9.98214e-09,  7.20081e-10,
00:02:34,    154556,   536.6261,  1.06816e-08,  3.37227e-09,  4.23072e-09,  1.18762e-08,  3.65177e-10,  3.54105e-09,  1.05196e-08,  7.68149e-10,
00:02:35,    155221,   539.1384,  1.15856e-08,  3.14222e-09,  3.98108e-09,  1.21833e-08,  3.81087e-10,  3.64317e-09,  1.08268e-08,  7.71690e-10,
00:02:35,    155886,   541.9151,  1.10407e-08,  3.22285e-09,  3.73622e-09,  1.25929e-08,  3.78830e-10,  3.62167e-09,  1.04429e-08,  8.57205e-10,
00:02:36,    156551,   544.5597,  1.04446e-08,  3.20780e-09,  3.79356e-09,  1.27976e-08,  4.33010e-10,  3.57330e-09,  1.04429e-08,  7.84172e-10,
00:02:37,    157216,   547.0719,  1.09967e-08,  3.25510e-09,  3.80908e-09,  1.32071e-08,  3.82592e-10,  4.10005e-09,  1.11339e-08,  8.26650e-10,
00:02:37,    157881,   549.7165,  1.09455e-08,  3.35507e-09,  4.27013e-09,  1.24905e-08,  4.25807e-10,  3.98072e-09,  1.13643e-08,  9.83709e-10,
00:02:38,    158546,   552.6255,  1.09967e-08,  3.62812e-09,  4.00736e-09,  1.23881e-08,  4.43867e-10,  4.04737e-09,  1.14411e-08,  8.49380e-10,
00:02:39,    159211,   555.1377,  1.03469e-08,  3.38087e-09,  4.01333e-09,  1.26952e-08,  4.62465e-10,  4.03877e-09,  1.12875e-08,  8.88877e-10,
00:02:39,    159876,   557.9145,  1.16075e-08,  3.66037e-09,  3.97989e-09,  1.23881e-08,  4.19465e-10,  4.32365e-09,  1.15946e-08,  9.06205e-10,
00:02:40,    160541,   560.6912,  1.09845e-08,  3.61307e-09,  3.82341e-09,  1.21833e-08,  4.56982e-10,  4.30430e-09,  1.11339e-08,  9.15705e-10,
00:02:41,    161206,   563.2035,  1.05448e-08,  3.95170e-09,  3.89269e-09,  1.26952e-08,  4.33010e-10,  4.57520e-09,  1.12875e-08,  9.26698e-10,
00:02:41,    161871,   565.8480,  1.15856e-08,  3.93450e-09,  4.14233e-09,  1.24905e-08,  4.41932e-10,  4.40642e-09,  1.11339e-08,  9.79983e-10,
00:02:42,    162536,   568.3604,  1.03347e-08,  3.78937e-09,  3.92136e-09,  1.23881e-08,  4.89017e-10,  4.33870e-09,  1.19018e-08,  9.70853e-10,
00:02:43,    163201,   571.1371,  1.02736e-08,  3.92590e-09,  4.15308e-09,  1.24905e-08,  4.75472e-10,  4.60852e-09,  1.15946e-08,  1.03904e-09,
00:02:43,    163866,   573.6494,  1.00830e-08,  3.99362e-09,  4.30119e-09,  1.30024e-08,  4.92027e-10,  4.76655e-09,  1.16714e-08,  1.00607e-09,
00:02:44,    164511,   576.1617,  1.06303e-08,  4.06565e-09,  4.20922e-09,  1.22857e-08,  4.76655e-10,  4.77515e-09,  1.22857e-08,  1.00327e-09,
00:02:45,    165176,   578.9384,  1.19814e-08,  4.01620e-09,  3.95839e-09,  1.30024e-08,  4.72785e-10,  4.72785e-09,  1.19018e-08,  1.01296e-09,
00:02:45,    165821,   581.7152,  1.10163e-08,  4.11940e-09,  4.50424e-09,  1.23881e-08,  4.81170e-10,  5.28792e-09,  1.17482e-08,  1.06419e-09,
00:02:46,    166486,   584.0953,  1.10212e-08,  4.10972e-09,  4.49708e-09,  1.23881e-08,  5.08367e-10,  5.05142e-09,  1.20554e-08,  1.03010e-09,
00:02:47,    167151,   586.8720,  1.05497e-08,  4.13015e-09,  4.33463e-09,  1.21833e-08,  5.06540e-10,  4.93210e-09,  1.15179e-08,  1.10127e-09,
00:02:47,    167796,   589.5166,  1.07207e-08,  3.97212e-09,  4.01213e-09,  1.24905e-08,  4.80095e-10,  5.04175e-09,  1.19018e-08,  1.13443e-09,
00:02:48,    168461,   592.1611,  1.11140e-08,  4.23550e-09,  4.54008e-09,  1.27976e-08,  4.67625e-10,  4.95037e-09,  1.18250e-08,  1.12363e-09,
00:02:49,    169126,   595.0700,  1.12020e-08,  4.13660e-09,  4.10411e-09,  1.26952e-08,  5.29007e-10,  4.91060e-09,  1.21321e-08,  1.05525e-09,
00:02:49,    169791,   597.5824,  1.01490e-08,  4.08607e-09,  4.48752e-09,  1.25929e-08,  4.93640e-10,  5.35887e-09,  1.23625e-08,  1.20020e-09,
00:02:50,    170456,   600.3591,  1.11238e-08,  4.42040e-09,  4.08619e-09,  1.26952e-08,  5.00090e-10,  4.94070e-09,  1.22089e-08,  1.16778e-09,
00:02:51,    171121,   603.0036,  1.14781e-08,  4.62465e-09,  4.00497e-09,  1.23881e-08,  4.95897e-10,  5.10087e-09,  1.24393e-08,  1.08748e-09,
00:02:51,    171786,   605.5159,  1.01416e-08,  4.49565e-09,  4.13039e-09,  1.22857e-08,  5.34060e-10,  5.13742e-09,  1.22857e-08,  1.14244e-09,
00:02:52,    172451,   608.0282,  1.10188e-08,  4.18820e-09,  4.02767e-09,  1.19786e-08,  5.05250e-10,  5.08905e-09,  1.19786e-08,  1.06699e-09,
00:02:53,    173116,   610.9372,  1.09308e-08,  4.10112e-09,  4.30836e-09,  1.26952e-08,  4.73967e-10,  4.92027e-09,  1.18250e-08,  1.03289e-09,
00:02:53,    173781,   613.7140,  1.09235e-08,  3.96460e-09,  4.64997e-09,  1.25929e-08,  4.82890e-10,  5.02132e-09,  1.18250e-08,  1.15493e-09,
00:02:54,    174446,   616.3585,  1.06963e-08,  4.43437e-09,  4.11606e-09,  1.21833e-08,  5.13850e-10,  4.78912e-09,  1.18250e-08,  1.01389e-09,
00:02:55,    175091,   618.8708,  1.02956e-08,  4.44190e-09,  4.42661e-09,  1.22857e-08,  5.02240e-10,  4.88802e-09,  1.16714e-08,  1.14803e-09,
00:02:55,    175736,   621.5153,  9.79470e-09,  4.18067e-09,  4.35494e-09,  1.19786e-08,  4.56875e-10,  4.55800e-09,  1.16714e-08,  1.15772e-09,
00:02:56,    176401,   624.0276,  1.06816e-08,  3.97857e-09,  3.74458e-09,  1.22857e-08,  4.42255e-10,  4.49995e-09,  1.14411e-08,  1.05544e-09,
00:02:57,    177066,   626.5399,  1.06083e-08,  4.43867e-09,  4.11724e-09,  1.21833e-08,  4.67840e-10,  4.13552e-09,  1.12875e-08,  1.01277e-09,
00:02:57,    177731,   629.7133,  1.06181e-08,  4.13337e-09,  4.12083e-09,  1.23881e-08,  4.71387e-10,  4.44297e-09,  1.12875e-08,  9.88738e-10,
00:02:58,    178396,   632.3578,  1.05570e-08,  3.75175e-09,  4.34419e-09,  1.22857e-08,  4.40750e-10,  4.09467e-09,  1.12875e-08,  9.16823e-10,
00:02:59,    179061,   634.8701,  1.03322e-08,  4.09682e-09,  4.17936e-09,  1.23881e-08,  4.56445e-10,  4.00330e-09,  1.11339e-08,  1.02060e-09,
00:02:59,    179726,   637.5146,  1.08257e-08,  3.96030e-09,  4.25461e-09,  1.20810e-08,  4.66550e-10,  4.12800e-09,  1.08268e-08,  9.32660e-10,
00:03:00,    180391,   640.1591,  9.68720e-09,  3.97750e-09,  4.56994e-09,  1.26952e-08,  4.16562e-10,  3.73455e-09,  1.03661e-08,  9.12352e-10,
00:03:01,    181056,   642.8037,  9.29141e-09,  3.84850e-09,  4.23430e-09,  1.19786e-08,  4.07102e-10,  3.60017e-09,  1.05964e-08,  9.28189e-10,
00:03:01,    181721,   645.4482,  9.91932e-09,  3.97965e-09,  4.40511e-09,  1.17738e-08,  3.75067e-10,  3.55502e-09,  1.05964e-08,  9.07508e-10,
00:03:02,    182386,   648.0927,  9.80448e-09,  3.49160e-09,  4.41944e-09,  1.17738e-08,  3.87000e-10,  3.20027e-09,  1.03661e-08,  7.67031e-10,
00:03:03,    183051,   650.8695,  9.98527e-09,  3.30132e-09,  4.18413e-09,  1.18762e-08,  4.09682e-10,  3.11427e-09,  1.02125e-08,  7.79515e-10,
00:03:03,    183696,   653.2495,  9.66277e-09,  3.63887e-09,  4.47558e-09,  1.19786e-08,  3.82377e-10,  3.05837e-09,  1.02125e-08,  7.82496e-10,
00:03:04,    184361,   655.8941,  9.60659e-09,  3.97857e-09,  4.36689e-09,  1.20810e-08,  3.85495e-10,  2.90787e-09,  9.98214e-09,  7.19151e-10,
00:03:05,    185026,   658.5386,  8.96159e-09,  3.42817e-09,  4.24983e-09,  1.19786e-08,  3.82377e-10,  2.87347e-09,  1.01357e-08,  7.48773e-10,
00:03:05,    185691,   661.3153,  9.48443e-09,  3.13147e-09,  3.94286e-09,  1.19786e-08,  3.85710e-10,  2.90572e-09,  9.75179e-09,  7.72435e-10,
00:03:06,    186336,   663.5632,  8.54380e-09,  3.33357e-09,  3.82102e-09,  1.18762e-08,  3.66575e-10,  2.67352e-09,  9.29107e-09,  6.61953e-10,
00:03:06,    186981,   666.4722,  8.68550e-09,  3.44752e-09,  4.25102e-09,  1.19786e-08,  3.67757e-10,  2.71760e-09,  9.06071e-09,  7.24740e-10,
00:03:07,    187646,   669.1167,  8.92005e-09,  3.09922e-09,  4.14950e-09,  1.16714e-08,  3.51095e-10,  2.59827e-09,  9.52143e-09,  5.89293e-10,
00:03:08,    188311,   671.7612,  8.47050e-09,  3.19705e-09,  3.96436e-09,  1.18762e-08,  3.65285e-10,  2.73265e-09,  9.06071e-09,  6.66612e-10,
00:03:08,    188976,   674.5380,  8.87607e-09,  3.23575e-09,  4.21161e-09,  1.14667e-08,  3.78830e-10,  2.42520e-09,  9.06071e-09,  6.51893e-10,
00:03:09,    189641,   677.0503,  8.17732e-09,  3.19275e-09,  4.22356e-09,  1.21833e-08,  3.62167e-10,  2.35210e-09,  8.75357e-09,  6.01217e-10,
00:03:10,    190306,   679.8270,  8.05273e-09,  2.98635e-09,  3.72189e-09,  1.14667e-08,  3.74960e-10,  2.32307e-09,  8.29286e-09,  5.77742e-10,
00:03:10,    190971,   682.3393,  8.79057e-09,  3.01645e-09,  4.01213e-09,  1.19786e-08,  3.41097e-10,  2.27362e-09,  8.75357e-09,  6.20220e-10,
00:03:11,    191636,   685.1161,  8.21886e-09,  3.13255e-09,  3.87597e-09,  1.16714e-08,  3.55287e-10,  2.27362e-09,  8.60000e-09,  5.98795e-10,
00:03:12,    192301,   687.8928,  7.63493e-09,  2.92722e-09,  4.18056e-09,  1.16714e-08,  3.02720e-10,  2.21342e-09,  8.83036e-09,  6.43322e-10,
00:03:12,    192966,   690.2729,  7.91591e-09,  2.85520e-09,  4.21878e-09,  1.20810e-08,  3.40452e-10,  2.30157e-09,  8.60000e-09,  5.74388e-10,
00:03:13,    193631,   693.0496,  9.06420e-09,  2.61440e-09,  4.08500e-09,  1.18762e-08,  3.37442e-10,  2.29835e-09,  8.29286e-09,  5.83891e-10,
00:03:14,    194296,   695.8264,  8.72948e-09,  2.79392e-09,  4.04319e-09,  1.24905e-08,  3.14545e-10,  2.12635e-09,  8.29286e-09,  6.01217e-10,
00:03:14,    194961,   698.4709,  8.39477e-09,  2.78102e-09,  4.08858e-09,  1.21833e-08,  3.08740e-10,  2.07475e-09,  8.44643e-09,  6.15563e-10,
00:03:15,    195626,   701.2476,  7.68136e-09,  2.85090e-09,  3.89747e-09,  1.19786e-08,  2.91970e-10,  2.14677e-09,  8.29286e-09,  5.68986e-10,
00:03:16,    196291,   703.8922,  8.67818e-09,  2.69287e-09,  4.10769e-09,  1.14667e-08,  3.68402e-10,  1.96617e-09,  8.13929e-09,  5.71222e-10,
00:03:16,    196956,   706.2722,  8.37277e-09,  2.79500e-09,  4.17100e-09,  1.16714e-08,  3.07450e-10,  2.03820e-09,  8.36964e-09,  5.97863e-10,
00:03:17,    197621,   709.1812,  7.82307e-09,  2.90680e-09,  4.32986e-09,  1.17738e-08,  3.09600e-10,  2.03927e-09,  8.52321e-09,  5.81841e-10,
00:03:18,    198286,   711.8258,  8.72216e-09,  2.71222e-09,  3.95719e-09,  1.22857e-08,  3.39377e-10,  1.93607e-09,  8.36964e-09,  5.01542e-10,
00:03:18,    198951,   714.3380,  9.01534e-09,  2.71222e-09,  4.00856e-09,  1.15690e-08,  3.42387e-10,  2.05755e-09,  8.06250e-09,  5.51101e-10,
00:03:19,    199616,   716.8504,  8.43875e-09,  2.65202e-09,  4.11247e-09,  1.21833e-08,  2.74340e-10,  1.99842e-09,  7.90893e-09,  5.68614e-10,
00:03:20,    200261,   719.6271,  8.32148e-09,  2.40692e-09,  4.07544e-09,  1.20810e-08,  3.22930e-10,  1.77697e-09,  7.75536e-09,  5.98050e-10,
00:03:20,    200926,   722.1394,  7.79618e-09,  2.81112e-09,  4.27252e-09,  1.19786e-08,  2.88852e-10,  1.96187e-09,  8.21607e-09,  5.11416e-10,
00:03:21,    201591,   725.0484,  8.81743e-09,  2.85735e-09,  4.32389e-09,  1.24905e-08,  3.19705e-10,  2.05647e-09,  8.06250e-09,  5.50355e-10,
00:03:22,    202256,   727.6929,  7.70580e-09,  2.72405e-09,  4.33702e-09,  1.21833e-08,  3.13255e-10,  1.96295e-09,  7.83214e-09,  5.42158e-10,
00:03:22,    202921,   730.4696,  8.60000e-09,  2.49937e-09,  4.26536e-09,  1.21833e-08,  2.99065e-10,  1.70495e-09,  8.13929e-09,  4.78068e-10,
00:03:23,    203586,   732.8497,  8.08448e-09,  2.63267e-09,  4.42183e-09,  1.20810e-08,  3.33035e-10,  2.02530e-09,  7.75536e-09,  5.21477e-10,
00:03:24,    204251,   735.4942,  7.97698e-09,  2.69825e-09,  4.29761e-09,  1.21833e-08,  2.77350e-10,  1.92640e-09,  7.83214e-09,  5.31352e-10,
00:03:24,    204896,   738.0065,  8.30436e-09,  2.43272e-09,  4.00378e-09,  1.19786e-08,  3.03472e-10,  1.92317e-09,  7.75536e-09,  5.26321e-10,
00:03:25,    205561,   740.5188,  8.25550e-09,  2.65955e-09,  4.21400e-09,  1.18762e-08,  3.05515e-10,  1.76085e-09,  7.52500e-09,  4.99492e-10,
00:03:26,    206226,   743.8245,  8.17732e-09,  2.68535e-09,  4.18652e-09,  1.17738e-08,  2.86057e-10,  1.71032e-09,  7.90893e-09,  4.78998e-10,
00:03:26,    206891,   746.6012,  8.25550e-09,  2.66492e-09,  3.88194e-09,  1.16714e-08,  2.84660e-10,  1.99305e-09,  7.90893e-09,  5.63024e-10,
00:03:27,    207556,   748.9813,  8.47050e-09,  2.66277e-09,  4.36450e-09,  1.18762e-08,  3.05622e-10,  1.71785e-09,  7.52500e-09,  4.95766e-10,
00:03:28,    208221,   751.6258,  8.12845e-09,  2.42842e-09,  4.05752e-09,  1.23881e-08,  2.95087e-10,  1.67592e-09,  7.37143e-09,  5.26135e-10,
00:03:28,    208886,   754.1381,  8.35080e-09,  2.34672e-09,  4.19967e-09,  1.21833e-08,  3.06482e-10,  1.74257e-09,  7.83214e-09,  4.68007e-10,
00:03:29,    209531,   756.6504,  8.14557e-09,  2.48432e-09,  4.12561e-09,  1.21833e-08,  3.21425e-10,  1.99627e-09,  7.52500e-09,  5.26321e-10,
00:03:30,    210196,   759.4271,  7.67648e-09,  2.62515e-09,  3.95002e-09,  1.24905e-08,  2.92292e-10,  1.81030e-09,  7.52500e-09,  4.93530e-10,
00:03:30,    210841,   762.2039,  8.42898e-09,  2.40047e-09,  3.99541e-09,  1.21833e-08,  3.26155e-10,  1.72645e-09,  7.21786e-09,  5.10671e-10,
00:03:31,    211506,   764.7162,  7.49323e-09,  2.45207e-09,  4.04080e-09,  1.18762e-08,  2.95302e-10,  1.63292e-09,  7.52500e-09,  4.94463e-10,
00:03:32,    212171,   767.3607,  7.82795e-09,  2.51657e-09,  3.97989e-09,  1.18762e-08,  3.06375e-10,  1.83395e-09,  7.44821e-09,  4.45090e-10,
00:03:32,    212836,   770.1375,  8.10402e-09,  2.47895e-09,  4.34300e-09,  1.11595e-08,  2.99172e-10,  1.85975e-09,  7.52500e-09,  4.67820e-10,
00:03:33,    213481,   772.6498,  8.13823e-09,  2.62192e-09,  4.14472e-09,  1.17738e-08,  2.93582e-10,  1.82642e-09,  7.21786e-09,  4.73036e-10,
00:03:34,    214146,   775.5587,  8.09425e-09,  2.48325e-09,  4.02647e-09,  1.17738e-08,  2.69287e-10,  1.66517e-09,  7.21786e-09,  4.65771e-10,
00:03:34,    214791,   778.0711,  7.16095e-09,  2.51765e-09,  4.45050e-09,  1.20810e-08,  2.87025e-10,  1.86942e-09,  7.21786e-09,  4.68192e-10,
00:03:35,    215456,   780.7156,  7.79864e-09,  2.42627e-09,  4.19728e-09,  1.22857e-08,  2.75845e-10,  1.82535e-09,  7.14107e-09,  4.17144e-10,
00:03:36,    216121,   783.3601,  8.21152e-09,  2.44885e-09,  4.11008e-09,  1.20810e-08,  3.21855e-10,  1.78557e-09,  7.14107e-09,  4.01867e-10,
00:03:36,    216786,   786.0046,  7.58118e-09,  2.28330e-09,  4.31433e-09,  1.16714e-08,  2.78855e-10,  1.72645e-09,  7.21786e-09,  4.32236e-10,
00:03:37,    217451,   788.6491,  7.96966e-09,  2.20482e-09,  3.99541e-09,  1.16714e-08,  2.84552e-10,  1.76515e-09,  7.14107e-09,  4.62790e-10,
00:03:38,    218116,   791.2937,  8.40209e-09,  2.20590e-09,  4.19608e-09,  1.17738e-08,  2.65417e-10,  1.58132e-09,  7.29464e-09,  5.21664e-10,
00:03:38,    218781,   793.9382,  8.38500e-09,  2.39187e-09,  4.40272e-09,  1.17738e-08,  2.80467e-10,  1.87050e-09,  7.06429e-09,  4.34844e-10,
00:03:39,    219446,   796.4505,  7.51034e-09,  2.33490e-09,  4.08500e-09,  1.12619e-08,  2.98635e-10,  1.64475e-09,  7.14107e-09,  4.92600e-10,
00:03:40,    220111,   799.3595,  7.96232e-09,  2.24245e-09,  4.21997e-09,  1.18762e-08,  2.97990e-10,  1.62325e-09,  7.06429e-09,  4.76017e-10,
00:03:40,    220776,   801.7395,  7.73755e-09,  2.31985e-09,  4.32508e-09,  1.17738e-08,  2.90357e-10,  1.53295e-09,  6.98750e-09,  4.92227e-10,
00:03:41,    221441,   804.6485,  8.12114e-09,  2.42735e-09,  4.05394e-09,  1.21833e-08,  2.97237e-10,  1.82535e-09,  7.14107e-09,  4.85147e-10,
00:03:42,    222106,   807.1608,  7.20739e-09,  2.37790e-09,  4.27372e-09,  1.17738e-08,  2.50152e-10,  1.74472e-09,  6.83393e-09,  4.48071e-10,
00:03:42,    222771,   809.8053,  7.67159e-09,  2.33060e-09,  4.19728e-09,  1.15690e-08,  2.64557e-10,  1.80600e-09,  6.83393e-09,  3.98513e-10,
00:03:43,    223416,   812.5821,  8.24084e-09,  2.31877e-09,  4.33106e-09,  1.17738e-08,  2.85412e-10,  1.68560e-09,  6.68036e-09,  4.28137e-10,
00:03:44,    224081,   815.3588,  6.93618e-09,  2.12097e-09,  4.37167e-09,  1.21833e-08,  2.88207e-10,  1.39857e-09,  6.91071e-09,  4.44532e-10,
00:03:44,    224746,   817.8711,  8.21641e-09,  2.37467e-09,  4.14950e-09,  1.22857e-08,  2.90680e-10,  1.68452e-09,  6.98750e-09,  4.71173e-10,
00:03:45,    225411,   820.6479,  7.70334e-09,  2.08872e-09,  4.09813e-09,  1.19786e-08,  2.77242e-10,  1.46845e-09,  7.44821e-09,  4.98934e-10,
00:03:46,    226076,   823.2924,  7.45659e-09,  2.27147e-09,  4.27013e-09,  1.21833e-08,  2.70147e-10,  1.74042e-09,  6.83393e-09,  4.25714e-10,
00:03:46,    226741,   826.0691,  7.88170e-09,  2.10700e-09,  4.19967e-09,  1.21833e-08,  2.94227e-10,  1.47382e-09,  7.14107e-09,  4.51797e-10,
00:03:47,    227386,   828.3170,  7.35641e-09,  2.18440e-09,  4.00736e-09,  1.20810e-08,  2.85520e-10,  1.55875e-09,  6.98750e-09,  4.34284e-10,
00:03:48,    228051,   830.9615,  7.67648e-09,  2.33490e-09,  4.31552e-09,  1.20810e-08,  3.04225e-10,  1.46952e-09,  6.98750e-09,  4.11369e-10,
00:03:48,    228716,   833.6060,  7.71557e-09,  2.11990e-09,  4.34658e-09,  1.23881e-08,  2.67460e-10,  1.59100e-09,  6.91071e-09,  4.48444e-10,
00:03:49,    229381,   836.3828,  7.51523e-09,  2.03067e-09,  4.17936e-09,  1.22857e-08,  2.68427e-10,  1.59315e-09,  6.83393e-09,  4.27577e-10,
00:03:50,    230046,   839.1595,  8.04784e-09,  2.43702e-09,  4.17936e-09,  1.26952e-08,  2.45637e-10,  1.61142e-09,  6.98750e-09,  4.26646e-10,
00:03:50,    230711,   841.9363,  7.81818e-09,  2.36177e-09,  4.16622e-09,  1.21833e-08,  2.96807e-10,  1.68775e-09,  6.52679e-09,  4.76577e-10,
00:03:51,    231376,   844.3164,  7.41505e-09,  2.20482e-09,  4.23191e-09,  1.26952e-08,  2.79500e-10,  1.49855e-09,  6.75714e-09,  4.04102e-10,
00:03:52,    232041,   847.0931,  7.54698e-09,  2.23922e-09,  4.39556e-09,  1.26952e-08,  2.40692e-10,  1.53080e-09,  6.75714e-09,  4.57201e-10,
00:03:52,    232706,   849.7376,  7.40039e-09,  2.09625e-09,  4.13278e-09,  1.21833e-08,  2.84767e-10,  1.54477e-09,  6.75714e-09,  3.87894e-10,
00:03:53,    233371,   852.2499,  7.77420e-09,  1.98875e-09,  4.36928e-09,  1.23881e-08,  3.15190e-10,  1.50285e-09,  6.29643e-09,  4.25529e-10,
00:03:54,    234036,   855.2911,  7.90857e-09,  2.36822e-09,  4.29880e-09,  1.24905e-08,  2.75200e-10,  1.61357e-09,  6.56595e-09,  4.12672e-10,
00:03:54,    234701,   857.8034,  7.64227e-09,  1.96617e-09,  4.27133e-09,  1.19786e-08,  2.69287e-10,  1.56090e-09,  6.67729e-09,  4.19194e-10,
00:03:55,    235366,   860.3157,  7.56652e-09,  2.19407e-09,  4.15906e-09,  1.21833e-08,  2.67030e-10,  1.53832e-09,  6.88231e-09,  4.14908e-10,
00:03:56,    236031,   862.8280,  7.56652e-09,  1.99412e-09,  4.27491e-09,  1.20810e-08,  3.01107e-10,  1.61142e-09,  7.02820e-09,  4.48631e-10,
00:03:56,    236696,   865.7370,  7.56164e-09,  2.17472e-09,  4.28806e-09,  1.30024e-08,  2.79822e-10,  1.66517e-09,  6.79324e-09,  3.90130e-10,
00:03:57,    237361,   868.5138,  6.79936e-09,  1.95435e-09,  4.59622e-09,  1.22857e-08,  2.73157e-10,  1.60282e-09,  6.67499e-09,  4.43972e-10,
00:03:58,    238026,   870.8938,  7.19273e-09,  2.10162e-09,  3.97152e-09,  1.21833e-08,  2.60795e-10,  1.50930e-09,  6.66884e-09,  3.81932e-10,
00:03:58,    238691,   873.8028,  7.51277e-09,  2.04787e-09,  4.21878e-09,  1.25929e-08,  2.68750e-10,  1.74257e-09,  6.76789e-09,  4.30931e-10,
00:03:59,    239356,   876.4473,  8.18709e-09,  2.13387e-09,  4.46363e-09,  1.26952e-08,  2.36822e-10,  1.66302e-09,  6.69879e-09,  4.15841e-10,
00:04:00,    240021,   879.2241,  7.52011e-09,  2.27255e-09,  4.40511e-09,  1.25929e-08,  2.88315e-10,  1.56842e-09,  6.57363e-09,  4.02239e-10,
00:04:00,    240686,   882.0008,  6.91420e-09,  2.27362e-09,  4.27372e-09,  1.24905e-08,  2.66062e-10,  1.42867e-09,  6.75100e-09,  4.27205e-10,
00:04:01,    241351,   884.5131,  7.75955e-09,  2.14247e-09,  4.78972e-09,  1.22857e-08,  2.63052e-10,  1.51682e-09,  6.82471e-09,  4.68938e-10,
00:04:02,    242016,   887.2899,  7.61539e-09,  2.02100e-09,  4.49828e-09,  1.23881e-08,  2.54560e-10,  1.65550e-09,  6.98596e-09,  4.03544e-10,
00:04:02,    242681,   889.8022,  7.47614e-09,  2.27040e-09,  4.37286e-09,  1.24905e-08,  2.58322e-10,  1.55122e-09,  6.56671e-09,  4.40246e-10,
00:04:03,    243346,   892.4467,  7.85727e-09,  2.21665e-09,  4.37883e-09,  1.25929e-08,  3.00140e-10,  1.55015e-09,  6.77096e-09,  4.05407e-10,
00:04:04,    244011,   895.2234,  7.37841e-09,  2.27470e-09,  4.57113e-09,  1.19786e-08,  3.01430e-10,  1.65012e-09,  6.44924e-09,  4.18449e-10,
00:04:04,    244676,   897.6035,  7.14630e-09,  2.27362e-09,  4.69656e-09,  1.18762e-08,  2.81865e-10,  1.82212e-09,  6.59359e-09,  4.51425e-10,
00:04:05,    245341,   900.2480,  7.86705e-09,  2.20912e-09,  4.98083e-09,  1.20810e-08,  2.64987e-10,  1.65012e-09,  6.45614e-09,  4.16026e-10,
00:04:06,    246006,   903.1570,  7.63493e-09,  2.09625e-09,  4.39197e-09,  1.13643e-08,  2.84230e-10,  1.64152e-09,  6.65349e-09,  4.13232e-10,
00:04:06,    246671,   905.6693,  7.96477e-09,  2.27362e-09,  4.68222e-09,  1.17738e-08,  2.60365e-10,  1.45985e-09,  6.60895e-09,  4.26274e-10,
00:04:07,    247336,   908.3138,  7.77664e-09,  2.25642e-09,  4.68939e-09,  1.20810e-08,  2.34672e-10,  1.52542e-09,  6.82625e-09,  3.89570e-10,
00:04:08,    248001,   911.2228,  7.53966e-09,  2.12420e-09,  4.64997e-09,  1.16714e-08,  2.68320e-10,  1.57380e-09,  6.81704e-09,  4.27392e-10,
00:04:08,    248666,   913.8673,  7.44193e-09,  2.22202e-09,  4.61413e-09,  1.19786e-08,  2.61762e-10,  1.33515e-09,  6.39164e-09,  5.11789e-10,
00:04:09,    249331,   916.5119,  7.16584e-09,  2.32307e-09,  4.63802e-09,  1.16714e-08,  2.68642e-10,  1.48780e-09,  6.92914e-09,  4.24411e-10,
00:04:09,    249996,   919.1563,  7.67159e-09,  2.20912e-09,  4.69894e-09,  1.16714e-08,  2.61010e-10,  1.50392e-09,  6.86541e-09,  3.98328e-10,
00:04:10,    250661,   921.9331,  7.07300e-09,  2.04465e-09,  4.73597e-09,  1.14667e-08,  2.36285e-10,  1.54477e-09,  6.80245e-09,  4.32049e-10,
00:04:11,    251326,   924.4454,  7.52011e-09,  2.33812e-09,  4.33702e-09,  1.11595e-08,  2.32845e-10,  1.47060e-09,  6.46996e-09,  4.84402e-10,
00:04:11,    251991,   926.9577,  8.08693e-09,  2.08227e-09,  4.66072e-09,  1.09548e-08,  2.41875e-10,  1.48457e-09,  6.58284e-09,  4.56456e-10,
00:04:12,    252656,   929.8666,  8.06739e-09,  2.01670e-09,  4.57830e-09,  1.12619e-08,  2.68427e-10,  1.39642e-09,  6.34557e-09,  4.36334e-10,
00:04:13,    253321,   932.5112,  7.88170e-09,  2.18762e-09,  4.53411e-09,  1.10571e-08,  2.48647e-10,  1.61572e-09,  6.24114e-09,  4.26274e-10,
00:04:13,    253986,   935.2879,  7.24159e-09,  2.16290e-09,  4.83033e-09,  1.10571e-08,  2.80682e-10,  1.43512e-09,  6.67114e-09,  4.25901e-10,
00:04:14,    254651,   937.6680,  7.98186e-09,  2.00702e-09,  4.81002e-09,  1.09548e-08,  2.70362e-10,  1.65765e-09,  6.66577e-09,  4.11555e-10,
00:04:15,    255316,   940.4448,  7.79864e-09,  1.98230e-09,  4.46124e-09,  1.12619e-08,  2.55420e-10,  1.54585e-09,  6.27800e-09,  3.98886e-10,
00:04:15,    255981,   943.0893,  7.66425e-09,  2.08227e-09,  4.57113e-09,  1.08524e-08,  2.50690e-10,  1.47060e-09,  6.66193e-09,  4.27205e-10,
00:04:16,    256646,   945.9982,  7.21227e-09,  2.03175e-09,  4.38719e-09,  1.04429e-08,  2.56817e-10,  1.62432e-09,  6.35249e-09,  4.03544e-10,
00:04:17,    257311,   948.5106,  7.51277e-09,  2.12635e-09,  4.57472e-09,  1.03405e-08,  2.57032e-10,  1.72967e-09,  6.59513e-09,  3.94414e-10,
00:04:17,    257976,   951.0228,  6.95818e-09,  2.19730e-09,  4.66669e-09,  1.03405e-08,  2.69717e-10,  1.57487e-09,  6.50606e-09,  4.21243e-10,
00:04:18,    258641,   953.9318,  7.38330e-09,  2.07045e-09,  4.58308e-09,  1.04429e-08,  2.61655e-10,  1.45017e-09,  6.71031e-09,  4.50679e-10,
00:04:19,    259306,   956.4441,  7.16095e-09,  2.15430e-09,  4.46244e-09,  1.03405e-08,  2.89712e-10,  1.48135e-09,  6.58054e-09,  3.70194e-10,
00:04:19,    259971,   959.2209,  7.89391e-09,  2.32200e-09,  4.97008e-09,  1.04429e-08,  2.69825e-10,  1.50822e-09,  6.49454e-09,  4.39873e-10,
00:04:20,    260636,   961.6010,  6.93375e-09,  2.20805e-09,  4.51261e-09,  1.05452e-08,  2.79392e-10,  1.65980e-09,  6.45461e-09,  4.08201e-10,
00:04:21,    261301,   964.1132,  7.47368e-09,  2.11345e-09,  4.66908e-09,  1.01357e-08,  2.78317e-10,  1.54370e-09,  6.45000e-09,  4.55523e-10,
00:04:21,    261966,   966.6256,  7.24159e-09,  2.27040e-09,  4.60697e-09,  9.62381e-09,  2.37037e-10,  1.69097e-09,  6.24345e-09,  3.76716e-10,
00:04:22,    262631,   969.7990,  7.20005e-09,  2.01025e-09,  4.38361e-09,  1.01357e-08,  2.95840e-10,  1.48135e-09,  6.50606e-09,  4.76577e-10,
00:04:23,    263296,   972.4435,  8.07959e-09,  2.09625e-09,  4.57113e-09,  9.52143e-09,  2.86272e-10,  1.65765e-09,  6.26034e-09,  4.00563e-10,
00:04:23,    263961,   974.9558,  7.44682e-09,  2.06615e-09,  4.55083e-09,  1.01357e-08,  2.64987e-10,  1.64260e-09,  6.53831e-09,  4.62603e-10,
00:04:24,    264626,   977.8648,  7.13898e-09,  2.14677e-09,  4.91274e-09,  9.62381e-09,  3.04977e-10,  1.67592e-09,  6.46766e-09,  4.73596e-10,
00:04:25,    265291,   980.5093,  8.14068e-09,  2.11345e-09,  4.89124e-09,  1.02381e-08,  2.18117e-10,  1.71462e-09,  6.45077e-09,  4.38010e-10,
00:04:25,    265956,   983.1538,  8.34345e-09,  2.36392e-09,  5.07758e-09,  9.41905e-09,  2.41015e-10,  1.58025e-09,  6.51066e-09,  4.63908e-10,
00:04:26,    266621,   985.6661,  7.93057e-09,  2.20697e-09,  4.66908e-09,  9.41905e-09,  2.91002e-10,  1.72322e-09,  6.55059e-09,  4.88686e-10,
00:04:27,    267286,   988.7073,  7.87436e-09,  2.22202e-09,  4.94141e-09,  9.62381e-09,  2.65417e-10,  1.61035e-09,  6.47995e-09,  4.65399e-10,
00:04:27,    267951,   990.9552,  7.91591e-09,  1.99735e-09,  5.07041e-09,  9.72619e-09,  2.70685e-10,  1.63077e-09,  6.71031e-09,  4.63536e-10,
00:04:28,    268616,   993.7319,  7.80107e-09,  2.01777e-09,  5.56252e-09,  9.52143e-09,  2.60687e-10,  1.82965e-09,  6.67421e-09,  4.42482e-10,
00:04:29,    269281,   996.5087,  7.78398e-09,  2.36392e-09,  5.17194e-09,  9.72619e-09,  2.59935e-10,  1.69957e-09,  6.44079e-09,  4.66144e-10,
00:04:29,    269946,   999.2854,  7.86705e-09,  2.08335e-09,  4.78972e-09,  9.72619e-09,  2.70362e-10,  1.60927e-09,  6.88538e-09,  4.69683e-10,
00:04:30,    270611,  1001.6655,  7.92323e-09,  2.15537e-09,  4.84586e-09,  9.11190e-09,  2.58537e-10,  1.72645e-09,  6.76636e-09,  4.62790e-10,
00:04:31,    271276,  1004.4422,  7.65936e-09,  2.08012e-09,  5.11222e-09,  9.72619e-09,  2.75845e-10,  1.58347e-09,  6.88154e-09,  3.98328e-10,
00:04:31,    271941,  1006.9546,  7.32955e-09,  2.41230e-09,  5.51952e-09,  9.52143e-09,  2.48862e-10,  1.72645e-09,  6.34404e-09,  4.57946e-10,
00:04:32,    272606,  1009.7313,  8.61955e-09,  2.36822e-09,  5.23286e-09,  9.62381e-09,  2.45960e-10,  1.73182e-09,  6.41468e-09,  4.73969e-10,
00:04:33,    273271,  1012.7725,  7.62761e-09,  2.14892e-09,  5.05967e-09,  9.52143e-09,  2.54452e-10,  1.40287e-09,  6.67114e-09,  4.60740e-10,
00:04:33,    273936,  1015.0204,  7.38330e-09,  2.29512e-09,  5.19463e-09,  9.00952e-09,  2.53915e-10,  1.75655e-09,  6.54521e-09,  4.27392e-10,
00:04:34,    274601,  1017.6648,  8.03561e-09,  2.18870e-09,  5.07878e-09,  9.62381e-09,  2.55097e-10,  1.80277e-09,  6.74332e-09,  4.86638e-10,
