0000000372,scans,0000000160,DataLength
"header",0000000029,"lines"
"Date",4/20/2016,"Time",8:08:42 PM
"ID","HAL RC RGA 301 #14852","Version",3
"Scans",10
"Scan ID","Mode","Input","Scanned","Start","Stop","Increment","Dwell","Settle","RS","RelSEM"
"Scan 1","RGA","Temperature","none",0.40,0.40,0.01,10.000,8.000,1.000000,1.000000,
"Scan 2","RGA","SEM","mass",2.00,2.00,0.01,10.000,8.000,0.440000,1.000000,
"Scan 3","RGA","SEM","mass",14.00,14.00,0.01,10.000,8.000,1.000000,1.000000,
"Scan 4","RGA","SEM","mass",16.00,16.00,0.01,10.000,8.000,0.098000,1.000000,
"Scan 5","RGA","SEM","mass",18.00,18.00,0.01,10.000,8.000,0.900000,1.000000,
"Scan 6","RGA","SEM","mass",28.00,28.00,0.01,10.000,8.000,1.050000,1.000000,
"Scan 7","RGA","SEM","mass",29.00,29.00,0.01,10.000,8.000,1.000000,1.000000,
"Scan 8","RGA","SEM","mass",43.00,43.00,0.01,10.000,8.000,1.000000,1.000000,
"Scan 9","RGA","SEM","mass",44.00,44.00,0.01,10.000,8.000,1.400000,1.000000,
"Scan 10","RGA","SEM","mass",60.00,60.00,0.01,10.000,8.000,0.577000,1.000000,
"Environment",
"Global","RGA"
"F1",1,"( 1 = on, 0 = off )"
"F2",0,"( 1 = on, 0 = off )"
"cage",3.3,"V"
"delta-m",0,"%"
"electron-energy",70.0,"V"
"emission",1000.000,"uA"
"focus",-90,"V"
"mass",5.50,"amu"
"mode-change-delay",1000,"ms"
"multiplier",1000,"V"
"resolution",0,"%"
"Data",10
"Time","ms","Scan 1 : none 0.40","Hydrogen","Ketene","Oxygen-16","Water","Carbon monoxide","Acetaldehyde","Acetic acid","Carbon dioxide","Acetic acid",
00:00:01,      1219,   150.1290, -5.86364e-11,  2.79500e-11,  1.42602e-10, -3.94167e-11, -1.02381e-11,  3.01000e-11,  3.22500e-11, -4.60714e-12, -3.35355e-11,
00:00:01,      1869,   150.2612,  1.19716e-10,  4.73000e-11,  5.15561e-10,  1.12278e-10,  7.24857e-10,  6.12750e-11,  1.50500e-11,  3.03304e-10, -2.04939e-11,
00:00:02,      2536,   150.5257,  1.59295e-09,  1.55875e-10,  2.77526e-09,  4.13278e-10,  1.72819e-09,  5.80500e-11,  3.33250e-11,  2.88714e-10, -4.65771e-11,
00:00:03,      3203,   150.1290,  1.76398e-09,  2.09625e-10,  3.59796e-09,  4.33583e-10,  1.61659e-09,  5.91250e-11,  2.90250e-11,  3.34786e-10, -6.52080e-11,
00:00:03,      3870,   150.1290,  1.54409e-09,  1.26850e-10,  3.49923e-09,  4.90917e-10,  1.63810e-09,  2.15000e-11, -8.60000e-12,  3.37857e-10,  4.65771e-11,
00:00:04,      4537,   150.2612,  1.87636e-09,  1.40825e-10,  3.82832e-09,  4.43139e-10,  1.77630e-09,  1.50500e-11, -2.25750e-11,  3.53214e-10,  5.96187e-11,
00:00:05,      5204,   150.1290,  1.63693e-09,  1.20400e-10,  4.23418e-09,  4.25222e-10,  1.74867e-09,  2.04250e-11, -2.90250e-11,  3.28643e-10,  2.98094e-11,
00:00:05,      5871,   150.2612,  1.75909e-09,  1.26850e-10,  3.29082e-09,  5.68556e-10,  1.90121e-09,  4.08500e-11, -1.72000e-11,  3.31714e-10,  4.84402e-11,
00:00:06,      6538,   150.2612,  1.95210e-09,  1.05350e-10,  3.74056e-09,  5.60194e-10,  1.80088e-09,  7.52500e-12,  4.30000e-12,  3.55518e-10,  4.84402e-11,
00:00:07,      7205,   149.9968,  1.76642e-09,  2.10700e-10,  3.32372e-09,  4.13278e-10,  1.75788e-09,  9.35250e-11, -1.07500e-12,  3.25571e-10, -1.30416e-11,
00:00:07,      7872,   150.2612,  2.10114e-09,  1.60175e-10,  2.90689e-09,  4.26417e-10,  1.78143e-09,  6.45000e-11,  3.44000e-11,  3.40161e-10, -4.09879e-11,
00:00:08,      8539,   150.2612,  1.92278e-09,  1.80600e-10,  3.18112e-09,  5.57806e-10,  1.80190e-09,  7.31000e-11, -1.07500e-12,  3.37089e-10, -2.04939e-11,
00:00:09,      9206,   150.1290,  1.96432e-09,  1.65550e-10,  3.40051e-09,  5.49444e-10,  1.65448e-09,  8.27750e-11,  2.36500e-11,  3.01768e-10, -3.72617e-11,
00:00:09,      9873,   150.2612,  2.01563e-09,  1.49425e-10,  3.10434e-09,  5.24361e-10,  1.76505e-09,  6.45000e-11,  4.19250e-11,  3.37089e-10, -4.84402e-11,
00:00:10,     10540,   150.1290,  1.93011e-09,  4.94500e-11,  3.81735e-09,  6.60528e-10,  1.89916e-09, -9.67500e-12,  1.29000e-11,  3.95446e-10,  2.60832e-11,
00:00:11,     11207,   150.2612,  1.75176e-09,  9.24500e-11,  3.35663e-09,  6.71278e-10,  1.79883e-09,  1.50500e-11,  1.39750e-11,  3.94679e-10,  2.42201e-11,
00:00:11,     11874,   150.3935,  1.83483e-09,  9.35250e-11,  3.49923e-09,  6.98750e-10,  1.80088e-09,  1.72000e-11, -1.18250e-11,  3.16357e-10,  3.72617e-11,
00:00:12,     12542,   150.2612,  2.06205e-09,  1.31150e-10,  3.80638e-09,  6.40222e-10,  1.80292e-09,  3.22500e-12,  1.93500e-11,  3.96982e-10, -3.16724e-11,
00:00:13,     13209,   150.2612,  2.04739e-09,  1.22550e-10,  3.44439e-09,  7.04722e-10,  1.86640e-09,  2.25750e-11,  4.19250e-11,  3.84696e-10, -3.72617e-12,
00:00:13,     13876,   150.5257,  1.97653e-09,  1.36525e-10,  3.29082e-09,  7.38167e-10,  1.73024e-09,  1.29000e-11,  2.58000e-11,  4.46893e-10,  5.58925e-12,
00:00:14,     14543,   149.9968,  1.88858e-09,  8.49250e-11,  3.07143e-09,  8.38500e-10,  1.71386e-09,  1.07500e-12,  3.76250e-11,  3.69339e-10, -5.77556e-11,
00:00:15,     15210,   150.3935,  2.15244e-09,  1.45125e-10,  3.09337e-09,  7.83556e-10,  1.98107e-09,  4.83750e-11, -2.68750e-11,  3.61661e-10,  6.14818e-11,
00:00:15,     15877,   150.3935,  2.01563e-09,  1.51575e-10,  2.88495e-09,  7.62056e-10,  1.92169e-09,  6.66500e-11, -1.72000e-11,  2.92554e-10,  2.23570e-11,
00:00:16,     16544,   150.3935,  1.93011e-09,  1.42975e-10,  2.70944e-09,  7.87139e-10,  1.87562e-09,  8.92250e-11, -1.29000e-11,  3.80089e-10,  3.91248e-11,
00:00:17,     17211,   150.1290,  1.78597e-09,  1.54800e-10,  2.74235e-09,  7.54889e-10,  1.91452e-09,  7.74000e-11, -1.93500e-11,  3.72411e-10,  3.72617e-11,
00:00:17,     17878,   150.2612,  2.07182e-09,  1.56950e-10,  2.93980e-09,  8.28944e-10,  1.81624e-09,  7.74000e-11, -3.22500e-12,  3.80857e-10,  1.86308e-11,
00:00:18,     18546,   150.1290,  2.02784e-09,  1.30075e-10,  3.19209e-09,  9.41222e-10,  1.95957e-09,  4.73000e-11, -2.04250e-11,  3.94679e-10,  3.53986e-11,
00:00:19,     19213,   150.1290,  1.96432e-09,  1.25775e-10,  2.87398e-09,  9.26889e-10,  1.83876e-09,  4.40750e-11, -2.36500e-11,  4.11571e-10,  6.70711e-11,
00:00:19,     19880,   150.2612,  1.82017e-09,  1.46200e-10,  3.49923e-09,  9.40028e-10,  1.74048e-09,  5.37500e-11,  4.83750e-11,  3.53214e-10, -9.12912e-11,
00:00:20,     20547,   150.3935,  1.93989e-09,  1.49425e-10,  4.48648e-09,  1.01169e-09,  1.73535e-09,  6.77250e-11,  5.16000e-11,  3.74714e-10, -6.52080e-11,
00:00:21,     21214,   150.6579,  1.92523e-09,  1.21475e-10,  3.35663e-09,  1.05947e-09,  1.74252e-09,  5.16000e-11,  5.05250e-11,  4.00054e-10, -7.07972e-11,
00:00:21,     21881,   150.2612,  1.84460e-09,  1.88125e-10,  3.95995e-09,  9.69889e-10,  1.78040e-09,  6.02000e-11,  3.76250e-11,  3.56286e-10, -4.09879e-11,
00:00:22,     22548,   149.9968,  1.88125e-09,  1.55875e-10,  3.98189e-09,  1.03200e-09,  1.92169e-09,  8.92250e-11,  3.33250e-11,  3.66268e-10, -4.28510e-11,
00:00:23,     23215,   150.3935,  2.03517e-09,  1.06425e-10,  3.09337e-09,  1.13233e-09,  1.88176e-09,  6.45000e-12, -2.04250e-11,  4.00054e-10,  6.89341e-11,
00:00:23,     23883,   150.2612,  1.91301e-09,  1.54800e-10,  3.06046e-09,  1.04275e-09,  1.85514e-09,  8.17000e-11,  3.76250e-11,  3.88536e-10, -2.98094e-11,
00:00:24,     24550,   150.3935,  1.80307e-09,  1.27925e-10,  3.54311e-09,  1.22789e-09,  1.77733e-09,  1.07500e-12,  1.07500e-11,  4.53804e-10,  5.58925e-12,
00:00:25,     25217,   150.2612,  1.85437e-09,  1.30075e-10,  3.86122e-09,  1.13113e-09,  1.79371e-09,  1.39750e-11,  1.82750e-11,  4.05429e-10, -9.31542e-12,
00:00:25,     25884,   150.2612,  1.83239e-09,  1.45125e-10,  3.43342e-09,  1.29239e-09,  1.94421e-09, -8.60000e-12,  4.30000e-12,  3.94679e-10,  3.53986e-11,
00:00:26,     26551,   150.6579,  2.07915e-09,  9.78250e-11,  3.89413e-09,  1.21236e-09,  1.81521e-09,  2.04250e-11,  2.58000e-11,  3.90839e-10,  1.49047e-11,
00:00:27,     27218,   150.1290,  1.77131e-09,  1.59100e-10,  3.41148e-09,  1.41302e-09,  1.76505e-09,  3.33250e-11,  1.29000e-11,  4.07732e-10,  5.58925e-12,
00:00:27,     27885,   150.2612,  1.97653e-09,  1.52650e-10,  3.21403e-09,  1.21594e-09,  1.86538e-09,  6.23500e-11, -1.61250e-11,  3.37089e-10,  1.49047e-11,
00:00:28,     28552,   150.2612,  2.27216e-09,  1.82750e-10,  3.60893e-09,  1.35808e-09,  1.90429e-09,  7.84750e-11, -2.25750e-11,  4.02357e-10,  4.47140e-11,
00:00:29,     29219,   150.1290,  2.27216e-09,  1.51575e-10,  3.07143e-09,  1.31269e-09,  1.86948e-09,  6.77250e-11, -1.07500e-11,  3.56286e-10,  2.79463e-11,
00:00:29,     29886,   150.3935,  2.17443e-09,  1.40825e-10,  2.56684e-09,  1.27328e-09,  1.68826e-09,  5.26750e-11,  1.07500e-12,  3.28643e-10, -2.98094e-11,
00:00:30,     30554,   150.1290,  1.95210e-09,  1.20400e-10,  2.97270e-09,  1.42139e-09,  1.79883e-09,  5.37500e-11, -3.22500e-11,  3.79321e-10,  6.89341e-11,
00:00:31,     31221,   150.1290,  2.03761e-09,  1.52650e-10,  2.74235e-09,  1.37958e-09,  1.77119e-09,  5.69750e-11, -1.72000e-11,  3.69339e-10,  5.77556e-11,
00:00:31,     31888,   150.3935,  1.82506e-09,  1.01050e-10,  2.84107e-09,  1.33539e-09,  1.77733e-09,  6.23500e-11, -1.29000e-11,  3.76250e-10,  7.07972e-11,
00:00:32,     32555,   150.2612,  2.08159e-09,  1.31150e-10,  4.04770e-09,  1.28761e-09,  1.66573e-09,  6.02000e-11,  4.83750e-11,  4.05429e-10, -4.09879e-11,
00:00:33,     33223,   150.3935,  1.76398e-09,  9.56750e-11,  3.30179e-09,  1.23863e-09,  1.74867e-09,  3.65500e-11, -2.25750e-11,  3.61661e-10,  6.70711e-11,
00:00:33,     33890,   150.1290,  1.96432e-09,  1.51575e-10,  3.55408e-09,  1.36167e-09,  1.77221e-09,  7.63250e-11,  3.01000e-11,  3.24036e-10, -5.40295e-11,
00:00:34,     34557,   150.3935,  2.17688e-09,  1.42975e-10,  3.48827e-09,  1.40228e-09,  1.95445e-09,  1.15025e-10,  3.33250e-11,  3.93143e-10, -2.79463e-11,
00:00:35,     35224,   150.5257,  1.80795e-09,  1.81675e-10,  3.77347e-09,  1.37958e-09,  1.95650e-09,  9.03000e-11,  4.30000e-11,  4.60714e-10, -3.53986e-11,
00:00:35,     35891,   151.1868,  1.86659e-09,  1.93500e-10,  3.36760e-09,  1.38078e-09,  2.12748e-09,  7.20250e-11,  3.76250e-11,  3.94679e-10, -6.14818e-11,
00:00:36,     36559,   152.2446,  2.20619e-09,  1.80600e-10,  3.00561e-09,  1.33897e-09,  2.23907e-09,  8.06250e-11,  8.60000e-12,  3.43232e-10,  1.11785e-11,
00:00:37,     37226,   153.9636,  1.92278e-09,  2.03175e-10,  3.43342e-09,  1.50739e-09,  2.06911e-09,  8.92250e-11,  3.22500e-12,  4.03893e-10, -1.86308e-12,
00:00:37,     37893,   157.0048,  2.06449e-09,  1.56950e-10,  3.25791e-09,  1.29358e-09,  1.98619e-09,  7.31000e-11,  1.18250e-11,  4.43821e-10,  2.23570e-11,
00:00:38,     38560,   161.2360,  2.11091e-09,  1.04275e-10,  4.82653e-09,  1.47633e-09,  2.09164e-09,  4.62250e-11,  1.72000e-11,  4.90661e-10, -1.86308e-11,
00:00:39,     39227,   165.9961,  2.21108e-09,  1.37600e-10,  3.79541e-09,  1.32463e-09,  2.06605e-09,  2.79500e-11,  3.22500e-11,  4.26161e-10, -3.53986e-11,
00:00:39,     39894,   171.5497,  2.03517e-09,  1.51575e-10,  3.64184e-09,  1.46319e-09,  1.87562e-09,  4.30000e-11,  2.25750e-11,  4.62250e-10, -1.49047e-11,
00:00:40,     40561,   176.5742,  1.80063e-09,  1.18250e-10,  3.36760e-09,  1.32344e-09,  1.91248e-09,  1.72000e-11,  3.54750e-11,  4.61482e-10, -9.31542e-12,
00:00:41,     41228,   181.8633,  2.14511e-09,  1.02125e-10,  3.55408e-09,  1.26730e-09,  1.92373e-09,  1.50500e-11,  2.25750e-11,  4.63018e-10, -2.23570e-11,
00:00:41,     41895,   185.8301,  2.03028e-09,  1.66625e-10,  3.30179e-09,  1.37839e-09,  1.78757e-09,  7.52500e-11, -1.50500e-11,  3.15589e-10,  0.00000e+00,
00:00:42,     42562,   189.4002,  2.08648e-09,  1.48350e-10,  3.32372e-09,  1.21474e-09,  1.68416e-09,  8.81500e-11,  1.61250e-11,  3.21732e-10, -1.49047e-11,
00:00:43,     43230,   192.3092,  2.20619e-09,  1.16100e-10,  3.13724e-09,  1.24102e-09,  1.75071e-09,  4.40750e-11, -1.61250e-11,  4.18482e-10,  5.21664e-11,
00:00:43,     43897,   195.0859,  2.03028e-09,  1.49425e-10,  2.89592e-09,  1.30313e-09,  1.74150e-09,  2.36500e-11,  1.50500e-11,  3.67804e-10,  2.04939e-11,
00:00:44,     44546,   197.2015,  2.10602e-09,  1.52650e-10,  2.68750e-09,  1.21356e-09,  1.79473e-09,  6.12750e-11, -2.36500e-11,  3.53214e-10,  4.09879e-11,
00:00:45,     45213,   199.5816,  2.05716e-09,  1.46200e-10,  3.09337e-09,  1.24341e-09,  1.93602e-09,  7.41750e-11, -2.58000e-11,  3.16357e-10,  1.30416e-11,
00:00:45,     45880,   201.3005,  1.89102e-09,  9.46000e-11,  4.03673e-09,  1.23147e-09,  1.78245e-09,  4.19250e-11,  2.36500e-11,  3.99286e-10, -3.91248e-11,
00:00:46,     46547,   203.2839,  2.00341e-09,  1.18250e-10,  4.08061e-09,  1.25297e-09,  1.78859e-09,  2.36500e-11,  2.79500e-11,  3.62429e-10, -5.58925e-12,
00:00:47,     47214,   205.3995,  1.88369e-09,  1.64475e-10,  2.90689e-09,  1.34017e-09,  1.77016e-09,  2.25750e-11,  3.87000e-11,  3.65500e-10, -5.03033e-11,
00:00:47,     47881,   206.9863,  1.91545e-09,  1.30075e-10,  4.23418e-09,  1.23983e-09,  1.67597e-09,  2.90250e-11,  2.58000e-11,  3.92375e-10, -2.60832e-11,
00:00:48,     48548,   209.1019,  1.98631e-09,  1.19325e-10,  3.45536e-09,  1.27806e-09,  1.70976e-09,  3.01000e-11,  3.11750e-11,  4.03893e-10, -4.28510e-11,
00:00:49,     49215,   211.7464,  1.90324e-09,  1.41900e-10,  2.89592e-09,  1.21474e-09,  1.72307e-09,  8.60000e-11, -2.47250e-11,  3.59357e-10,  2.98094e-11,
00:00:49,     49883,   214.1265,  1.84460e-09,  1.18250e-10,  3.34566e-09,  1.13352e-09,  1.90530e-09,  3.87000e-11,  4.08500e-11,  3.96214e-10, -3.72617e-11,
00:00:50,     50550,   217.1677,  1.84705e-09,  1.35450e-10,  3.42245e-09,  1.18369e-09,  1.81726e-09,  4.51500e-11, -2.04250e-11,  3.57821e-10,  5.03033e-11,
00:00:51,     51217,   220.0766,  2.24773e-09,  6.45000e-11,  3.21403e-09,  1.21713e-09,  1.88586e-09,  3.44000e-11, -1.61250e-11,  3.82393e-10,  6.52080e-11,
00:00:51,     51884,   223.1178,  2.00585e-09,  1.55875e-10,  2.44617e-09,  1.24341e-09,  1.79269e-09,  5.69750e-11, -2.36500e-11,  3.65500e-10,  5.21664e-11,
00:00:52,     52552,   226.1590,  2.18420e-09,  1.02125e-10,  3.69668e-09,  1.27686e-09,  1.70362e-09,  1.50500e-11, -2.25750e-11,  3.93911e-10,  2.60832e-11,
00:00:53,     53219,   229.4647,  2.05960e-09,  7.41750e-11,  2.96173e-09,  1.22072e-09,  1.81829e-09,  5.37500e-11,  8.60000e-12,  3.90071e-10,  3.53986e-11,
00:00:53,     53886,   232.5059,  2.03517e-09,  8.60000e-11,  3.32372e-09,  1.23624e-09,  1.84183e-09,  3.22500e-11,  0.00000e+00,  3.89304e-10,  2.04939e-11,
00:00:54,     54553,   235.6793,  1.93500e-09,  1.11800e-10,  2.97270e-09,  1.24700e-09,  1.81111e-09,  2.36500e-11, -2.79500e-11,  4.26161e-10,  7.82496e-11,
00:00:55,     55220,   238.3239,  2.15977e-09,  1.27925e-10,  2.78622e-09,  1.29836e-09,  1.75686e-09,  9.13750e-11,  8.60000e-12,  3.17893e-10, -3.53986e-11,
00:00:55,     55887,   240.9684,  2.19398e-09,  1.58025e-10,  3.58699e-09,  1.18489e-09,  1.71692e-09,  8.81500e-11,  1.50500e-11,  3.77786e-10, -5.58925e-12,
00:00:56,     56554,   243.3485,  2.26972e-09,  1.55875e-10,  2.91786e-09,  1.26372e-09,  1.76095e-09,  7.63250e-11, -1.07500e-11,  3.40161e-10,  1.86308e-11,
00:00:57,     57221,   246.2574,  2.09381e-09,  1.45125e-10,  3.80638e-09,  1.11919e-09,  1.85105e-09,  7.41750e-11,  5.37500e-12,  3.10214e-10, -9.31542e-12,
00:00:57,     57888,   248.7697,  2.14756e-09,  1.68775e-10,  2.93980e-09,  1.07978e-09,  1.71795e-09,  7.09500e-11,  2.47250e-11,  3.50143e-10, -5.58925e-11,
00:00:58,     58556,   251.2820,  1.98142e-09,  1.16100e-10,  3.02755e-09,  1.13711e-09,  1.74252e-09,  8.70750e-11,  1.50500e-11,  3.64732e-10,  3.72617e-12,
00:00:59,     59223,   253.7943,  2.22818e-09,  1.77375e-10,  2.90689e-09,  1.14189e-09,  1.83773e-09,  6.98750e-11, -7.52500e-12,  3.86232e-10,  2.79463e-11,
00:00:59,     59890,   256.0422,  2.49205e-09,  9.13750e-11,  3.35663e-09,  1.21356e-09,  1.73638e-09,  8.60000e-12,  3.54750e-11,  3.63196e-10, -3.35355e-11,
00:01:00,     60557,   258.6867,  2.14267e-09,  1.19325e-10,  3.33469e-09,  1.17413e-09,  1.68519e-09,  2.15000e-12,  3.76250e-11,  3.84696e-10, -4.28510e-11,
00:01:01,     61224,   261.7279,  2.05227e-09,  1.06425e-10,  3.80638e-09,  1.19324e-09,  1.75788e-09,  1.18250e-11,  3.87000e-11,  4.02357e-10, -3.72617e-12,
00:01:01,     61891,   263.9757,  2.27705e-09,  1.12875e-10,  3.69668e-09,  1.27686e-09,  1.87357e-09,  2.25750e-11,  1.61250e-11,  4.13107e-10, -1.30416e-11,
00:01:02,     62558,   266.7525,  2.23551e-09,  7.41750e-11,  3.74056e-09,  1.20758e-09,  1.71181e-09,  7.52500e-12,  1.29000e-11,  4.05429e-10,  9.31542e-12,
00:01:03,     63225,   269.5292,  2.86095e-09,  1.05350e-10,  2.80816e-09,  1.06186e-09,  1.90633e-09,  5.16000e-11, -1.29000e-11,  2.91018e-10,  3.53986e-11,
00:01:03,     63892,   272.1738,  2.64107e-09,  1.03200e-10,  3.09337e-09,  9.96167e-10,  1.89610e-09,  7.31000e-11, -9.67500e-12,  3.33250e-10, -6.89341e-11,
00:01:04,     64542,   274.5538,  2.84141e-09,  1.30075e-10,  2.42423e-09,  1.11441e-09,  1.79064e-09,  7.84750e-11, -6.45000e-12,  3.40161e-10,  2.60832e-11,
00:01:05,     65209,   277.7273,  2.76811e-09,  1.37600e-10,  2.68750e-09,  1.06903e-09,  1.81316e-09,  7.84750e-11, -2.04250e-11,  3.27107e-10,  5.96187e-11,
00:01:05,     65876,   280.3718,  2.69482e-09,  1.33300e-10,  2.21582e-09,  1.09053e-09,  1.69440e-09,  5.16000e-11, -1.29000e-11,  3.17893e-10,  5.96187e-11,
00:01:06,     66543,   283.0163,  3.01000e-09,  1.04275e-10,  2.41327e-09,  1.04156e-09,  1.68007e-09,  8.17000e-11, -2.15000e-12,  3.16357e-10,  3.91248e-11,
00:01:07,     67192,   285.7930,  2.69482e-09,  1.52650e-10,  3.51020e-09,  1.16697e-09,  1.72511e-09,  2.04250e-11,  3.22500e-11,  3.60893e-10, -5.58925e-11,
00:01:07,     67859,   288.0409,  2.61664e-09,  1.21475e-10,  3.27985e-09,  1.01169e-09,  1.75173e-09,  3.22500e-11,  3.33250e-11,  3.59357e-10, -4.09879e-11,
00:01:08,     68526,   291.2143,  2.75591e-09,  1.45125e-10,  3.78444e-09,  9.81833e-10,  1.83057e-09,  5.80500e-11,  2.90250e-11,  3.44768e-10, -3.53986e-11,
00:01:09,     69193,   293.9911,  2.62398e-09,  1.18250e-10,  3.07143e-09,  9.99750e-10,  1.68929e-09,  4.19250e-11,  4.83750e-11,  3.68571e-10, -6.89341e-11,
00:01:09,     69860,   296.3711,  2.60443e-09,  6.77250e-11,  2.38036e-09,  1.08694e-09,  1.68519e-09,  5.69750e-11, -1.72000e-11,  3.21732e-10,  8.57019e-11,
00:01:10,     70527,   298.8834,  2.64841e-09,  1.01050e-10,  2.68750e-09,  1.00931e-09,  1.78654e-09,  2.36500e-11, -1.61250e-11,  3.70107e-10,  4.65771e-11,
00:01:11,     71194,   301.2635,  2.76811e-09,  9.56750e-11,  2.67653e-09,  1.02244e-09,  1.83057e-09,  4.51500e-11, -1.07500e-11,  3.61661e-10,  4.47140e-11,
00:01:11,     71861,   304.1725,  2.89273e-09,  5.80500e-11,  3.11531e-09,  1.10008e-09,  1.71386e-09,  2.58000e-11, -1.50500e-11,  4.00054e-10,  4.47140e-11,
00:01:12,     72528,   306.9492,  2.76080e-09,  5.59000e-11,  2.39133e-09,  1.08097e-09,  1.64219e-09,  1.50500e-11, -1.29000e-11,  3.98518e-10,  6.52080e-11,
00:01:13,     73195,   309.5938,  2.53602e-09,  1.62325e-10,  3.30179e-09,  9.26889e-10,  1.71181e-09,  8.49250e-11,  2.04250e-11,  3.10214e-10, -1.11785e-11,
00:01:13,     73862,   312.2383,  2.80966e-09,  1.50500e-10,  3.43342e-09,  1.03797e-09,  1.70157e-09,  8.17000e-11,  7.52500e-12,  3.70107e-10, -3.16724e-11,
00:01:14,     74529,   314.8828,  2.58977e-09,  1.50500e-10,  2.79719e-09,  1.00572e-09,  1.85002e-09,  8.38500e-11,  1.18250e-11,  3.31714e-10, -1.11785e-11,
00:01:15,     75196,   317.6596,  2.60443e-09,  1.32225e-10,  2.86301e-09,  9.72278e-10,  1.77324e-09,  8.70750e-11, -9.67500e-12,  3.77018e-10,  2.04939e-11,
00:01:15,     75863,   320.3041,  2.65084e-09,  1.17175e-10,  2.46811e-09,  9.00611e-10,  1.78143e-09,  7.41750e-11,  1.18250e-11,  3.32482e-10, -2.42201e-11,
00:01:16,     76531,   322.9486,  2.46516e-09,  1.47275e-10,  2.59974e-09,  1.02483e-09,  1.77221e-09,  7.95500e-11, -9.67500e-12,  3.47839e-10,  3.35355e-11,
00:01:17,     77198,   325.4609,  2.28682e-09,  9.24500e-11,  2.15000e-09,  9.36444e-10,  1.90224e-09,  3.22500e-11, -1.39750e-11,  3.77018e-10,  7.45234e-11,
00:01:17,     77865,   328.1054,  2.30636e-09,  1.34375e-10,  2.69847e-09,  1.06306e-09,  1.75378e-09,  6.12750e-11,  1.61250e-11,  3.34786e-10, -2.04939e-11,
00:01:18,     78532,   331.0144,  2.41630e-09,  1.26850e-10,  2.80816e-09,  8.64778e-10,  1.78245e-09,  6.88000e-11,  5.26750e-11,  3.87000e-10, -5.40295e-11,
00:01:19,     79199,   333.5267,  2.60686e-09,  1.24700e-10,  3.60893e-09,  9.24500e-10,  1.60635e-09,  4.40750e-11,  2.79500e-11,  4.00821e-10, -4.65771e-11,
00:01:19,     79848,   336.4357,  2.73148e-09,  1.01050e-10,  3.48827e-09,  9.29278e-10,  1.75173e-09,  3.97750e-11,  2.68750e-11,  3.54750e-10, -1.86308e-12,
00:01:20,     80516,   338.4191,  2.30391e-09,  1.42975e-10,  3.10434e-09,  9.53167e-10,  1.71181e-09,  7.41750e-11,  1.61250e-11,  3.17125e-10, -3.91248e-11,
00:01:21,     81183,   341.4603,  2.21352e-09,  1.20400e-10,  3.13724e-09,  8.97028e-10,  1.72819e-09,  6.23500e-11,  3.22500e-11,  3.61661e-10, -2.79463e-11,
00:01:21,     81850,   344.1048,  2.46027e-09,  9.67500e-11,  2.49005e-09,  9.73472e-10,  1.69440e-09,  1.07500e-12,  1.29000e-11,  3.68571e-10,  2.42201e-11,
00:01:22,     82517,   347.0138,  2.65818e-09,  4.83750e-11,  2.69847e-09,  9.65111e-10,  1.75890e-09,  2.58000e-11, -9.67500e-12,  3.60893e-10,  2.04939e-11,
00:01:23,     83184,   349.6583,  2.53357e-09,  5.69750e-11,  2.92883e-09,  1.01408e-09,  1.83364e-09,  2.79500e-11,  8.60000e-12,  3.73179e-10,  2.42201e-11,
00:01:23,     83852,   352.3028,  2.18420e-09,  9.67500e-11,  3.46633e-09,  8.88667e-10,  1.79678e-09,  3.76250e-11,  1.93500e-11,  3.28643e-10, -1.67678e-11,
00:01:24,     84519,   354.6829,  2.52868e-09,  9.35250e-11,  2.97270e-09,  9.78250e-10,  1.84286e-09,  3.65500e-11,  3.44000e-11,  3.64732e-10, -5.21664e-11,
00:01:25,     85186,   357.8563,  2.78523e-09,  1.05350e-10,  2.95077e-09,  9.61528e-10,  1.65448e-09,  2.79500e-11,  2.25750e-11,  3.40161e-10, -2.04939e-11,
00:01:25,     85853,   360.5008,  2.53357e-09,  1.05350e-10,  2.98367e-09,  9.41222e-10,  1.73535e-09,  1.39750e-11,  3.01000e-11,  4.01589e-10, -2.79463e-11,
00:01:26,     86520,   363.0131,  2.56777e-09,  8.49250e-11,  2.47908e-09,  8.76722e-10,  1.74150e-09,  5.91250e-11, -1.61250e-11,  3.43232e-10,  5.96187e-11,
00:01:27,     87187,   365.9221,  2.66795e-09,  1.40825e-10,  2.30357e-09,  9.54361e-10,  1.74764e-09,  6.88000e-11, -3.01000e-11,  3.16357e-10,  1.49047e-11,
00:01:27,     87854,   368.6988,  2.53357e-09,  1.01050e-10,  1.98546e-09,  9.75861e-10,  1.85002e-09,  5.80500e-11, -2.58000e-11,  2.97161e-10,  4.65771e-11,
00:01:28,     88521,   371.2111,  2.46273e-09,  8.27750e-11,  2.16097e-09,  9.60333e-10,  1.87459e-09,  5.37500e-11, -2.90250e-11,  3.44768e-10,  2.79463e-11,
00:01:29,     89188,   373.5912,  2.62152e-09,  1.29000e-10,  2.47908e-09,  8.48056e-10,  1.76197e-09,  8.38500e-11, -2.58000e-11,  3.37857e-10,  4.09879e-11,
00:01:29,     89856,   376.6324,  2.49936e-09,  1.09650e-10,  2.31454e-09,  9.12556e-10,  1.81111e-09,  3.22500e-11,  2.15000e-12,  3.50143e-10,  3.53986e-11,
00:01:30,     90523,   379.1447,  2.44561e-09,  6.66500e-11,  2.89592e-09,  8.34917e-10,  1.89097e-09,  2.47250e-11, -1.39750e-11,  3.04839e-10,  2.79463e-11,
00:01:31,     91190,   381.6570,  2.42607e-09,  1.63400e-10,  3.09337e-09,  9.75861e-10,  1.74969e-09,  7.95500e-11,  4.30000e-11,  3.13286e-10, -2.98094e-11,
00:01:31,     91857,   384.4338,  2.70459e-09,  1.09650e-10,  2.56684e-09,  9.19722e-10,  1.78757e-09,  7.84750e-11,  1.39750e-11,  3.00232e-10, -1.30416e-11,
00:01:32,     92524,   387.0783,  2.45295e-09,  1.53725e-10,  2.15000e-09,  8.48056e-10,  1.92169e-09,  6.77250e-11,  2.15000e-12,  3.23268e-10,  0.00000e+00,
00:01:33,     93191,   389.5906,  2.40652e-09,  1.19325e-10,  2.73138e-09,  8.87472e-10,  1.88381e-09,  5.91250e-11,  4.19250e-11,  3.30946e-10, -5.58925e-11,
00:01:33,     93841,   392.3673,  2.25750e-09,  1.40825e-10,  2.30357e-09,  7.63250e-10,  1.86435e-09,  6.66500e-11, -1.61250e-11,  2.81804e-10,  1.67678e-11,
00:01:34,     94508,   395.1441,  2.44561e-09,  1.69850e-10,  2.93980e-09,  8.64778e-10,  1.96673e-09,  7.63250e-11, -2.25750e-11,  2.89482e-10,  3.91248e-11,
00:01:35,     95175,   397.7886,  2.49936e-09,  1.30075e-10,  3.08240e-09,  7.87139e-10,  2.04250e-09,  1.72000e-11,  3.44000e-11,  3.54750e-10, -7.07972e-11,
00:01:35,     95842,   400.3009,  2.31125e-09,  8.92250e-11,  2.83010e-09,  9.26889e-10,  1.99540e-09,  2.04250e-11,  3.44000e-11,  3.67804e-10, -3.53986e-11,
00:01:36,     96509,   403.0777,  2.23551e-09,  8.49250e-11,  2.89592e-09,  8.94639e-10,  2.05273e-09,  5.69750e-11,  2.68750e-11,  3.47071e-10, -5.21664e-11,
00:01:37,     97176,   405.7222,  2.24040e-09,  1.21475e-10,  3.22500e-09,  8.68361e-10,  2.02510e-09,  3.87000e-11,  3.11750e-11,  3.25571e-10, -2.42201e-11,
00:01:37,     97843,   408.2345,  2.26972e-09,  1.20400e-10,  2.25969e-09,  8.14611e-10,  2.13259e-09,  4.19250e-11,  4.83750e-11,  3.55518e-10, -4.28510e-11,
00:01:38,     98510,   411.2757,  2.20131e-09,  7.95500e-11,  2.31454e-09,  8.63583e-10,  2.15716e-09,  9.03000e-11, -2.15000e-12,  3.27107e-10,  2.60832e-11,
00:01:39,     99160,   413.7880,  2.11335e-09,  9.67500e-11,  3.14821e-09,  8.99417e-10,  2.42233e-09,  3.22500e-11, -1.39750e-11,  3.63196e-10,  3.53986e-11,
00:01:39,     99827,   416.3003,  1.95210e-09,  9.03000e-11,  2.58878e-09,  7.91917e-10,  2.28616e-09,  3.97750e-11, -2.04250e-11,  3.42464e-10,  7.82496e-11,
00:01:40,    100495,   418.9448,  2.51648e-09,  7.31000e-11,  2.65459e-09,  8.14611e-10,  2.57386e-09,  1.72000e-11,  1.50500e-11,  3.68571e-10, -1.49047e-11,
00:01:41,    101162,   421.7216,  2.08892e-09,  1.12875e-10,  2.78622e-09,  9.32861e-10,  2.42950e-09,  1.29000e-11,  1.72000e-11,  3.76250e-10,  4.09879e-11,
00:01:41,    101830,   424.2338,  2.34057e-09,  9.13750e-11,  3.17015e-09,  8.27750e-10,  2.51959e-09,  5.05250e-11,  4.30000e-11,  3.07143e-10, -3.72617e-11,
00:01:42,    102497,   426.7461,  2.15489e-09,  1.13950e-10,  2.75332e-09,  9.01806e-10,  2.47762e-09,  4.73000e-11,  3.01000e-11,  3.57054e-10, -3.16724e-11,
00:01:43,    103165,   429.3907,  2.06449e-09,  1.37600e-10,  2.38036e-09,  8.87472e-10,  2.44383e-09,  7.09500e-11,  4.83750e-11,  3.13286e-10, -6.89341e-11,
00:01:43,    103832,   432.1674,  2.20131e-09,  1.37600e-10,  2.96173e-09,  8.37306e-10,  2.52573e-09,  8.06250e-11,  2.04250e-11,  3.37089e-10, -4.28510e-11,
00:01:44,    104499,   434.9442,  2.28436e-09,  1.17175e-10,  2.64362e-09,  7.78778e-10,  2.66702e-09,  7.74000e-11,  4.08500e-11,  3.15589e-10, -6.70711e-11,
00:01:45,    105167,   437.7209,  2.15244e-09,  1.31150e-10,  2.58878e-09,  8.14611e-10,  2.73459e-09,  1.07500e-10,  1.72000e-11,  3.14054e-10, -1.86308e-12,
00:01:45,    105834,   439.9687,  2.30636e-09,  1.53725e-10,  2.92883e-09,  8.18194e-10,  2.77554e-09,  7.95500e-11,  0.00000e+00,  3.35554e-10,  2.60832e-11,
00:01:46,    106501,   443.2744,  2.06449e-09,  1.21475e-10,  3.17015e-09,  8.44472e-10,  2.85130e-09,  7.84750e-11, -1.07500e-11,  3.34018e-10,  1.30416e-11,
00:01:47,    107168,   445.9189,  2.21841e-09,  1.35450e-10,  2.59974e-09,  7.93111e-10,  2.78578e-09,  8.70750e-11,  2.04250e-11,  3.12518e-10,  7.45234e-12,
00:01:47,    107836,   448.6957,  2.40409e-09,  8.70750e-11,  2.17194e-09,  9.18528e-10,  2.68852e-09,  4.51500e-11, -1.82750e-11,  3.52446e-10,  3.91248e-11,
00:01:48,    108503,   451.3402,  2.21352e-09,  9.24500e-11,  2.22679e-09,  8.97028e-10,  2.77350e-09,  2.15000e-11,  1.07500e-12,  3.40929e-10,  7.45234e-11,
00:01:49,    109170,   453.7203,  1.92767e-09,  1.67700e-10,  2.75332e-09,  9.05389e-10,  2.71616e-09,  9.35250e-11,  4.19250e-11,  2.94857e-10, -4.65771e-11,
00:01:49,    109838,   456.3648,  2.22330e-09,  6.66500e-11,  2.72041e-09,  7.81167e-10,  2.55440e-09,  3.01000e-11,  1.93500e-11,  4.50732e-10, -9.31542e-12,
00:01:50,    110505,   458.8771,  2.30880e-09,  1.22550e-10,  2.73138e-09,  7.57278e-10,  2.86871e-09,  5.91250e-11, -2.25750e-11,  3.10982e-10,  3.35355e-11,
00:01:51,    111172,   461.9183,  2.29414e-09,  1.04275e-10,  1.83189e-09,  8.24167e-10,  2.83902e-09,  7.09500e-11, -2.47250e-11,  3.20964e-10,  6.33449e-11,
00:01:51,    111839,   464.5628,  2.30148e-09,  9.99750e-11,  2.04031e-09,  7.97889e-10,  2.65576e-09,  6.77250e-11, -2.90250e-11,  3.54750e-10,  4.28510e-11,
00:01:52,    112506,   467.2074,  2.18176e-09,  8.70750e-11,  2.41327e-09,  7.66833e-10,  2.52778e-09,  5.48250e-11, -2.90250e-11,  3.54750e-10,  5.58925e-11,
00:01:53,    113173,   469.9841,  2.24040e-09,  8.49250e-11,  2.45714e-09,  7.65639e-10,  2.69057e-09,  6.77250e-11, -2.15000e-11,  3.05607e-10,  5.96187e-11,
00:01:53,    113840,   472.6286,  2.35766e-09,  1.19325e-10,  2.33648e-09,  7.71611e-10,  2.62710e-09,  9.24500e-11,  2.15000e-12,  3.35554e-10, -1.67678e-11,
00:01:54,    114507,   475.5376,  2.26239e-09,  1.53725e-10,  2.92883e-09,  7.64444e-10,  2.51038e-09,  7.41750e-11,  2.36500e-11,  2.92554e-10, -5.58925e-12,
00:01:55,    115174,   477.9177,  2.15733e-09,  1.27925e-10,  2.01837e-09,  7.07111e-10,  2.48069e-09,  1.19325e-10,  2.68750e-11,  3.04071e-10,  5.58925e-12,
00:01:55,    115841,   480.8267,  2.01807e-09,  1.50500e-10,  2.54490e-09,  7.14278e-10,  2.62505e-09,  7.09500e-11, -5.37500e-12,  3.33250e-10,  1.86308e-11,
00:01:56,    116508,   483.4712,  2.42852e-09,  1.37600e-10,  2.54490e-09,  7.21444e-10,  2.67111e-09,  5.26750e-11, -2.79500e-11,  3.66268e-10,  5.77556e-11,
00:01:57,    117175,   486.1157,  2.15489e-09,  8.70750e-11,  3.19209e-09,  7.34583e-10,  2.58307e-09,  6.23500e-11,  2.90250e-11,  3.37857e-10, -4.84402e-11,
00:01:57,    117842,   488.6280,  2.29659e-09,  1.11800e-10,  2.72041e-09,  8.11028e-10,  2.41414e-09,  3.54750e-11,  2.36500e-11,  3.60893e-10, -3.16724e-11,
00:01:58,    118491,   491.2725,  2.15244e-09,  1.42975e-10,  2.96173e-09,  7.48917e-10,  2.49810e-09,  3.54750e-11,  2.47250e-11,  3.74714e-10, -5.96187e-11,
00:01:59,    119158,   493.6526,  2.26972e-09,  9.67500e-11,  3.11531e-09,  7.68028e-10,  2.46943e-09,  3.97750e-11,  5.69750e-11,  2.91018e-10, -5.03033e-11,
00:01:59,    119825,   496.4293,  2.32591e-09,  7.20250e-11,  2.09515e-09,  8.03861e-10,  2.43154e-09,  2.79500e-11, -1.61250e-11,  3.50143e-10,  3.53986e-11,
00:02:00,    120492,   499.4705,  2.23307e-09,  6.66500e-11,  2.52296e-09,  7.94306e-10,  2.42233e-09,  2.04250e-11, -1.93500e-11,  3.56286e-10,  3.91248e-11,
00:02:01,    121159,   501.8506,  2.05960e-09,  6.98750e-11,  2.49005e-09,  8.07444e-10,  2.31790e-09,  3.54750e-11, -1.18250e-11,  3.76250e-10,  1.30416e-11,
00:02:01,    121826,   504.6273,  2.09381e-09,  9.89000e-11,  2.86301e-09,  8.05056e-10,  2.26467e-09,  3.22500e-12,  2.04250e-11,  3.84696e-10, -3.72617e-12,
00:02:02,    122493,   507.5363,  2.13778e-09,  8.92250e-11,  2.10612e-09,  8.13417e-10,  2.20221e-09,  9.67500e-12,  8.60000e-12,  3.40161e-10,  2.98094e-11,
00:02:03,    123142,   509.9164,  1.91790e-09,  1.35450e-10,  2.28163e-09,  7.40556e-10,  2.23907e-09,  7.20250e-11,  2.36500e-11,  2.87946e-10, -1.49047e-11,
00:02:03,    123809,   512.6931,  2.02051e-09,  1.23625e-10,  1.96352e-09,  6.67694e-10,  2.18583e-09,  8.70750e-11,  9.67500e-12,  3.14821e-10, -3.91248e-11,
00:02:04,    124477,   515.3377,  2.39920e-09,  8.70750e-11,  2.07321e-09,  7.95500e-10,  2.21450e-09,  5.59000e-11, -2.15000e-11,  2.96393e-10,  5.58925e-11,
00:02:05,    125144,   518.1144,  2.13290e-09,  7.41750e-11,  2.28163e-09,  7.22639e-10,  2.13567e-09,  5.80500e-11, -2.68750e-11,  2.93321e-10,  5.58925e-11,
00:02:05,    125811,   520.4945,  2.24040e-09,  1.03200e-10,  2.35842e-09,  7.58472e-10,  2.05581e-09,  5.16000e-11, -1.72000e-11,  3.05607e-10,  3.16724e-11,
00:02:06,    126478,   523.2713,  2.26972e-09,  1.11800e-10,  1.87577e-09,  6.62917e-10,  2.13157e-09,  6.34250e-11, -1.72000e-11,  3.44768e-10,  5.21664e-11,
00:02:07,    127145,   526.0480,  1.98631e-09,  1.15025e-10,  2.83010e-09,  7.14278e-10,  2.02100e-09,  6.12750e-11,  3.01000e-11,  2.99464e-10, -5.40295e-11,
00:02:07,    127812,   528.4281,  1.96432e-09,  1.18250e-10,  2.98367e-09,  7.34583e-10,  1.93295e-09,  6.45000e-11,  3.65500e-11,  3.35554e-10, -3.91248e-11,
00:02:08,    128479,   531.2048,  2.15000e-09,  1.27925e-10,  2.69847e-09,  6.66500e-10,  1.93910e-09,  6.98750e-11,  1.07500e-12,  2.54161e-10,  7.45234e-12,
00:02:09,    129146,   533.8493,  1.90568e-09,  1.46200e-10,  1.87577e-09,  7.02333e-10,  2.00257e-09,  7.63250e-11,  1.07500e-11,  3.08679e-10, -2.42201e-11,
00:02:09,    129813,   536.6261,  2.34300e-09,  1.31150e-10,  2.61071e-09,  7.05917e-10,  1.93807e-09,  1.11800e-10,  7.52500e-12,  3.37089e-10,  1.11785e-11,
00:02:10,    130480,   539.2706,  2.18909e-09,  9.56750e-11,  3.35663e-09,  6.76056e-10,  2.04454e-09,  2.15000e-11,  3.22500e-11,  3.16357e-10, -2.04939e-11,
00:02:11,    131147,   541.7829,  2.11580e-09,  9.03000e-11,  2.75332e-09,  7.65639e-10,  1.87152e-09,  3.76250e-11,  2.90250e-11,  3.35554e-10, -6.89341e-11,
00:02:11,    131814,   544.5597,  2.29902e-09,  6.34250e-11,  2.79719e-09,  7.08306e-10,  1.82238e-09,  2.68750e-11,  5.16000e-11,  3.39393e-10, -5.40295e-11,
00:02:12,    132481,   547.2042,  2.00830e-09,  1.31150e-10,  2.87398e-09,  6.95167e-10,  1.70873e-09,  8.60000e-11,  5.26750e-11,  3.51679e-10, -7.82496e-11,
00:02:13,    133148,   550.1131,  2.04983e-09,  1.07500e-10,  2.23776e-09,  7.45333e-10,  1.83364e-09,  6.66500e-11,  2.25750e-11,  3.63196e-10, -7.45234e-12,
00:02:13,    133797,   552.6255,  2.00830e-09,  8.17000e-11,  2.39133e-09,  7.54889e-10,  1.83569e-09,  3.11750e-11, -3.65500e-11,  3.76250e-10,  4.09879e-11,
00:02:14,    134464,   555.4022,  2.09625e-09,  6.45000e-11,  2.36939e-09,  8.40889e-10,  1.93807e-09, -3.22500e-12, -9.67500e-12,  3.17125e-10,  6.70711e-11,
00:02:15,    135131,   558.0467,  2.40898e-09,  7.63250e-11,  2.35842e-09,  6.96361e-10,  1.94421e-09,  7.52500e-12, -1.50500e-11,  3.74714e-10,  4.28510e-11,
00:02:15,    135798,   560.6912,  2.14756e-09,  4.30000e-11,  2.49005e-09,  7.90722e-10,  1.83057e-09,  1.50500e-11,  1.61250e-11,  3.56286e-10, -1.67678e-11,
00:02:16,    136465,   563.2035,  2.10602e-09,  1.30075e-10,  2.31454e-09,  6.50972e-10,  1.98926e-09,  8.38500e-11, -1.93500e-11,  3.33250e-10,  2.04939e-11,
00:02:17,    137132,   565.8480,  2.04739e-09,  1.05350e-10,  2.00740e-09,  7.26222e-10,  1.81521e-09,  9.13750e-11, -2.15000e-12,  3.10214e-10,  1.49047e-11,
00:02:17,    137799,   568.6248,  2.24528e-09,  1.17175e-10,  2.41327e-09,  7.23833e-10,  1.78654e-09,  8.49250e-11, -2.15000e-11,  2.92554e-10,  1.67678e-11,
00:02:18,    138466,   571.4016,  2.09136e-09,  9.35250e-11,  1.83189e-09,  6.36639e-10,  1.95752e-09,  4.83750e-11, -3.11750e-11,  3.06375e-10,  4.65771e-11,
00:02:19,    139133,   574.3105,  2.18420e-09,  8.17000e-11,  2.62168e-09,  7.21444e-10,  1.87767e-09,  5.91250e-11, -1.50500e-11,  2.91018e-10,  8.01127e-11,
00:02:19,    139800,   576.8228,  1.86903e-09,  1.56950e-10,  2.39133e-09,  6.23500e-10,  1.74662e-09,  7.31000e-11,  3.22500e-11,  3.49375e-10, -6.14818e-11,
00:02:20,    140467,   579.3351,  2.35523e-09,  1.40825e-10,  2.90689e-09,  7.78778e-10,  1.71795e-09,  5.48250e-11,  3.44000e-11,  3.19429e-10, -3.35355e-11,
00:02:21,    141134,   581.9796,  1.94233e-09,  1.23625e-10,  2.39133e-09,  8.01472e-10,  1.90530e-09,  6.23500e-11,  3.44000e-11,  3.58589e-10, -5.96187e-11,
00:02:21,    141801,   584.3597,  2.21841e-09,  1.47275e-10,  2.98367e-09,  6.60528e-10,  1.89200e-09,  7.74000e-11,  1.72000e-11,  3.83929e-10,  1.86308e-12,
00:02:22,    142468,   587.1365,  2.02051e-09,  1.09650e-10,  2.47908e-09,  6.89194e-10,  1.87152e-09,  9.56750e-11,  2.58000e-11,  3.31714e-10, -4.28510e-11,
00:02:23,    143135,   589.6488,  2.04983e-09,  8.70750e-11,  3.04949e-09,  8.14611e-10,  1.78552e-09,  4.19250e-11,  1.93500e-11,  3.71643e-10,  1.86308e-11,
00:02:23,    143802,   592.5578,  2.07182e-09,  8.92250e-11,  3.02755e-09,  7.45333e-10,  1.89814e-09,  6.45000e-12,  2.68750e-11,  3.39393e-10, -3.72617e-12,
00:02:24,    144469,   595.3345,  1.85682e-09,  8.60000e-11,  2.87398e-09,  6.56944e-10,  1.70567e-09,  2.15000e-11,  6.23500e-11,  3.38625e-10, -2.42201e-11,
00:02:25,    145136,   598.2435,  1.90324e-09,  7.74000e-11,  2.25969e-09,  6.78444e-10,  1.77016e-09,  4.73000e-11,  4.73000e-11,  3.20964e-10, -4.09879e-11,
00:02:25,    145803,   601.0202,  1.90568e-09,  1.37600e-10,  3.72959e-09,  7.32194e-10,  1.89711e-09,  2.90250e-11,  3.54750e-11,  3.57821e-10, -5.21664e-11,
00:02:26,    146470,   603.7970,  2.13778e-09,  1.38675e-10,  2.30357e-09,  6.37833e-10,  1.88995e-09,  4.30000e-11, -1.29000e-11,  3.34786e-10,  6.33449e-11,
00:02:27,    147137,   606.4415,  2.07915e-09,  5.80500e-11,  2.45714e-09,  7.41750e-10,  1.83569e-09,  1.93500e-11, -1.93500e-11,  3.30946e-10,  4.28510e-11,
00:02:27,    147804,   608.9538,  2.15977e-09,  7.52500e-11,  2.25969e-09,  8.67167e-10,  1.94729e-09,  2.15000e-12, -1.29000e-11,  3.46304e-10,  2.60832e-11,
00:02:28,    148471,   611.7306,  2.04006e-09,  9.67500e-11,  2.10612e-09,  8.01472e-10,  1.85207e-09,  2.90250e-11, -3.22500e-12,  3.76250e-10,  5.58925e-12,
00:02:29,    149138,   614.1106,  2.14023e-09,  6.55750e-11,  2.63265e-09,  7.65639e-10,  1.85411e-09,  8.60000e-12, -1.72000e-11,  3.61661e-10,  5.77556e-11,
00:02:29,    149805,   617.0196,  2.12557e-09,  1.07500e-10,  2.66556e-09,  7.41750e-10,  1.83773e-09,  7.63250e-11,  7.52500e-12,  3.47839e-10, -1.86308e-11,
00:02:30,    150472,   619.3997,  2.05227e-09,  1.74150e-10,  2.74235e-09,  6.25889e-10,  1.89405e-09,  7.52500e-11, -2.15000e-12,  2.58768e-10,  2.98094e-11,
00:02:31,    151139,   622.0442,  2.05227e-09,  1.02125e-10,  2.28163e-09,  6.82028e-10,  1.71181e-09,  6.34250e-11,  9.67500e-12,  3.24036e-10,  1.86308e-11,
00:02:31,    151806,   624.6887,  2.18665e-09,  1.18250e-10,  2.18291e-09,  6.41417e-10,  1.90940e-09,  7.84750e-11, -1.50500e-11,  3.34786e-10,  3.72617e-11,
00:02:32,    152473,   627.3332,  1.93011e-09,  7.31000e-11,  2.46811e-09,  7.03528e-10,  1.81521e-09,  6.34250e-11, -1.50500e-11,  3.39393e-10,  5.03033e-11,
00:02:33,    153140,   630.2422,  2.11824e-09,  1.10725e-10,  2.86301e-09,  6.65306e-10,  1.80292e-09,  1.39750e-11,  3.01000e-11,  3.33250e-10, -5.96187e-11,
00:02:33,    153807,   632.8867,  1.86170e-09,  9.24500e-11,  2.40230e-09,  7.08306e-10,  1.80292e-09,  3.54750e-11,  3.87000e-11,  3.08679e-10, -6.33449e-11,
00:02:34,    154474,   635.3990,  2.00585e-09,  9.35250e-11,  2.55587e-09,  6.80833e-10,  1.74354e-09,  4.94500e-11,  4.73000e-11,  3.13286e-10, -7.07972e-11,
00:02:35,    155141,   638.3080,  2.09625e-09,  1.08575e-10,  2.73138e-09,  6.72472e-10,  1.81624e-09,  2.90250e-11,  4.94500e-11,  3.07143e-10, -4.84402e-11,
00:02:35,    155808,   640.9525,  1.86170e-09,  1.01050e-10,  2.64362e-09,  7.39361e-10,  1.89507e-09,  5.26750e-11,  3.33250e-11,  3.58589e-10, -1.67678e-11,
00:02:36,    156476,   643.4648,  1.95210e-09,  1.11800e-10,  2.41327e-09,  6.31861e-10,  1.86129e-09,  7.09500e-11,  2.04250e-11,  3.70875e-10, -1.11785e-11,
00:02:37,    157143,   646.2415,  2.09136e-09,  1.19325e-10,  2.06224e-09,  6.99944e-10,  1.87152e-09,  7.09500e-11,  1.07500e-11,  3.14054e-10, -3.72617e-12,
00:02:37,    157810,   648.6217,  1.84949e-09,  7.63250e-11,  2.68750e-09,  7.46528e-10,  1.81111e-09,  3.22500e-12,  1.50500e-11,  3.40161e-10, -9.31542e-12,
00:02:38,    158478,   651.3984,  2.13045e-09,  1.07500e-10,  2.15000e-09,  6.58139e-10,  1.83159e-09,  8.38500e-11,  2.25750e-11,  3.33250e-10, -2.04939e-11,
00:02:39,    159146,   654.1751,  2.03028e-09,  8.60000e-11,  2.45714e-09,  7.10694e-10,  1.88892e-09,  5.26750e-11, -1.93500e-11,  3.15589e-10,  5.21664e-11,
00:02:39,    159813,   656.4230,  2.24773e-09,  1.03200e-10,  1.88673e-09,  7.77583e-10,  2.00564e-09,  3.22500e-11, -9.67500e-12,  3.18661e-10,  2.79463e-11,
00:02:40,    160480,   659.1997,  1.73955e-09,  1.29000e-10,  2.35842e-09,  7.02333e-10,  1.77426e-09,  8.27750e-11,  1.82750e-11,  3.29411e-10,  0.00000e+00,
00:02:41,    161147,   661.9765,  1.90568e-09,  1.15025e-10,  2.62168e-09,  7.10694e-10,  1.84900e-09,  6.12750e-11,  2.58000e-11,  2.97929e-10, -2.60832e-11,
00:02:41,    161814,   664.6210,  2.04983e-09,  1.18250e-10,  2.44617e-09,  6.09167e-10,  1.87664e-09,  8.06250e-11,  1.29000e-11,  2.87946e-10, -2.79463e-11,
00:02:42,    162481,   666.8689,  2.06938e-09,  1.35450e-10,  2.78622e-09,  7.23833e-10,  1.89200e-09,  5.69750e-11,  2.25750e-11,  2.75661e-10, -1.86308e-11,
00:02:43,    163148,   670.0423,  2.16955e-09,  1.19325e-10,  1.98546e-09,  7.96694e-10,  1.87459e-09,  6.55750e-11,  9.67500e-12,  3.50911e-10,  1.11785e-11,
00:02:43,    163815,   672.6868,  1.97898e-09,  6.02000e-11,  2.53393e-09,  7.10694e-10,  1.87869e-09,  1.61250e-11,  1.93500e-11,  3.16357e-10, -2.04939e-11,
00:02:44,    164482,   675.3313,  2.19398e-09,  9.89000e-11,  2.69847e-09,  7.47722e-10,  1.82750e-09,  1.72000e-11,  8.60000e-12,  3.57821e-10,  5.58925e-12,
00:02:45,    165149,   677.9759,  1.93989e-09,  1.12875e-10,  2.44617e-09,  7.39361e-10,  1.85411e-09,  1.29000e-11,  4.30000e-12,  3.09446e-10,  2.04939e-11,
00:02:45,    165817,   681.0171,  2.13290e-09,  1.26850e-10,  2.61071e-09,  6.98750e-10,  1.70567e-09,  3.11750e-11,  3.33250e-11,  3.49375e-10, -3.16724e-11,
00:02:46,    166466,   683.6616,  1.90080e-09,  1.04275e-10,  2.91786e-09,  7.46528e-10,  1.82648e-09,  3.65500e-11,  4.40750e-11,  3.11750e-10, -3.91248e-11,
00:02:47,    167133,   686.1739,  1.75909e-09,  1.25775e-10,  2.45714e-09,  7.23833e-10,  1.82545e-09,  6.23500e-11,  3.01000e-11,  3.32482e-10, -5.96187e-11,
00:02:47,    167800,   688.6862,  2.26972e-09,  5.69750e-11,  2.41327e-09,  6.60528e-10,  1.99029e-09,  1.07500e-11, -1.39750e-11,  3.57821e-10,  3.53986e-11,
00:02:48,    168467,   691.7274,  1.93989e-09,  8.27750e-11,  2.07321e-09,  6.79639e-10,  1.95343e-09,  3.87000e-11, -3.22500e-11,  3.34018e-10,  2.60832e-11,
00:02:49,    169135,   694.2396,  2.04250e-09,  7.41750e-11,  2.50102e-09,  6.30667e-10,  1.85616e-09, -9.67500e-12, -2.15000e-12,  3.35554e-10, -3.72617e-12,
00:02:49,    169802,   696.8842,  2.02295e-09,  6.88000e-11,  2.30357e-09,  7.21444e-10,  1.79883e-09,  2.79500e-11,  1.18250e-11,  3.82393e-10, -2.79463e-11,
00:02:50,    170469,   699.6609,  1.72000e-09,  7.95500e-11,  2.49005e-09,  6.62917e-10,  1.90940e-09,  8.60000e-12,  1.93500e-11,  3.24036e-10, -1.30416e-11,
00:02:51,    171136,   702.5699,  1.94233e-09,  8.92250e-11,  2.61071e-09,  7.47722e-10,  1.82954e-09,  0.00000e+00,  1.61250e-11,  3.47071e-10,  3.91248e-11,
00:02:51,    171804,   705.2144,  1.92278e-09,  1.23625e-10,  2.43520e-09,  7.11889e-10,  1.82340e-09,  1.29000e-11,  1.82750e-11,  3.15589e-10, -5.58925e-11,
00:02:52,    172471,   707.8590,  1.82017e-09,  1.03200e-10,  3.03852e-09,  7.20250e-10,  1.79883e-09,  3.22500e-11,  3.11750e-11,  3.57821e-10, -4.47140e-11,
00:02:53,    173138,   710.5035,  2.09136e-09,  8.17000e-11,  2.80816e-09,  7.14278e-10,  1.88790e-09,  4.51500e-11,  3.44000e-11,  3.22500e-10, -4.28510e-11,
00:02:53,    173805,   713.0158,  2.04983e-09,  8.70750e-11,  1.90867e-09,  6.91583e-10,  1.90019e-09,  3.54750e-11, -2.25750e-11,  3.48607e-10,  6.89341e-11,
00:02:54,    174472,   715.5281,  1.87881e-09,  8.17000e-11,  2.36939e-09,  7.88333e-10,  1.86845e-09,  3.44000e-11, -1.29000e-11,  3.70875e-10,  3.53986e-11,
00:02:55,    175139,   718.1726,  2.24528e-09,  6.88000e-11,  2.21582e-09,  6.77250e-10,  1.73843e-09,  6.02000e-11, -3.22500e-12,  2.94857e-10,  2.04939e-11,
00:02:55,    175807,   720.5527,  2.02051e-09,  4.94500e-11,  2.42423e-09,  7.16667e-10,  1.87459e-09,  1.18250e-11,  4.30000e-12,  3.41696e-10,  3.72617e-12,
00:02:56,    176474,   723.5939,  2.09136e-09,  8.81500e-11,  2.40230e-09,  7.31000e-10,  1.92578e-09,  1.18250e-11,  8.60000e-12,  3.43232e-10, -1.86308e-11,
00:02:57,    177141,   726.2384,  1.84705e-09,  5.69750e-11,  2.62168e-09,  7.42944e-10,  1.92476e-09,  2.36500e-11,  2.15000e-12,  2.97161e-10,  4.28510e-11,
00:02:57,    177809,   729.0152,  1.81040e-09,  9.78250e-11,  2.53393e-09,  6.99944e-10,  1.78757e-09,  2.47250e-11,  2.68750e-11,  3.34018e-10, -2.04939e-11,
00:02:58,    178476,   731.6597,  2.01807e-09,  8.38500e-11,  2.07321e-09,  7.44139e-10,  1.92578e-09,  9.67500e-12,  2.68750e-11,  3.19429e-10, -1.86308e-11,
00:02:59,    179143,   734.4364,  1.89835e-09,  9.56750e-11,  2.68750e-09,  6.36639e-10,  1.79371e-09,  2.68750e-11,  3.22500e-11,  3.30946e-10, -5.03033e-11,
00:02:59,    179810,   736.8165,  1.97898e-09,  8.60000e-11,  1.82092e-09,  6.68889e-10,  1.87664e-09,  2.79500e-11, -5.37500e-12,  3.07911e-10,  3.53986e-11,
00:03:00,    180477,   739.4610,  2.01074e-09,  8.27750e-11,  1.93061e-09,  7.17861e-10,  1.84081e-09,  7.52500e-12, -7.52500e-12,  3.78554e-10,  3.16724e-11,
00:03:01,    181144,   742.1056,  2.14756e-09,  6.88000e-11,  2.28163e-09,  6.02000e-10,  1.83057e-09,  5.48250e-11,  8.60000e-12,  3.06375e-10,  9.31542e-12,
00:03:01,    181812,   744.8823,  1.86659e-09,  5.48250e-11,  2.64362e-09,  6.74861e-10,  1.81316e-09,  6.45000e-12,  2.15000e-12,  3.30179e-10,  9.31542e-12,
00:03:02,    182479,   747.5268,  1.90324e-09,  8.81500e-11,  1.98546e-09,  7.13083e-10,  1.77733e-09,  2.15000e-11,  2.25750e-11,  3.36321e-10, -1.30416e-11,
00:03:03,    183146,   750.4358,  1.82261e-09,  9.67500e-11,  2.07321e-09,  7.90722e-10,  1.86435e-09,  2.79500e-11, -1.50500e-11,  3.36321e-10,  4.09879e-11,
00:03:03,    183814,   752.9481,  2.18909e-09,  6.23500e-11,  2.32551e-09,  7.91917e-10,  1.92681e-09,  4.40750e-11,  1.50500e-11,  3.29411e-10,  1.86308e-12,
00:03:04,    184481,   755.7248,  1.76886e-09,  8.38500e-11,  2.27066e-09,  6.76056e-10,  1.88995e-09,  2.58000e-11,  2.15000e-11,  3.32482e-10, -2.23570e-11,
00:03:05,    185148,   758.6338,  2.00830e-09,  1.03200e-10,  2.40230e-09,  7.35778e-10,  1.82135e-09,  3.65500e-11,  8.60000e-12,  3.39393e-10, -1.67678e-11,
00:03:05,    185815,   761.2783,  2.23063e-09,  1.19325e-10,  2.46811e-09,  7.21444e-10,  1.86640e-09,  4.94500e-11, -7.52500e-12,  2.91018e-10,  1.49047e-11,
00:03:06,    186482,   763.9229,  1.84216e-09,  1.17175e-10,  2.09515e-09,  6.29472e-10,  1.80395e-09,  5.26750e-11,  0.00000e+00,  3.24036e-10,  3.72617e-11,
00:03:07,    187149,   766.4351,  2.17443e-09,  9.35250e-11,  2.61071e-09,  6.42611e-10,  1.93807e-09,  7.95500e-11, -4.30000e-12,  3.23268e-10, -2.04939e-11,
00:03:07,    187817,   769.0797,  1.93011e-09,  8.70750e-11,  2.42423e-09,  6.84417e-10,  1.87869e-09,  4.73000e-11,  1.29000e-11,  3.15589e-10,  2.04939e-11,
00:03:08,    188484,   771.8564,  1.92523e-09,  7.84750e-11,  2.00740e-09,  7.16667e-10,  1.75788e-09,  3.11750e-11,  5.37500e-12,  3.20196e-10,  1.67678e-11,
00:03:09,    189151,   774.7654,  1.98386e-09,  1.06425e-10,  2.06224e-09,  6.71278e-10,  1.97288e-09,  3.54750e-11,  1.07500e-12,  2.99464e-10,  1.11785e-11,
00:03:09,    189818,   777.2777,  1.97409e-09,  1.19325e-10,  2.43520e-09,  7.31000e-10,  1.89711e-09,  4.19250e-11,  6.45000e-12,  3.23268e-10,  2.04939e-11,
00:03:10,    190485,   780.3189,  1.84949e-09,  9.03000e-11,  3.06046e-09,  6.70083e-10,  1.71897e-09,  3.22500e-11,  1.61250e-11,  3.33250e-10, -1.49047e-11,
00:03:11,    191152,   782.4345,  1.52699e-09,  9.99750e-11,  2.06224e-09,  7.58472e-10,  1.89916e-09,  6.88000e-11,  1.93500e-11,  3.24036e-10, -2.60832e-11,
00:03:11,    191819,   785.0791,  1.87636e-09,  6.66500e-11,  2.30357e-09,  7.23833e-10,  1.88892e-09,  3.44000e-11,  2.36500e-11,  3.51679e-10, -7.45234e-12,
00:03:12,    192486,   787.9880,  2.12557e-09,  1.01050e-10,  2.31454e-09,  7.09500e-10,  1.84695e-09,  3.65500e-11,  3.44000e-11,  3.12518e-10, -2.42201e-11,
00:03:13,    193153,   790.5003,  2.08648e-09,  8.49250e-11,  2.93980e-09,  6.73667e-10,  1.78143e-09,  3.33250e-11,  1.82750e-11,  3.50911e-10, -2.42201e-11,
00:03:13,    193802,   793.1449,  1.99608e-09,  9.67500e-11,  2.64362e-09,  7.13083e-10,  1.89711e-09,  4.08500e-11, -8.60000e-12,  3.23268e-10,  2.04939e-11,
00:03:14,    194470,   795.9216,  2.08159e-09,  7.09500e-11,  2.29260e-09,  7.05917e-10,  1.86845e-09,  1.82750e-11,  1.39750e-11,  3.44768e-10,  1.86308e-11,
00:03:15,    195137,   798.9628,  2.27948e-09,  8.06250e-11,  2.25969e-09,  7.11889e-10,  1.85310e-09,  1.82750e-11,  2.15000e-12,  3.92375e-10,  2.98094e-11,
00:03:15,    195804,   801.3429,  1.76642e-09,  8.49250e-11,  1.95255e-09,  6.99944e-10,  1.81316e-09,  9.67500e-12,  8.60000e-12,  3.38625e-10, -1.86308e-12,
00:03:16,    196471,   803.9874,  2.09136e-09,  6.98750e-11,  1.90867e-09,  6.99944e-10,  1.84081e-09,  4.73000e-11,  1.39750e-11,  3.22500e-10,  2.23570e-11,
00:03:17,    197138,   806.6319,  2.04006e-09,  6.77250e-11,  2.35842e-09,  7.70417e-10,  1.83773e-09,  4.73000e-11, -1.07500e-12,  2.92554e-10,  2.04939e-11,
00:03:17,    197787,   809.0120,  1.92034e-09,  1.38675e-10,  2.35842e-09,  6.56944e-10,  1.83876e-09,  5.37500e-11,  9.67500e-12,  2.92554e-10, -5.58925e-12,
00:03:18,    198454,   811.5243,  2.27948e-09,  1.04275e-10,  2.21582e-09,  6.50972e-10,  1.81316e-09,  6.02000e-11,  8.60000e-12,  3.18661e-10, -2.98094e-11,
00:03:19,    199121,   814.1688,  1.88858e-09,  1.20400e-10,  2.54490e-09,  7.02333e-10,  1.86333e-09,  5.69750e-11,  2.15000e-11,  3.19429e-10, -3.72617e-12,
00:03:19,    199789,   816.8133,  1.93011e-09,  1.08575e-10,  1.84286e-09,  6.83222e-10,  1.89814e-09,  5.69750e-11, -1.07500e-11,  3.40161e-10,  3.16724e-11,
00:03:20,    200456,   819.5901,  2.11580e-09,  1.39750e-10,  2.61071e-09,  6.13944e-10,  1.99848e-09,  6.77250e-11,  4.30000e-12,  2.84875e-10,  3.72617e-12,
00:03:21,    201124,   822.3668,  1.99608e-09,  9.13750e-11,  1.74413e-09,  6.82028e-10,  1.86026e-09,  8.49250e-11,  3.22500e-12,  2.78732e-10, -2.04939e-11,
00:03:21,    201792,   825.0113,  2.08159e-09,  1.27925e-10,  2.04031e-09,  6.92778e-10,  1.76095e-09,  3.76250e-11,  9.67500e-12,  3.17125e-10,  1.86308e-11,
00:03:22,    202459,   827.9203,  1.96187e-09,  8.81500e-11,  2.16097e-09,  7.16667e-10,  1.85719e-09,  2.36500e-11,  6.45000e-12,  3.40161e-10,  2.79463e-11,
00:03:23,    203126,   830.6970,  1.91790e-09,  8.49250e-11,  2.10612e-09,  6.78444e-10,  1.91759e-09,  3.44000e-11,  5.37500e-12,  3.59357e-10,  9.31542e-12,
00:03:23,    203793,   833.3416,  2.07182e-09,  8.27750e-11,  2.30357e-09,  6.97556e-10,  1.79678e-09,  4.94500e-11,  1.07500e-12,  3.18661e-10,  5.58925e-12,
00:03:24,    204461,   835.9861,  1.77864e-09,  6.55750e-11,  2.84107e-09,  6.24694e-10,  1.90429e-09,  2.58000e-11, -2.15000e-12,  3.31714e-10, -5.58925e-12,
00:03:25,    205129,   838.7628,  2.10847e-09,  1.11800e-10,  2.65459e-09,  6.97556e-10,  1.81010e-09,  6.55750e-11,  1.61250e-11,  3.14821e-10, -3.53986e-11,
00:03:25,    205796,   841.2752,  1.83239e-09,  1.27925e-10,  2.38036e-09,  6.24694e-10,  1.83773e-09,  9.03000e-11,  3.65500e-11,  3.04071e-10, -1.67678e-11,
00:03:26,    206463,   844.0519,  1.97898e-09,  1.21475e-10,  2.57781e-09,  6.98750e-10,  1.77529e-09,  7.20250e-11,  2.04250e-11,  3.18661e-10, -4.47140e-11,
00:03:27,    207130,   846.1675,  2.04494e-09,  7.74000e-11,  2.65459e-09,  7.71611e-10,  1.75788e-09,  2.25750e-11, -3.22500e-12,  2.89482e-10,  4.47140e-11,
00:03:27,    207798,   849.0765,  1.87881e-09,  1.27925e-10,  2.64362e-09,  8.06250e-10,  1.86845e-09,  8.38500e-11,  3.22500e-12,  3.08679e-10,  7.45234e-12,
00:03:28,    208465,   851.7210,  1.93256e-09,  6.88000e-11,  2.15000e-09,  7.11889e-10,  1.84081e-09,  2.25750e-11,  2.15000e-11,  3.18661e-10, -3.35355e-11,
00:03:29,    209132,   854.1011,  2.08892e-09,  7.41750e-11,  2.38036e-09,  6.43806e-10,  1.78245e-09,  4.08500e-11,  2.90250e-11,  3.68571e-10,  1.86308e-12,
00:03:29,    209799,   857.1423,  1.94966e-09,  6.45000e-11,  2.49005e-09,  8.51639e-10,  1.84490e-09,  2.90250e-11,  3.11750e-11,  2.91018e-10, -7.45234e-12,
00:03:30,    210466,   859.6546,  1.76886e-09,  7.84750e-11,  2.63265e-09,  6.72472e-10,  1.89814e-09,  3.22500e-11,  2.79500e-11,  3.24804e-10,  1.86308e-12,
00:03:31,    211133,   862.5636,  1.90568e-09,  1.10725e-10,  2.28163e-09,  7.83556e-10,  1.83773e-09,  6.12750e-11,  2.04250e-11,  3.80089e-10, -1.86308e-11,
00:03:31,    211800,   865.2081,  1.97653e-09,  5.80500e-11,  2.02934e-09,  7.16667e-10,  1.92681e-09,  5.26750e-11, -2.25750e-11,  3.16357e-10,  1.86308e-11,
00:03:32,    212449,   867.7204,  1.81040e-09,  1.10725e-10,  1.84286e-09,  7.23833e-10,  1.89097e-09,  4.40750e-11, -1.18250e-11,  3.27107e-10,  6.14818e-11,
00:03:33,    213116,   870.6294,  2.15244e-09,  1.04275e-10,  2.53393e-09,  7.77583e-10,  1.94626e-09,  5.69750e-11, -1.07500e-11,  2.98696e-10,  5.21664e-11,
00:03:33,    213783,   873.2739,  2.15977e-09,  7.31000e-11,  2.00740e-09,  7.14278e-10,  1.89302e-09,  6.12750e-11, -3.22500e-12,  3.07143e-10, -3.72617e-12,
00:03:34,    214432,   875.7862,  2.03028e-09,  9.67500e-11,  2.72041e-09,  6.86806e-10,  1.88995e-09,  5.80500e-11,  2.25750e-11,  3.83161e-10, -5.58925e-11,
00:03:35,    215099,   878.5630,  2.00097e-09,  1.07500e-10,  2.22679e-09,  7.15472e-10,  1.84388e-09,  5.80500e-11,  3.65500e-11,  3.39393e-10, -2.79463e-11,
00:03:35,    215767,   881.2075,  1.80063e-09,  7.95500e-11,  2.59974e-09,  7.50111e-10,  1.80600e-09,  7.41750e-11,  2.47250e-11,  3.41696e-10, -1.49047e-11,
00:03:36,    216434,   883.8520,  1.96187e-09,  1.37600e-10,  1.82092e-09,  6.59333e-10,  1.77529e-09,  6.77250e-11,  1.18250e-11,  3.04839e-10, -1.49047e-11,
00:03:37,    217101,   886.4965,  2.12557e-09,  1.09650e-10,  2.11709e-09,  5.99611e-10,  1.96673e-09,  4.73000e-11, -4.30000e-12,  3.22500e-10,  1.49047e-11,
00:03:37,    217768,   889.1410,  2.10358e-09,  1.39750e-10,  2.45714e-09,  6.61722e-10,  1.86230e-09,  4.40750e-11,  2.25750e-11,  3.16357e-10,  2.04939e-11,
00:03:38,    218435,   891.7856,  2.01318e-09,  6.77250e-11,  2.70944e-09,  6.39028e-10,  1.84183e-09,  2.90250e-11,  2.90250e-11,  3.18661e-10, -1.30416e-11,
00:03:39,    219102,   894.4301,  1.95943e-09,  1.04275e-10,  2.28163e-09,  8.13417e-10,  1.91964e-09,  5.05250e-11,  2.90250e-11,  3.14821e-10, -2.23570e-11,
00:03:39,    219769,   897.3391,  1.78352e-09,  9.78250e-11,  2.28163e-09,  7.19056e-10,  1.75992e-09,  5.16000e-11,  2.90250e-11,  3.14054e-10, -2.23570e-11,
00:03:40,    220436,   900.1158,  1.96187e-09,  1.23625e-10,  2.79719e-09,  7.42944e-10,  1.76914e-09,  3.76250e-11,  2.25750e-11,  3.01768e-10, -5.21664e-11,
00:03:41,    221103,   902.7604,  2.23551e-09,  1.10725e-10,  1.85383e-09,  7.13083e-10,  1.74662e-09,  3.54750e-11,  2.90250e-11,  3.19429e-10, -3.16724e-11,
00:03:41,    221752,   905.2726,  1.78352e-09,  7.09500e-11,  1.70026e-09,  6.74861e-10,  1.84797e-09,  3.76250e-11,  3.22500e-12,  2.67982e-10,  1.86308e-11,
00:03:42,    222401,   907.7849,  2.05472e-09,  1.12875e-10,  2.09515e-09,  7.36972e-10,  1.87050e-09,  7.41750e-11, -2.04250e-11,  3.14054e-10,  4.65771e-11,
00:03:43,    223068,   910.4294,  2.17443e-09,  7.84750e-11,  1.88673e-09,  7.42944e-10,  1.80088e-09,  3.11750e-11, -1.07500e-12,  3.24036e-10,  2.23570e-11,
00:03:43,    223735,   913.0740,  1.79085e-09,  1.09650e-10,  2.33648e-09,  6.37833e-10,  1.89711e-09,  7.63250e-11,  2.04250e-11,  3.18661e-10, -1.11785e-11,
00:03:44,    224402,   915.7185,  2.04250e-09,  9.24500e-11,  2.24872e-09,  6.83222e-10,  1.74969e-09,  5.26750e-11,  1.50500e-11,  3.19429e-10, -1.67678e-11,
00:03:45,    225069,   918.2308,  2.09381e-09,  1.24700e-10,  2.52296e-09,  6.41417e-10,  1.96059e-09,  4.19250e-11,  2.47250e-11,  3.36321e-10, -7.45234e-12,
00:03:45,    225736,   921.2720,  1.78352e-09,  9.78250e-11,  2.78622e-09,  7.26222e-10,  1.83262e-09,  6.66500e-11,  0.00000e+00,  3.03304e-10, -1.49047e-11,
00:03:46,    226403,   923.7843,  1.81284e-09,  9.89000e-11,  2.49005e-09,  7.84750e-10,  1.82033e-09,  4.40750e-11,  1.82750e-11,  3.14821e-10, -1.67678e-11,
00:03:47,    227070,   926.4288,  2.04006e-09,  7.84750e-11,  2.38036e-09,  7.77583e-10,  1.87152e-09,  2.04250e-11,  0.00000e+00,  4.02357e-10,  1.30416e-11,
00:03:47,    227737,   929.0733,  2.08892e-09,  7.74000e-11,  2.56684e-09,  7.25028e-10,  1.92271e-09,  3.97750e-11,  1.61250e-11,  3.34786e-10, -7.45234e-12,
00:03:48,    228404,   931.8500,  1.89347e-09,  7.84750e-11,  2.53393e-09,  7.52500e-10,  1.86538e-09,  3.54750e-11,  3.97750e-11,  3.27107e-10, -1.67678e-11,
00:03:49,    229071,   934.6268,  2.14756e-09,  7.41750e-11,  3.15918e-09,  7.52500e-10,  2.07219e-09,  4.62250e-11,  1.50500e-11,  3.49375e-10,  0.00000e+00,
00:03:49,    229738,   937.4036,  1.75176e-09,  9.24500e-11,  2.24872e-09,  7.65639e-10,  1.85002e-09,  4.83750e-11,  3.44000e-11,  3.31714e-10, -1.67678e-11,
00:03:50,    230405,   940.1803,  2.26239e-09,  9.99750e-11,  2.04031e-09,  7.41750e-10,  1.89097e-09,  5.91250e-11, -1.07500e-12,  3.27875e-10,  3.72617e-11,
00:03:51,    231072,   942.5604,  1.99608e-09,  6.34250e-11,  2.22679e-09,  7.71611e-10,  1.95854e-09,  3.11750e-11, -1.18250e-11,  3.20196e-10,  4.65771e-11,
00:03:51,    231739,   945.2049,  2.07182e-09,  8.17000e-11,  2.01837e-09,  7.39361e-10,  1.95138e-09,  2.25750e-11, -1.07500e-12,  3.14054e-10,  1.67678e-11,
00:03:52,    232406,   947.9816,  2.04250e-09,  5.48250e-11,  2.17194e-09,  7.72806e-10,  1.86333e-09,  4.40750e-11, -3.22500e-12,  3.00232e-10,  4.28510e-11,
00:03:53,    233073,   950.6262,  2.09136e-09,  9.78250e-11,  2.05128e-09,  7.84750e-10,  1.97083e-09,  5.26750e-11, -1.07500e-12,  3.04071e-10,  4.28510e-11,
00:03:53,    233740,   953.2707,  1.93500e-09,  1.31150e-10,  2.21582e-09,  7.13083e-10,  1.91554e-09,  4.08500e-11,  1.50500e-11,  2.84107e-10, -4.84402e-11,
00:03:54,    234407,   955.6508,  2.01807e-09,  1.08575e-10,  2.22679e-09,  7.40556e-10,  1.85105e-09,  6.34250e-11,  2.36500e-11,  2.94857e-10, -2.04939e-11,
00:03:55,    235074,   958.5598,  2.06938e-09,  7.95500e-11,  2.59974e-09,  7.08306e-10,  1.86435e-09,  6.98750e-11,  2.79500e-11,  3.37857e-10, -3.35355e-11,
00:03:55,    235741,   961.2043,  1.81284e-09,  1.03200e-10,  2.43520e-09,  7.41750e-10,  1.80395e-09,  5.26750e-11,  2.68750e-11,  3.14054e-10, -5.40295e-11,
00:03:56,    236408,   963.5844,  2.02295e-09,  8.81500e-11,  2.50102e-09,  7.79972e-10,  1.95752e-09,  5.59000e-11,  1.72000e-11,  3.52446e-10, -3.91248e-11,
00:03:57,    237075,   966.0966,  1.93989e-09,  6.88000e-11,  2.30357e-09,  8.46861e-10,  2.14590e-09,  2.79500e-11,  0.00000e+00,  3.43232e-10,  0.00000e+00,
00:03:57,    237742,   969.4023,  1.86415e-09,  6.12750e-11,  2.53393e-09,  7.27417e-10,  1.90838e-09,  6.34250e-11, -1.50500e-11,  3.38625e-10,  2.98094e-11,
00:03:58,    238409,   972.1790,  1.85193e-09,  9.24500e-11,  2.17194e-09,  7.57278e-10,  1.89097e-09,  5.69750e-11, -1.07500e-11,  3.06375e-10,  2.42201e-11,
00:03:59,    239076,   974.8236,  2.18420e-09,  8.49250e-11,  2.10612e-09,  8.02667e-10,  1.96673e-09,  5.48250e-11, -7.52500e-12,  3.08679e-10,  1.49047e-11,
00:03:59,    239744,   977.6003,  2.12312e-09,  1.08575e-10,  2.52296e-09,  7.31000e-10,  1.95138e-09,  5.05250e-11, -4.30000e-12,  3.06375e-10,  3.91248e-11,
00:04:00,    240411,   980.2448,  2.01074e-09,  9.24500e-11,  2.15000e-09,  7.21444e-10,  1.78654e-09,  3.11750e-11, -8.60000e-12,  3.12518e-10,  5.40295e-11,
00:04:01,    241060,   982.6249,  2.10847e-09,  7.41750e-11,  2.33648e-09,  7.21444e-10,  1.90121e-09,  6.23500e-11,  3.11750e-11,  3.47071e-10, -5.40295e-11,
00:04:01,    241727,   985.2694,  1.85437e-09,  5.59000e-11,  2.13903e-09,  6.59333e-10,  1.92886e-09,  3.11750e-11,  5.16000e-11,  3.55518e-10,  3.72617e-12,
00:04:02,    242394,   987.7818,  2.18420e-09,  5.69750e-11,  3.02755e-09,  9.00611e-10,  1.93295e-09,  2.58000e-11,  3.01000e-11,  3.18661e-10,  1.67678e-11,
00:04:03,    243061,   990.6907,  1.85193e-09,  8.49250e-11,  2.67653e-09,  8.08639e-10,  1.81010e-09,  9.67500e-12,  1.18250e-11,  3.69339e-10,  2.60832e-11,
00:04:03,    243728,   993.0708,  2.04983e-09,  1.35450e-10,  2.89592e-09,  8.17000e-10,  1.86230e-09,  3.44000e-11,  1.82750e-11,  3.07911e-10,  1.86308e-12,
00:04:04,    244395,   995.5831,  2.03028e-09,  1.23625e-10,  2.44617e-09,  7.77583e-10,  1.90633e-09,  6.77250e-11,  2.15000e-12,  3.26339e-10,  5.58925e-12,
00:04:05,    245062,   998.3598,  2.10602e-09,  1.17175e-10,  2.20485e-09,  7.91917e-10,  1.92067e-09,  6.23500e-11,  2.25750e-11,  2.86411e-10,  0.00000e+00,
00:04:05,    245729,  1001.1366,  1.94966e-09,  1.23625e-10,  2.52296e-09,  7.93111e-10,  1.95138e-09,  6.88000e-11,  3.22500e-11,  3.53982e-10,  7.45234e-12,
00:04:06,    246378,  1003.7811,  1.93989e-09,  1.35450e-10,  2.43520e-09,  7.08306e-10,  1.90224e-09,  5.26750e-11,  3.22500e-11,  3.10214e-10, -2.23570e-11,
00:04:07,    247045,  1006.5578,  1.97165e-09,  8.06250e-11,  1.74413e-09,  8.27750e-10,  1.99745e-09,  1.50500e-11, -1.07500e-11,  3.61661e-10,  3.35355e-11,
00:04:07,    247712,  1009.2024,  2.09625e-09,  5.59000e-11,  2.30357e-09,  7.76389e-10,  1.96673e-09,  5.05250e-11, -6.45000e-12,  3.26339e-10,  2.04939e-11,
00:04:08,    248379,  1011.5824,  1.90568e-09,  8.60000e-11,  2.32551e-09,  7.59667e-10,  1.93295e-09,  3.33250e-11, -8.60000e-12,  3.23268e-10,  3.35355e-11,
