0000000531,scans,0000000118,DataLength
"header",0000000026,"lines"
"Date",5/2/2016,"Time",7:00:49 PM
"ID","HAL RC RGA 301 #14852","Version",3
"Scans",7
"Scan ID","Mode","Input","Scanned","Start","Stop","Increment","Dwell","Settle","RS","RelSEM"
"Scan 1","RGA","Temperature","none",0.00,0.00,0.01,10.000,8.000,1.000000,1.000000,
"Scan 2","RGA","SEM","mass",2.00,2.00,0.01,10.000,8.000,0.440000,1.000000,
"Scan 3","RGA","SEM","mass",16.00,16.00,0.01,10.000,8.000,0.098000,1.000000,
"Scan 4","RGA","SEM","mass",18.00,18.00,0.01,10.000,8.000,0.900000,1.000000,
"Scan 5","RGA","SEM","mass",28.00,28.00,0.01,10.000,8.000,1.050000,1.000000,
"Scan 6","RGA","SEM","mass",32.00,32.00,0.01,10.000,8.000,0.860000,1.000000,
"Scan 7","RGA","SEM","mass",44.00,44.00,0.01,10.000,8.000,1.400000,1.000000,
"Environment",
"Global","RGA"
"F1",1,"( 1 = on, 0 = off )"
"F2",0,"( 1 = on, 0 = off )"
"cage",3.3,"V"
"delta-m",0,"%"
"electron-energy",70.0,"V"
"emission",1000.000,"uA"
"focus",-90,"V"
"mass",5.50,"amu"
"mode-change-delay",1000,"ms"
"multiplier",1100,"V"
"resolution",0,"%"
"Data",7
"Time","ms","Temperature","Hydrogen","Oxygen-16","Water","Carbon monoxide","Oxygen","Carbon dioxide",
00:00:01,      1239,   169.6985, -2.44318e-10,  1.09694e-09,  0.00000e+00, -1.02381e-10,  1.25000e-10,  0.00000e+00,
00:00:01,      1743,   169.8307,  2.44318e-10,  0.00000e+00,  0.00000e+00,  0.00000e+00,  0.00000e+00, -7.67857e-11,
00:00:02,      2247,   169.8307,  2.44318e-10,  2.19388e-09,  7.04722e-09,  1.84286e-09,  7.50000e-10,  2.76429e-09,
00:00:02,      2751,   169.9629,  5.86364e-09,  2.96173e-08,  2.53222e-08,  7.57619e-09,  3.37500e-09,  4.83750e-09,
00:00:03,      3255,   169.6985,  5.37500e-09,  2.63265e-08,  1.92306e-08,  7.67857e-09,  4.00000e-09,  3.91607e-09,
00:00:03,      3759,   169.5663,  5.37500e-09,  2.30357e-08,  1.43333e-08,  7.16667e-09,  3.87500e-09,  3.30179e-09,
00:00:04,      4263,   169.5663,  4.88636e-09,  1.97449e-08,  1.19444e-08,  7.16667e-09,  4.37500e-09,  2.68750e-09,
00:00:04,      4767,   169.6985,  4.88636e-09,  1.97449e-08,  9.55556e-09,  6.55238e-09,  4.12500e-09,  2.45714e-09,
00:00:05,      5271,   169.8307,  4.64205e-09,  1.86480e-08,  8.12222e-09,  6.65476e-09,  4.00000e-09,  2.45714e-09,
00:00:05,      5775,   169.6985,  4.39773e-09,  1.64541e-08,  7.76389e-09,  6.75714e-09,  3.62500e-09,  2.15000e-09,
00:00:06,      6279,   169.6985,  3.90909e-09,  1.64541e-08,  6.80833e-09,  6.45000e-09,  3.75000e-09,  2.07321e-09,
00:00:06,      6783,   169.6985,  4.64205e-09,  1.64541e-08,  6.33056e-09,  6.34762e-09,  3.62500e-09,  1.68929e-09,
00:00:07,      7287,   169.6985,  4.64205e-09,  1.42602e-08,  5.97222e-09,  6.65476e-09,  3.50000e-09,  1.84286e-09,
00:00:07,      7791,   170.0952,  4.39773e-09,  1.42602e-08,  5.85278e-09,  6.04048e-09,  3.75000e-09,  1.68929e-09,
00:00:08,      8295,   169.9629,  4.39773e-09,  1.64541e-08,  4.89722e-09,  6.14286e-09,  3.50000e-09,  1.76607e-09,
00:00:08,      8799,   170.0952,  4.15341e-09,  1.31633e-08,  5.13611e-09,  5.93810e-09,  3.37500e-09,  1.53571e-09,
00:00:09,      9303,   170.2274,  3.66477e-09,  1.42602e-08,  4.65833e-09,  5.93810e-09,  3.37500e-09,  1.68929e-09,
00:00:09,      9807,   169.9629,  3.90909e-09,  1.53571e-08,  4.65833e-09,  6.24524e-09,  3.50000e-09,  1.76607e-09,
00:00:10,     10311,   170.0952,  4.64205e-09,  1.20663e-08,  4.41944e-09,  6.24524e-09,  3.37500e-09,  1.38214e-09,
00:00:10,     10815,   170.4918,  3.66477e-09,  1.09694e-08,  4.30000e-09,  5.93810e-09,  3.37500e-09,  1.61250e-09,
00:00:11,     11319,   170.2274,  3.66477e-09,  1.20663e-08,  3.94167e-09,  5.93810e-09,  3.25000e-09,  1.45893e-09,
00:00:11,     11823,   170.2274,  3.42045e-09,  1.31633e-08,  4.30000e-09,  5.73333e-09,  3.12500e-09,  1.45893e-09,
00:00:12,     12327,   170.4918,  3.90909e-09,  1.20663e-08,  4.53889e-09,  5.93810e-09,  3.00000e-09,  1.45893e-09,
00:00:12,     12831,   170.4918,  3.66477e-09,  1.09694e-08,  4.18056e-09,  6.24524e-09,  3.12500e-09,  1.45893e-09,
00:00:13,     13335,   170.7563,  3.90909e-09,  1.09694e-08,  3.82222e-09,  6.04048e-09,  3.00000e-09,  1.30536e-09,
00:00:13,     13839,   170.6241,  4.15341e-09,  1.09694e-08,  3.58333e-09,  5.73333e-09,  2.87500e-09,  1.38214e-09,
00:00:14,     14343,   170.4918,  3.66477e-09,  9.87245e-09,  3.46389e-09,  5.93810e-09,  2.87500e-09,  1.22857e-09,
00:00:14,     14847,   170.6241,  3.66477e-09,  1.20663e-08,  3.94167e-09,  6.04048e-09,  2.62500e-09,  1.22857e-09,
00:00:15,     15351,   170.6241,  3.66477e-09,  1.09694e-08,  3.82222e-09,  6.14286e-09,  3.00000e-09,  1.45893e-09,
00:00:15,     15855,   170.6241,  3.42045e-09,  9.87245e-09,  3.46389e-09,  5.73333e-09,  3.00000e-09,  1.38214e-09,
00:00:16,     16359,   170.8885,  3.90909e-09,  8.77551e-09,  3.82222e-09,  5.73333e-09,  2.75000e-09,  1.30536e-09,
00:00:16,     16863,   170.6241,  3.42045e-09,  1.09694e-08,  3.82222e-09,  5.93810e-09,  2.50000e-09,  1.22857e-09,
00:00:17,     17367,   170.8885,  3.66477e-09,  1.20663e-08,  3.46389e-09,  6.14286e-09,  2.75000e-09,  1.30536e-09,
00:00:17,     17871,   170.8885,  3.42045e-09,  9.87245e-09,  3.34444e-09,  5.93810e-09,  2.87500e-09,  1.30536e-09,
00:00:18,     18375,   170.8885,  3.66477e-09,  8.77551e-09,  3.70278e-09,  5.73333e-09,  2.87500e-09,  1.22857e-09,
00:00:18,     18879,   170.6241,  3.90909e-09,  8.77551e-09,  3.46389e-09,  5.83571e-09,  2.62500e-09,  1.38214e-09,
00:00:19,     19383,   170.8885,  3.17614e-09,  9.87245e-09,  3.46389e-09,  5.52857e-09,  2.75000e-09,  1.30536e-09,
00:00:19,     19887,   170.8885,  3.42045e-09,  1.20663e-08,  3.70278e-09,  5.73333e-09,  2.62500e-09,  1.22857e-09,
00:00:20,     20391,   170.7563,  3.66477e-09,  1.09694e-08,  3.58333e-09,  5.73333e-09,  2.62500e-09,  1.30536e-09,
00:00:20,     20895,   170.6241,  3.66477e-09,  9.87245e-09,  3.22500e-09,  5.73333e-09,  2.50000e-09,  1.22857e-09,
00:00:21,     21399,   170.8885,  2.93182e-09,  1.09694e-08,  3.34444e-09,  6.04048e-09,  2.50000e-09,  1.22857e-09,
00:00:21,     21903,   170.4918,  3.66477e-09,  9.87245e-09,  3.34444e-09,  5.73333e-09,  2.50000e-09,  1.22857e-09,
00:00:22,     22407,   170.4918,  3.66477e-09,  8.77551e-09,  3.34444e-09,  6.24524e-09,  2.62500e-09,  1.22857e-09,
00:00:22,     22911,   170.6241,  3.66477e-09,  9.87245e-09,  3.34444e-09,  5.63095e-09,  2.37500e-09,  1.07500e-09,
00:00:23,     23415,   170.6241,  3.42045e-09,  8.77551e-09,  3.22500e-09,  5.73333e-09,  2.50000e-09,  1.30536e-09,
00:00:23,     23919,   170.6241,  3.90909e-09,  9.87245e-09,  3.22500e-09,  8.39524e-09,  3.00000e-09,  1.30536e-09,
00:00:24,     24423,   170.4918,  3.42045e-09,  8.77551e-09,  3.34444e-09,  9.41905e-09,  3.12500e-09,  1.38214e-09,
00:00:24,     24927,   170.4918,  4.15341e-09,  1.20663e-08,  3.34444e-09,  1.00333e-08,  3.12500e-09,  1.07500e-09,
00:00:25,     25431,   170.4918,  3.90909e-09,  9.87245e-09,  3.34444e-09,  9.11190e-09,  3.00000e-09,  1.15179e-09,
00:00:25,     25935,   170.6241,  3.66477e-09,  8.77551e-09,  2.98611e-09,  8.19048e-09,  2.87500e-09,  1.15179e-09,
00:00:26,     26439,   170.4918,  2.93182e-09,  1.09694e-08,  3.22500e-09,  7.37143e-09,  2.62500e-09,  1.07500e-09,
00:00:26,     26943,   169.9629,  3.66477e-09,  7.67857e-09,  3.22500e-09,  8.29286e-09,  3.12500e-09,  1.22857e-09,
00:00:27,     27447,   170.0952,  3.17614e-09,  8.77551e-09,  3.58333e-09,  8.29286e-09,  2.62500e-09,  1.07500e-09,
00:00:27,     27951,   170.3596,  4.15341e-09,  1.09694e-08,  2.86667e-09,  7.98571e-09,  2.62500e-09,  1.22857e-09,
00:00:28,     28455,   169.9629,  3.42045e-09,  9.87245e-09,  3.22500e-09,  7.88333e-09,  2.75000e-09,  9.98214e-10,
00:00:28,     28959,   170.3596,  3.17614e-09,  9.87245e-09,  2.98611e-09,  7.37143e-09,  2.37500e-09,  1.07500e-09,
00:00:29,     29463,   170.2274,  3.42045e-09,  9.87245e-09,  2.98611e-09,  7.26905e-09,  2.75000e-09,  1.07500e-09,
00:00:29,     29967,   170.0952,  3.90909e-09,  8.77551e-09,  3.10556e-09,  7.16667e-09,  2.50000e-09,  1.07500e-09,
00:00:30,     30471,   169.9629,  2.93182e-09,  8.77551e-09,  3.10556e-09,  6.65476e-09,  2.50000e-09,  9.21429e-10,
00:00:30,     30975,   169.9629,  3.42045e-09,  9.87245e-09,  2.98611e-09,  6.85952e-09,  2.50000e-09,  9.98214e-10,
00:00:31,     31479,   169.9629,  3.66477e-09,  1.09694e-08,  2.98611e-09,  6.96190e-09,  2.50000e-09,  1.15179e-09,
00:00:31,     31983,   169.9629,  4.15341e-09,  9.87245e-09,  2.86667e-09,  7.06429e-09,  2.37500e-09,  1.07500e-09,
00:00:32,     32487,   169.8307,  2.93182e-09,  1.09694e-08,  2.86667e-09,  6.75714e-09,  2.25000e-09,  9.21429e-10,
00:00:32,     32991,   170.0952,  3.90909e-09,  9.87245e-09,  2.74722e-09,  6.45000e-09,  2.12500e-09,  1.15179e-09,
00:00:33,     33495,   170.0952,  3.42045e-09,  6.58163e-09,  2.86667e-09,  6.55238e-09,  2.12500e-09,  1.15179e-09,
00:00:33,     33999,   169.9629,  4.15341e-09,  9.87245e-09,  3.34444e-09,  6.75714e-09,  2.00000e-09,  1.07500e-09,
00:00:34,     34503,   170.2274,  3.90909e-09,  7.67857e-09,  2.86667e-09,  6.45000e-09,  1.87500e-09,  1.15179e-09,
00:00:35,     35007,   170.2274,  3.66477e-09,  6.58163e-09,  2.98611e-09,  6.65476e-09,  2.25000e-09,  9.98214e-10,
00:00:35,     35511,   170.3596,  3.42045e-09,  7.67857e-09,  2.74722e-09,  5.93810e-09,  2.00000e-09,  1.22857e-09,
00:00:36,     36015,   170.0952,  3.90909e-09,  8.77551e-09,  2.98611e-09,  6.24524e-09,  2.00000e-09,  1.15179e-09,
00:00:36,     36519,   170.0952,  3.42045e-09,  7.67857e-09,  2.98611e-09,  6.34762e-09,  2.25000e-09,  1.07500e-09,
00:00:37,     37023,   169.9629,  3.17614e-09,  7.67857e-09,  2.86667e-09,  6.14286e-09,  2.12500e-09,  1.07500e-09,
00:00:37,     37527,   169.9629,  3.42045e-09,  7.67857e-09,  2.98611e-09,  6.24524e-09,  2.00000e-09,  1.22857e-09,
00:00:38,     38031,   170.0952,  3.42045e-09,  7.67857e-09,  2.74722e-09,  6.24524e-09,  2.12500e-09,  1.15179e-09,
00:00:38,     38535,   170.0952,  4.15341e-09,  8.77551e-09,  2.62778e-09,  6.04048e-09,  2.25000e-09,  1.15179e-09,
00:00:39,     39039,   170.2274,  3.66477e-09,  8.77551e-09,  2.62778e-09,  6.24524e-09,  2.00000e-09,  1.15179e-09,
00:00:39,     39543,   170.3596,  3.42045e-09,  9.87245e-09,  2.62778e-09,  5.83571e-09,  2.25000e-09,  1.07500e-09,
00:00:40,     40047,   170.4918,  3.66477e-09,  7.67857e-09,  2.86667e-09,  6.34762e-09,  2.12500e-09,  9.98214e-10,
00:00:40,     40551,   170.3596,  3.66477e-09,  7.67857e-09,  2.74722e-09,  6.14286e-09,  2.00000e-09,  1.15179e-09,
00:00:41,     41055,   170.2274,  3.17614e-09,  7.67857e-09,  2.38889e-09,  5.93810e-09,  2.12500e-09,  1.07500e-09,
00:00:41,     41559,   170.6241,  3.90909e-09,  9.87245e-09,  3.10556e-09,  6.04048e-09,  1.75000e-09,  1.15179e-09,
00:00:42,     42063,   170.3596,  3.42045e-09,  8.77551e-09,  2.74722e-09,  6.04048e-09,  1.75000e-09,  1.07500e-09,
00:00:42,     42567,   170.7563,  3.66477e-09,  7.67857e-09,  2.62778e-09,  5.63095e-09,  1.75000e-09,  9.98214e-10,
00:00:43,     43071,   170.4918,  3.17614e-09,  9.87245e-09,  2.62778e-09,  5.73333e-09,  1.75000e-09,  1.15179e-09,
00:00:43,     43575,   170.4918,  2.68750e-09,  7.67857e-09,  2.62778e-09,  6.14286e-09,  1.87500e-09,  1.15179e-09,
00:00:44,     44079,   170.4918,  3.66477e-09,  8.77551e-09,  2.62778e-09,  5.83571e-09,  2.00000e-09,  1.07500e-09,
00:00:44,     44583,   170.4918,  3.42045e-09,  6.58163e-09,  2.50833e-09,  6.04048e-09,  1.87500e-09,  1.07500e-09,
00:00:45,     45087,   170.4918,  3.42045e-09,  7.67857e-09,  2.62778e-09,  5.52857e-09,  1.75000e-09,  1.22857e-09,
00:00:45,     45591,   170.4918,  3.66477e-09,  7.67857e-09,  2.38889e-09,  5.93810e-09,  1.62500e-09,  9.21429e-10,
00:00:46,     46095,   170.4918,  2.93182e-09,  6.58163e-09,  2.74722e-09,  5.73333e-09,  2.00000e-09,  1.07500e-09,
00:00:46,     46599,   170.2274,  3.66477e-09,  7.67857e-09,  2.50833e-09,  5.93810e-09,  1.87500e-09,  9.98214e-10,
00:00:47,     47103,   170.6241,  3.42045e-09,  5.48469e-09,  2.74722e-09,  5.83571e-09,  1.87500e-09,  9.98214e-10,
00:00:47,     47607,   170.3596,  3.66477e-09,  8.77551e-09,  2.50833e-09,  5.63095e-09,  2.00000e-09,  1.15179e-09,
00:00:48,     48111,   170.6241,  3.66477e-09,  9.87245e-09,  2.50833e-09,  5.83571e-09,  1.75000e-09,  9.98214e-10,
00:00:48,     48615,   170.7563,  4.15341e-09,  7.67857e-09,  2.38889e-09,  6.04048e-09,  1.62500e-09,  9.98214e-10,
00:00:49,     49119,   170.4918,  3.66477e-09,  8.77551e-09,  2.98611e-09,  5.63095e-09,  1.87500e-09,  9.98214e-10,
00:00:49,     49623,   170.6241,  3.17614e-09,  7.67857e-09,  2.74722e-09,  5.52857e-09,  2.00000e-09,  9.98214e-10,
00:00:50,     50127,   170.6241,  3.66477e-09,  8.77551e-09,  2.62778e-09,  5.63095e-09,  1.50000e-09,  9.21429e-10,
00:00:50,     50631,   170.6241,  3.66477e-09,  7.67857e-09,  2.86667e-09,  5.42619e-09,  1.75000e-09,  9.21429e-10,
00:00:51,     51135,   170.4918,  3.66477e-09,  8.77551e-09,  2.50833e-09,  5.73333e-09,  1.75000e-09,  9.21429e-10,
00:00:51,     51639,   170.3596,  3.42045e-09,  6.58163e-09,  2.26944e-09,  5.22143e-09,  1.75000e-09,  1.15179e-09,
00:00:52,     52143,   170.4918,  3.17614e-09,  9.87245e-09,  2.74722e-09,  5.93810e-09,  1.62500e-09,  1.07500e-09,
00:00:52,     52647,   170.3596,  3.42045e-09,  7.67857e-09,  2.86667e-09,  5.22143e-09,  1.50000e-09,  9.98214e-10,
00:00:53,     53151,   170.2274,  2.93182e-09,  7.67857e-09,  2.62778e-09,  5.73333e-09,  1.75000e-09,  9.98214e-10,
00:00:53,     53655,   170.2274,  4.15341e-09,  8.77551e-09,  2.50833e-09,  5.52857e-09,  1.50000e-09,  9.21429e-10,
00:00:54,     54159,   170.2274,  2.93182e-09,  8.77551e-09,  2.74722e-09,  5.63095e-09,  1.75000e-09,  9.21429e-10,
00:00:54,     54663,   170.2274,  3.17614e-09,  7.67857e-09,  2.50833e-09,  5.32381e-09,  1.62500e-09,  9.21429e-10,
00:00:55,     55167,   170.2274,  3.42045e-09,  7.67857e-09,  2.38889e-09,  5.93810e-09,  1.75000e-09,  9.21429e-10,
00:00:55,     55671,   170.3596,  3.17614e-09,  7.67857e-09,  2.38889e-09,  5.73333e-09,  1.62500e-09,  1.07500e-09,
00:00:56,     56175,   170.0952,  3.66477e-09,  7.67857e-09,  2.50833e-09,  5.63095e-09,  1.50000e-09,  9.98214e-10,
00:00:56,     56679,   170.3596,  3.42045e-09,  8.77551e-09,  2.50833e-09,  5.73333e-09,  1.75000e-09,  1.07500e-09,
00:00:57,     57183,   170.3596,  3.66477e-09,  8.77551e-09,  2.38889e-09,  5.63095e-09,  1.50000e-09,  9.21429e-10,
00:00:57,     57687,   170.0952,  3.42045e-09,  7.67857e-09,  2.50833e-09,  5.52857e-09,  1.50000e-09,  1.22857e-09,
00:00:58,     58191,   170.2274,  3.90909e-09,  7.67857e-09,  2.26944e-09,  5.32381e-09,  1.50000e-09,  9.98214e-10,
00:00:58,     58695,   170.0952,  3.66477e-09,  6.58163e-09,  2.38889e-09,  5.42619e-09,  1.62500e-09,  1.07500e-09,
00:00:59,     59199,   170.0952,  3.90909e-09,  7.67857e-09,  2.26944e-09,  5.63095e-09,  1.62500e-09,  1.07500e-09,
00:00:59,     59703,   170.2274,  3.42045e-09,  6.58163e-09,  2.62778e-09,  5.63095e-09,  1.50000e-09,  9.98214e-10,
00:01:00,     60207,   170.2274,  3.42045e-09,  8.77551e-09,  2.50833e-09,  5.83571e-09,  1.62500e-09,  9.98214e-10,
00:01:00,     60711,   170.3596,  3.42045e-09,  6.58163e-09,  2.74722e-09,  5.52857e-09,  1.50000e-09,  1.07500e-09,
00:01:01,     61215,   170.4918,  3.66477e-09,  7.67857e-09,  2.62778e-09,  5.42619e-09,  1.75000e-09,  9.98214e-10,
00:01:01,     61719,   170.7563,  3.66477e-09,  6.58163e-09,  2.62778e-09,  6.04048e-09,  1.62500e-09,  1.07500e-09,
00:01:02,     62223,   171.6819,  2.93182e-09,  5.48469e-09,  2.50833e-09,  5.63095e-09,  1.75000e-09,  1.07500e-09,
00:01:02,     62727,   172.8719,  3.17614e-09,  8.77551e-09,  2.62778e-09,  5.32381e-09,  1.62500e-09,  9.98214e-10,
00:01:03,     63231,   174.5908,  3.17614e-09,  8.77551e-09,  2.86667e-09,  5.52857e-09,  1.50000e-09,  9.21429e-10,
00:01:03,     63735,   177.2354,  3.42045e-09,  8.77551e-09,  2.38889e-09,  5.52857e-09,  1.37500e-09,  1.07500e-09,
00:01:04,     64239,   179.7477,  3.17614e-09,  7.67857e-09,  2.50833e-09,  5.63095e-09,  1.50000e-09,  1.15179e-09,
00:01:04,     64743,   183.4500,  3.42045e-09,  7.67857e-09,  2.74722e-09,  5.42619e-09,  1.25000e-09,  1.07500e-09,
00:01:05,     65247,   187.5490,  3.66477e-09,  5.48469e-09,  2.50833e-09,  5.32381e-09,  1.37500e-09,  9.98214e-10,
00:01:05,     65751,   191.7802,  2.68750e-09,  8.77551e-09,  2.62778e-09,  5.22143e-09,  1.37500e-09,  1.07500e-09,
00:01:06,     66255,   196.2759,  3.17614e-09,  7.67857e-09,  2.38889e-09,  5.83571e-09,  1.37500e-09,  1.15179e-09,
00:01:06,     66759,   200.2427,  3.17614e-09,  7.67857e-09,  2.62778e-09,  5.63095e-09,  1.75000e-09,  9.21429e-10,
00:01:07,     67263,   203.8128,  3.90909e-09,  5.48469e-09,  2.50833e-09,  5.52857e-09,  1.62500e-09,  1.07500e-09,
00:01:07,     67767,   206.7218,  3.66477e-09,  7.67857e-09,  2.38889e-09,  5.63095e-09,  1.25000e-09,  1.07500e-09,
00:01:08,     68271,   209.6308,  3.17614e-09,  6.58163e-09,  2.62778e-09,  5.32381e-09,  1.75000e-09,  9.21429e-10,
00:01:08,     68775,   212.0109,  2.93182e-09,  7.67857e-09,  2.38889e-09,  5.11905e-09,  1.12500e-09,  9.98214e-10,
00:01:09,     69279,   213.9942,  3.17614e-09,  8.77551e-09,  2.50833e-09,  5.11905e-09,  1.37500e-09,  9.21429e-10,
00:01:09,     69783,   215.8454,  2.93182e-09,  7.67857e-09,  2.74722e-09,  5.63095e-09,  1.37500e-09,  9.98214e-10,
00:01:10,     70287,   217.5643,  2.93182e-09,  8.77551e-09,  2.38889e-09,  5.11905e-09,  1.37500e-09,  9.98214e-10,
00:01:10,     70791,   218.6222,  3.17614e-09,  6.58163e-09,  2.50833e-09,  5.42619e-09,  1.50000e-09,  1.07500e-09,
00:01:11,     71295,   220.0766,  3.17614e-09,  6.58163e-09,  2.15000e-09,  5.32381e-09,  1.25000e-09,  1.07500e-09,
00:01:11,     71799,   221.3989,  3.17614e-09,  7.67857e-09,  2.38889e-09,  5.52857e-09,  1.37500e-09,  1.07500e-09,
00:01:12,     72303,   222.5889,  3.42045e-09,  6.58163e-09,  2.62778e-09,  5.22143e-09,  1.37500e-09,  9.98214e-10,
00:01:12,     72807,   223.7790,  3.66477e-09,  7.67857e-09,  2.50833e-09,  5.42619e-09,  1.50000e-09,  9.98214e-10,
00:01:13,     73311,   224.9690,  3.17614e-09,  5.48469e-09,  2.50833e-09,  4.91429e-09,  1.25000e-09,  8.44643e-10,
00:01:13,     73815,   226.5557,  3.90909e-09,  7.67857e-09,  2.38889e-09,  5.32381e-09,  1.50000e-09,  9.98214e-10,
00:01:14,     74319,   228.2747,  3.90909e-09,  6.58163e-09,  2.26944e-09,  5.22143e-09,  1.37500e-09,  9.21429e-10,
00:01:14,     74823,   229.7292,  3.17614e-09,  6.58163e-09,  2.62778e-09,  5.42619e-09,  1.62500e-09,  1.07500e-09,
00:01:15,     75327,   231.5803,  3.42045e-09,  6.58163e-09,  2.26944e-09,  5.52857e-09,  1.37500e-09,  1.07500e-09,
00:01:15,     75831,   234.0926,  3.17614e-09,  8.77551e-09,  2.62778e-09,  5.22143e-09,  1.37500e-09,  9.98214e-10,
00:01:16,     76335,   236.0760,  3.42045e-09,  6.58163e-09,  2.50833e-09,  5.32381e-09,  1.37500e-09,  1.07500e-09,
00:01:16,     76839,   238.3239,  3.17614e-09,  7.67857e-09,  2.38889e-09,  5.11905e-09,  1.12500e-09,  9.21429e-10,
00:01:17,     77343,   240.8362,  3.90909e-09,  6.58163e-09,  2.62778e-09,  5.22143e-09,  1.50000e-09,  1.07500e-09,
00:01:17,     77847,   243.2162,  3.17614e-09,  6.58163e-09,  2.50833e-09,  5.11905e-09,  1.37500e-09,  9.21429e-10,
00:01:18,     78351,   245.7285,  3.90909e-09,  6.58163e-09,  2.50833e-09,  5.01667e-09,  1.62500e-09,  9.98214e-10,
00:01:18,     78855,   248.2408,  3.66477e-09,  7.67857e-09,  2.62778e-09,  5.11905e-09,  1.50000e-09,  9.98214e-10,
00:01:19,     79359,   250.6209,  2.93182e-09,  6.58163e-09,  2.62778e-09,  5.11905e-09,  1.25000e-09,  9.98214e-10,
00:01:19,     79863,   253.0010,  3.42045e-09,  7.67857e-09,  2.50833e-09,  5.63095e-09,  1.25000e-09,  9.98214e-10,
00:01:20,     80367,   255.3810,  4.15341e-09,  8.77551e-09,  2.38889e-09,  5.42619e-09,  1.37500e-09,  8.44643e-10,
00:01:20,     80871,   257.2322,  3.42045e-09,  6.58163e-09,  2.38889e-09,  5.01667e-09,  1.25000e-09,  9.98214e-10,
00:01:21,     81375,   259.6123,  3.42045e-09,  4.38776e-09,  2.74722e-09,  5.32381e-09,  1.37500e-09,  1.07500e-09,
00:01:21,     81879,   261.5957,  3.42045e-09,  8.77551e-09,  2.38889e-09,  5.32381e-09,  1.25000e-09,  9.98214e-10,
00:01:22,     82383,   263.5791,  3.42045e-09,  6.58163e-09,  2.74722e-09,  5.01667e-09,  1.37500e-09,  9.98214e-10,
00:01:22,     82887,   265.2980,  3.17614e-09,  7.67857e-09,  2.38889e-09,  5.22143e-09,  1.12500e-09,  9.98214e-10,
00:01:23,     83391,   267.2814,  3.66477e-09,  7.67857e-09,  2.74722e-09,  5.01667e-09,  1.50000e-09,  9.98214e-10,
00:01:23,     83895,   269.1326,  3.17614e-09,  6.58163e-09,  2.38889e-09,  5.42619e-09,  1.37500e-09,  1.07500e-09,
00:01:24,     84399,   270.9837,  3.17614e-09,  7.67857e-09,  2.62778e-09,  5.22143e-09,  1.25000e-09,  9.98214e-10,
00:01:24,     84903,   272.7027,  3.42045e-09,  6.58163e-09,  2.38889e-09,  5.42619e-09,  1.25000e-09,  9.98214e-10,
00:01:25,     85407,   274.4216,  3.17614e-09,  8.77551e-09,  2.62778e-09,  5.32381e-09,  1.37500e-09,  1.07500e-09,
00:01:25,     85911,   276.6695,  2.93182e-09,  8.77551e-09,  2.50833e-09,  5.32381e-09,  1.37500e-09,  9.21429e-10,
00:01:26,     86415,   278.5206,  3.42045e-09,  7.67857e-09,  2.62778e-09,  5.11905e-09,  1.25000e-09,  9.21429e-10,
00:01:26,     86919,   280.3718,  3.90909e-09,  6.58163e-09,  2.86667e-09,  5.52857e-09,  1.50000e-09,  9.98214e-10,
00:01:27,     87423,   282.2229,  3.90909e-09,  6.58163e-09,  2.50833e-09,  4.91429e-09,  1.37500e-09,  9.98214e-10,
00:01:27,     87927,   283.9419,  3.66477e-09,  6.58163e-09,  2.98611e-09,  5.42619e-09,  1.62500e-09,  9.98214e-10,
00:01:28,     88431,   285.7930,  3.42045e-09,  6.58163e-09,  2.62778e-09,  5.01667e-09,  1.50000e-09,  9.98214e-10,
00:01:28,     88935,   288.3053,  2.68750e-09,  7.67857e-09,  2.86667e-09,  5.22143e-09,  1.37500e-09,  9.21429e-10,
00:01:29,     89439,   290.8176,  2.93182e-09,  8.77551e-09,  2.74722e-09,  5.22143e-09,  1.37500e-09,  9.98214e-10,
00:01:29,     89943,   292.5366,  3.17614e-09,  7.67857e-09,  2.74722e-09,  5.22143e-09,  1.25000e-09,  9.21429e-10,
00:01:30,     90447,   294.7844,  3.90909e-09,  6.58163e-09,  2.50833e-09,  5.32381e-09,  1.12500e-09,  9.98214e-10,
00:01:30,     90951,   297.0323,  2.93182e-09,  6.58163e-09,  2.74722e-09,  5.32381e-09,  1.37500e-09,  1.07500e-09,
00:01:31,     91455,   298.8834,  2.93182e-09,  5.48469e-09,  2.74722e-09,  5.01667e-09,  1.37500e-09,  1.07500e-09,
00:01:31,     91959,   301.1313,  2.93182e-09,  6.58163e-09,  2.50833e-09,  5.22143e-09,  1.25000e-09,  9.21429e-10,
00:01:32,     92463,   303.1147,  3.66477e-09,  7.67857e-09,  2.86667e-09,  5.32381e-09,  1.12500e-09,  9.21429e-10,
00:01:32,     92967,   305.0981,  3.42045e-09,  7.67857e-09,  2.26944e-09,  5.22143e-09,  1.37500e-09,  9.98214e-10,
00:01:33,     93471,   307.0815,  3.17614e-09,  7.67857e-09,  2.86667e-09,  5.11905e-09,  1.25000e-09,  9.98214e-10,
00:01:33,     93975,   309.3293,  3.42045e-09,  6.58163e-09,  2.26944e-09,  5.22143e-09,  1.25000e-09,  9.98214e-10,
00:01:34,     94479,   311.1805,  3.42045e-09,  6.58163e-09,  2.38889e-09,  5.11905e-09,  1.37500e-09,  9.98214e-10,
00:01:34,     94983,   313.2961,  3.42045e-09,  6.58163e-09,  2.26944e-09,  5.32381e-09,  1.12500e-09,  9.21429e-10,
00:01:35,     95487,   315.0150,  3.66477e-09,  5.48469e-09,  2.50833e-09,  4.91429e-09,  1.37500e-09,  9.21429e-10,
00:01:35,     95991,   317.2629,  4.15341e-09,  6.58163e-09,  2.86667e-09,  4.91429e-09,  1.25000e-09,  9.21429e-10,
00:01:36,     96495,   319.2463,  3.66477e-09,  6.58163e-09,  2.50833e-09,  5.32381e-09,  1.50000e-09,  9.98214e-10,
00:01:36,     96999,   320.9652,  3.66477e-09,  6.58163e-09,  2.26944e-09,  5.42619e-09,  1.25000e-09,  1.07500e-09,
00:01:37,     97503,   322.8164,  3.90909e-09,  5.48469e-09,  2.62778e-09,  4.91429e-09,  1.37500e-09,  1.07500e-09,
00:01:38,     98007,   324.9320,  3.17614e-09,  6.58163e-09,  2.50833e-09,  5.11905e-09,  1.37500e-09,  9.21429e-10,
00:01:38,     98511,   327.1798,  3.66477e-09,  7.67857e-09,  2.50833e-09,  5.01667e-09,  1.37500e-09,  9.98214e-10,
00:01:39,     99015,   329.0310,  3.66477e-09,  6.58163e-09,  2.62778e-09,  5.63095e-09,  1.12500e-09,  9.98214e-10,
00:01:39,     99519,   331.2789,  3.66477e-09,  6.58163e-09,  2.38889e-09,  5.22143e-09,  1.25000e-09,  9.98214e-10,
00:01:40,    100023,   332.9978,  3.90909e-09,  6.58163e-09,  2.50833e-09,  5.22143e-09,  1.12500e-09,  8.44643e-10,
00:01:40,    100527,   334.9812,  3.90909e-09,  7.67857e-09,  2.62778e-09,  5.01667e-09,  1.12500e-09,  9.21429e-10,
00:01:41,    101031,   337.2290,  3.17614e-09,  6.58163e-09,  2.50833e-09,  5.01667e-09,  1.25000e-09,  1.07500e-09,
00:01:41,    101535,   339.0802,  3.90909e-09,  7.67857e-09,  2.38889e-09,  4.91429e-09,  1.12500e-09,  9.21429e-10,
00:01:42,    102039,   341.3281,  3.90909e-09,  7.67857e-09,  2.50833e-09,  4.91429e-09,  1.37500e-09,  9.98214e-10,
00:01:42,    102543,   343.1792,  4.15341e-09,  7.67857e-09,  2.74722e-09,  5.01667e-09,  1.00000e-09,  1.07500e-09,
00:01:43,    103047,   345.5593,  3.42045e-09,  8.77551e-09,  2.62778e-09,  5.32381e-09,  1.25000e-09,  8.44643e-10,
00:01:43,    103551,   347.4104,  4.15341e-09,  6.58163e-09,  2.38889e-09,  4.91429e-09,  1.37500e-09,  9.21429e-10,
00:01:44,    104055,   349.5260,  3.42045e-09,  8.77551e-09,  2.38889e-09,  5.32381e-09,  1.00000e-09,  9.98214e-10,
00:01:44,    104559,   351.6417,  3.90909e-09,  5.48469e-09,  2.62778e-09,  5.22143e-09,  1.37500e-09,  8.44643e-10,
00:01:45,    105063,   353.4928,  4.39773e-09,  6.58163e-09,  2.50833e-09,  5.11905e-09,  1.12500e-09,  9.21429e-10,
00:01:45,    105567,   355.3440,  4.39773e-09,  7.67857e-09,  2.74722e-09,  4.70952e-09,  1.00000e-09,  9.21429e-10,
00:01:46,    106071,   357.5918,  4.15341e-09,  7.67857e-09,  2.38889e-09,  5.32381e-09,  1.50000e-09,  9.21429e-10,
00:01:46,    106575,   359.5752,  3.66477e-09,  8.77551e-09,  2.38889e-09,  5.11905e-09,  1.12500e-09,  9.21429e-10,
00:01:47,    107079,   361.4264,  4.15341e-09,  6.58163e-09,  2.50833e-09,  5.01667e-09,  1.12500e-09,  9.21429e-10,
00:01:47,    107583,   363.6742,  4.39773e-09,  5.48469e-09,  2.26944e-09,  5.11905e-09,  1.25000e-09,  8.44643e-10,
00:01:48,    108087,   365.5254,  4.64205e-09,  7.67857e-09,  2.74722e-09,  5.11905e-09,  1.25000e-09,  9.98214e-10,
00:01:48,    108591,   367.3766,  4.39773e-09,  8.77551e-09,  2.62778e-09,  5.11905e-09,  1.00000e-09,  9.98214e-10,
00:01:49,    109095,   369.7567,  4.39773e-09,  5.48469e-09,  2.50833e-09,  5.11905e-09,  1.37500e-09,  9.98214e-10,
00:01:49,    109599,   371.8723,  4.39773e-09,  6.58163e-09,  2.50833e-09,  5.22143e-09,  1.25000e-09,  1.07500e-09,
00:01:50,    110103,   373.8557,  4.64205e-09,  5.48469e-09,  2.62778e-09,  5.11905e-09,  1.12500e-09,  9.98214e-10,
00:01:50,    110607,   375.7068,  4.39773e-09,  7.67857e-09,  2.50833e-09,  4.91429e-09,  1.12500e-09,  1.07500e-09,
00:01:51,    111111,   377.9547,  4.39773e-09,  6.58163e-09,  2.50833e-09,  5.42619e-09,  1.12500e-09,  9.98214e-10,
00:01:51,    111615,   379.6736,  4.88636e-09,  7.67857e-09,  2.62778e-09,  5.11905e-09,  1.25000e-09,  9.21429e-10,
00:01:52,    112119,   381.7892,  4.39773e-09,  8.77551e-09,  2.62778e-09,  5.11905e-09,  1.12500e-09,  9.21429e-10,
00:01:52,    112623,   383.7726,  3.90909e-09,  7.67857e-09,  2.15000e-09,  5.22143e-09,  1.12500e-09,  8.44643e-10,
00:01:53,    113127,   385.8883,  4.15341e-09,  6.58163e-09,  2.38889e-09,  5.32381e-09,  1.12500e-09,  9.98214e-10,
00:01:53,    113631,   387.4750,  4.15341e-09,  5.48469e-09,  2.38889e-09,  5.11905e-09,  8.75000e-10,  8.44643e-10,
00:01:54,    114135,   389.8550,  4.15341e-09,  6.58163e-09,  2.50833e-09,  5.11905e-09,  1.37500e-09,  9.21429e-10,
00:01:54,    114639,   391.5740,  4.15341e-09,  9.87245e-09,  2.50833e-09,  5.22143e-09,  8.75000e-10,  7.67857e-10,
00:01:55,    115143,   393.6896,  4.15341e-09,  7.67857e-09,  2.62778e-09,  5.01667e-09,  1.25000e-09,  9.21429e-10,
00:01:55,    115647,   395.9374,  3.42045e-09,  5.48469e-09,  2.50833e-09,  4.50476e-09,  1.25000e-09,  9.21429e-10,
00:01:56,    116151,   397.9208,  4.15341e-09,  5.48469e-09,  2.62778e-09,  5.11905e-09,  1.12500e-09,  9.98214e-10,
00:01:56,    116655,   399.5076,  4.15341e-09,  6.58163e-09,  2.38889e-09,  5.22143e-09,  1.12500e-09,  9.21429e-10,
00:01:57,    117159,   401.8876,  3.66477e-09,  5.48469e-09,  2.50833e-09,  4.91429e-09,  1.12500e-09,  9.98214e-10,
00:01:57,    117663,   403.8710,  4.15341e-09,  7.67857e-09,  2.38889e-09,  5.11905e-09,  1.37500e-09,  9.98214e-10,
00:01:58,    118167,   405.9866,  3.66477e-09,  7.67857e-09,  2.62778e-09,  5.01667e-09,  8.75000e-10,  9.21429e-10,
00:01:58,    118671,   407.8378,  4.15341e-09,  5.48469e-09,  2.50833e-09,  5.01667e-09,  1.12500e-09,  8.44643e-10,
00:01:59,    119175,   409.9534,  4.15341e-09,  6.58163e-09,  2.38889e-09,  5.11905e-09,  1.25000e-09,  9.98214e-10,
00:01:59,    119679,   411.9368,  3.90909e-09,  5.48469e-09,  2.38889e-09,  5.42619e-09,  1.00000e-09,  9.21429e-10,
00:02:00,    120183,   414.0524,  3.66477e-09,  6.58163e-09,  2.50833e-09,  4.81190e-09,  1.00000e-09,  9.21429e-10,
00:02:00,    120687,   416.0358,  3.42045e-09,  7.67857e-09,  2.38889e-09,  5.01667e-09,  1.00000e-09,  1.07500e-09,
00:02:01,    121191,   418.0192,  4.15341e-09,  7.67857e-09,  2.26944e-09,  5.01667e-09,  1.25000e-09,  1.15179e-09,
00:02:01,    121695,   420.0026,  4.15341e-09,  5.48469e-09,  2.38889e-09,  5.01667e-09,  1.12500e-09,  9.98214e-10,
00:02:02,    122199,   422.5149,  3.42045e-09,  6.58163e-09,  2.38889e-09,  5.01667e-09,  1.12500e-09,  9.21429e-10,
00:02:02,    122703,   424.1016,  3.17614e-09,  7.67857e-09,  2.50833e-09,  5.22143e-09,  1.25000e-09,  9.98214e-10,
00:02:03,    123207,   426.3495,  3.42045e-09,  6.58163e-09,  2.15000e-09,  5.01667e-09,  1.12500e-09,  9.98214e-10,
00:02:03,    123711,   428.0684,  3.17614e-09,  7.67857e-09,  2.38889e-09,  4.91429e-09,  1.37500e-09,  9.21429e-10,
00:02:04,    124215,   430.1840,  2.93182e-09,  5.48469e-09,  2.38889e-09,  5.11905e-09,  1.12500e-09,  1.07500e-09,
00:02:04,    124719,   432.1674,  3.90909e-09,  6.58163e-09,  2.50833e-09,  5.11905e-09,  1.37500e-09,  9.98214e-10,
00:02:05,    125223,   434.2830,  3.66477e-09,  5.48469e-09,  2.15000e-09,  5.11905e-09,  1.25000e-09,  9.98214e-10,
00:02:05,    125727,   436.1342,  3.90909e-09,  5.48469e-09,  2.50833e-09,  5.11905e-09,  1.00000e-09,  9.21429e-10,
00:02:06,    126231,   438.2498,  3.90909e-09,  7.67857e-09,  2.38889e-09,  5.32381e-09,  1.25000e-09,  9.98214e-10,
00:02:06,    126735,   440.1010,  4.15341e-09,  6.58163e-09,  2.38889e-09,  5.32381e-09,  1.12500e-09,  9.98214e-10,
00:02:07,    127239,   442.3488,  4.15341e-09,  7.67857e-09,  2.38889e-09,  5.01667e-09,  1.12500e-09,  9.98214e-10,
00:02:07,    127743,   444.2000,  3.90909e-09,  6.58163e-09,  2.38889e-09,  5.42619e-09,  1.12500e-09,  9.98214e-10,
00:02:08,    128247,   446.3156,  3.42045e-09,  6.58163e-09,  2.50833e-09,  5.22143e-09,  1.00000e-09,  9.21429e-10,
00:02:08,    128751,   448.5635,  3.42045e-09,  7.67857e-09,  2.38889e-09,  5.11905e-09,  1.12500e-09,  9.21429e-10,
00:02:09,    129255,   450.4146,  3.42045e-09,  7.67857e-09,  2.15000e-09,  5.22143e-09,  1.25000e-09,  9.21429e-10,
00:02:09,    129759,   452.5302,  3.66477e-09,  6.58163e-09,  2.50833e-09,  5.42619e-09,  1.00000e-09,  9.98214e-10,
00:02:10,    130263,   454.5136,  3.42045e-09,  7.67857e-09,  2.50833e-09,  5.22143e-09,  1.37500e-09,  9.98214e-10,
00:02:10,    130767,   456.4970,  3.90909e-09,  7.67857e-09,  2.03056e-09,  5.42619e-09,  1.00000e-09,  9.98214e-10,
00:02:11,    131271,   458.3482,  3.42045e-09,  5.48469e-09,  2.38889e-09,  5.42619e-09,  1.00000e-09,  7.67857e-10,
00:02:11,    131775,   460.5960,  3.66477e-09,  5.48469e-09,  2.26944e-09,  5.42619e-09,  1.12500e-09,  1.07500e-09,
00:02:12,    132279,   462.8439,  3.90909e-09,  6.58163e-09,  2.50833e-09,  5.42619e-09,  1.37500e-09,  9.98214e-10,
00:02:12,    132783,   464.6951,  3.66477e-09,  7.67857e-09,  2.38889e-09,  5.42619e-09,  1.25000e-09,  9.21429e-10,
00:02:13,    133287,   466.6784,  3.66477e-09,  8.77551e-09,  2.38889e-09,  5.32381e-09,  1.12500e-09,  9.98214e-10,
00:02:13,    133791,   468.5296,  3.42045e-09,  7.67857e-09,  2.50833e-09,  5.32381e-09,  1.25000e-09,  8.44643e-10,
00:02:14,    134295,   470.6452,  3.42045e-09,  9.87245e-09,  2.62778e-09,  5.52857e-09,  1.00000e-09,  1.07500e-09,
00:02:14,    134799,   472.7609,  2.93182e-09,  5.48469e-09,  2.38889e-09,  5.52857e-09,  8.75000e-10,  9.21429e-10,
00:02:15,    135303,   474.4798,  3.42045e-09,  8.77551e-09,  2.15000e-09,  5.42619e-09,  1.25000e-09,  9.98214e-10,
00:02:15,    135807,   476.7276,  3.66477e-09,  7.67857e-09,  2.50833e-09,  5.63095e-09,  1.00000e-09,  8.44643e-10,
00:02:16,    136311,   478.7110,  4.15341e-09,  5.48469e-09,  2.38889e-09,  5.73333e-09,  1.00000e-09,  9.98214e-10,
00:02:16,    136815,   480.6944,  3.66477e-09,  5.48469e-09,  2.26944e-09,  5.73333e-09,  1.12500e-09,  9.98214e-10,
00:02:17,    137319,   482.8100,  3.66477e-09,  6.58163e-09,  2.26944e-09,  5.42619e-09,  1.12500e-09,  9.98214e-10,
00:02:17,    137823,   484.7934,  3.42045e-09,  8.77551e-09,  2.38889e-09,  5.83571e-09,  1.12500e-09,  8.44643e-10,
00:02:18,    138327,   486.6446,  4.15341e-09,  4.38776e-09,  2.38889e-09,  5.73333e-09,  8.75000e-10,  9.98214e-10,
00:02:18,    138831,   488.6280,  3.66477e-09,  6.58163e-09,  2.50833e-09,  5.52857e-09,  1.12500e-09,  9.98214e-10,
00:02:19,    139335,   490.7436,  3.90909e-09,  6.58163e-09,  2.26944e-09,  5.73333e-09,  1.12500e-09,  1.07500e-09,
00:02:19,    139839,   492.9914,  3.42045e-09,  8.77551e-09,  2.26944e-09,  5.83571e-09,  1.12500e-09,  9.98214e-10,
00:02:20,    140343,   494.7104,  3.66477e-09,  5.48469e-09,  2.15000e-09,  6.04048e-09,  1.12500e-09,  8.44643e-10,
00:02:20,    140847,   496.8260,  3.66477e-09,  6.58163e-09,  2.38889e-09,  6.04048e-09,  1.25000e-09,  1.07500e-09,
00:02:21,    141351,   498.9416,  3.66477e-09,  5.48469e-09,  2.15000e-09,  6.14286e-09,  1.25000e-09,  9.98214e-10,
00:02:21,    141855,   501.0572,  3.42045e-09,  7.67857e-09,  2.50833e-09,  6.24524e-09,  1.12500e-09,  9.98214e-10,
00:02:22,    142359,   503.0406,  3.90909e-09,  8.77551e-09,  2.26944e-09,  5.63095e-09,  1.00000e-09,  9.98214e-10,
00:02:22,    142863,   505.1562,  3.42045e-09,  5.48469e-09,  2.50833e-09,  5.63095e-09,  1.00000e-09,  8.44643e-10,
00:02:23,    143367,   507.2719,  3.17614e-09,  6.58163e-09,  2.26944e-09,  5.93810e-09,  8.75000e-10,  9.21429e-10,
00:02:23,    143871,   509.1230,  3.42045e-09,  6.58163e-09,  2.15000e-09,  5.52857e-09,  1.12500e-09,  7.67857e-10,
00:02:24,    144375,   511.1064,  3.90909e-09,  5.48469e-09,  2.26944e-09,  5.63095e-09,  1.00000e-09,  8.44643e-10,
00:02:24,    144879,   512.6931,  3.66477e-09,  6.58163e-09,  1.91111e-09,  5.73333e-09,  1.25000e-09,  1.07500e-09,
00:02:25,    145383,   515.2055,  4.15341e-09,  5.48469e-09,  2.26944e-09,  5.93810e-09,  1.00000e-09,  9.21429e-10,
00:02:25,    145887,   517.3211,  3.17614e-09,  7.67857e-09,  2.38889e-09,  5.83571e-09,  1.12500e-09,  9.21429e-10,
00:02:26,    146391,   519.1722,  3.90909e-09,  9.87245e-09,  2.26944e-09,  5.52857e-09,  1.25000e-09,  9.21429e-10,
00:02:26,    146895,   521.1556,  3.90909e-09,  5.48469e-09,  2.38889e-09,  6.04048e-09,  1.00000e-09,  7.67857e-10,
00:02:27,    147399,   523.4035,  3.17614e-09,  5.48469e-09,  2.26944e-09,  5.93810e-09,  8.75000e-10,  9.98214e-10,
00:02:27,    147903,   525.1224,  4.15341e-09,  5.48469e-09,  2.26944e-09,  5.63095e-09,  1.00000e-09,  9.21429e-10,
00:02:28,    148407,   527.2380,  3.90909e-09,  6.58163e-09,  2.50833e-09,  5.52857e-09,  1.00000e-09,  9.21429e-10,
00:02:28,    148911,   529.2214,  3.66477e-09,  7.67857e-09,  2.62778e-09,  5.42619e-09,  1.12500e-09,  9.21429e-10,
00:02:29,    149415,   531.2048,  3.66477e-09,  5.48469e-09,  2.38889e-09,  5.63095e-09,  1.12500e-09,  9.98214e-10,
00:02:29,    149920,   533.4527,  3.42045e-09,  5.48469e-09,  2.38889e-09,  5.32381e-09,  1.00000e-09,  9.21429e-10,
00:02:30,    150424,   535.4361,  3.90909e-09,  7.67857e-09,  2.15000e-09,  5.52857e-09,  8.75000e-10,  9.98214e-10,
00:02:30,    150928,   537.4195,  3.17614e-09,  7.67857e-09,  2.26944e-09,  5.42619e-09,  7.50000e-10,  1.07500e-09,
00:02:31,    151432,   539.1384,  3.42045e-09,  7.67857e-09,  2.38889e-09,  5.73333e-09,  8.75000e-10,  9.98214e-10,
00:02:31,    151936,   541.3862,  3.17614e-09,  7.67857e-09,  2.38889e-09,  5.32381e-09,  8.75000e-10,  8.44643e-10,
00:02:32,    152440,   543.3696,  3.90909e-09,  7.67857e-09,  2.38889e-09,  5.63095e-09,  1.12500e-09,  1.15179e-09,
00:02:32,    152944,   545.2208,  3.17614e-09,  6.58163e-09,  2.26944e-09,  5.42619e-09,  1.00000e-09,  8.44643e-10,
00:02:33,    153448,   547.4687,  3.90909e-09,  7.67857e-09,  2.38889e-09,  5.22143e-09,  1.00000e-09,  9.21429e-10,
00:02:33,    153952,   549.4520,  3.42045e-09,  7.67857e-09,  2.50833e-09,  5.42619e-09,  1.12500e-09,  8.44643e-10,
00:02:34,    154456,   551.4354,  3.17614e-09,  6.58163e-09,  2.26944e-09,  5.32381e-09,  1.00000e-09,  8.44643e-10,
00:02:34,    154960,   553.4188,  3.17614e-09,  6.58163e-09,  2.38889e-09,  5.42619e-09,  8.75000e-10,  1.07500e-09,
00:02:35,    155464,   555.5344,  3.66477e-09,  7.67857e-09,  2.15000e-09,  5.42619e-09,  8.75000e-10,  9.21429e-10,
00:02:35,    155968,   557.5178,  3.66477e-09,  5.48469e-09,  2.38889e-09,  5.52857e-09,  1.12500e-09,  8.44643e-10,
00:02:36,    156472,   559.6334,  3.17614e-09,  7.67857e-09,  2.26944e-09,  5.32381e-09,  1.00000e-09,  9.98214e-10,
00:02:36,    156976,   561.4846,  3.90909e-09,  6.58163e-09,  2.50833e-09,  5.42619e-09,  8.75000e-10,  7.67857e-10,
00:02:37,    157480,   563.6002,  2.93182e-09,  4.38776e-09,  2.38889e-09,  5.32381e-09,  8.75000e-10,  8.44643e-10,
00:02:37,    157984,   565.5836,  3.66477e-09,  7.67857e-09,  2.15000e-09,  5.63095e-09,  1.00000e-09,  9.98214e-10,
00:02:38,    158488,   567.8314,  3.90909e-09,  7.67857e-09,  2.50833e-09,  4.91429e-09,  8.75000e-10,  9.21429e-10,
00:02:38,    158992,   569.5504,  3.42045e-09,  5.48469e-09,  2.26944e-09,  5.22143e-09,  8.75000e-10,  9.21429e-10,
00:02:39,    159496,   571.6660,  3.42045e-09,  5.48469e-09,  2.26944e-09,  5.32381e-09,  1.00000e-09,  7.67857e-10,
00:02:40,    160000,   573.5172,  3.66477e-09,  6.58163e-09,  2.26944e-09,  5.42619e-09,  1.12500e-09,  9.98214e-10,
00:02:40,    160504,   575.6328,  3.42045e-09,  5.48469e-09,  2.26944e-09,  5.32381e-09,  7.50000e-10,  9.98214e-10,
00:02:41,    161008,   577.6162,  3.66477e-09,  8.77551e-09,  2.15000e-09,  5.42619e-09,  8.75000e-10,  9.21429e-10,
00:02:41,    161512,   579.7318,  3.17614e-09,  7.67857e-09,  2.15000e-09,  5.22143e-09,  8.75000e-10,  9.21429e-10,
00:02:42,    162016,   581.7152,  3.66477e-09,  6.58163e-09,  2.15000e-09,  5.32381e-09,  1.12500e-09,  9.98214e-10,
00:02:42,    162520,   583.6986,  3.42045e-09,  6.58163e-09,  2.15000e-09,  5.32381e-09,  1.00000e-09,  8.44643e-10,
00:02:43,    163024,   585.9464,  3.66477e-09,  5.48469e-09,  2.38889e-09,  5.42619e-09,  1.00000e-09,  9.98214e-10,
00:02:43,    163528,   587.7976,  3.17614e-09,  6.58163e-09,  2.50833e-09,  5.01667e-09,  1.12500e-09,  9.98214e-10,
00:02:44,    164032,   589.6488,  3.17614e-09,  7.67857e-09,  2.38889e-09,  5.22143e-09,  1.00000e-09,  9.21429e-10,
00:02:44,    164536,   591.8966,  2.93182e-09,  8.77551e-09,  2.38889e-09,  5.11905e-09,  1.12500e-09,  9.21429e-10,
00:02:45,    165040,   593.8800,  2.93182e-09,  4.38776e-09,  2.38889e-09,  5.32381e-09,  1.00000e-09,  8.44643e-10,
00:02:45,    165544,   595.8634,  3.66477e-09,  9.87245e-09,  2.26944e-09,  5.32381e-09,  1.00000e-09,  9.21429e-10,
00:02:46,    166048,   597.8468,  3.42045e-09,  6.58163e-09,  2.03056e-09,  5.42619e-09,  1.12500e-09,  9.98214e-10,
00:02:46,    166552,   599.8302,  2.93182e-09,  7.67857e-09,  2.38889e-09,  5.11905e-09,  1.25000e-09,  8.44643e-10,
00:02:47,    167056,   601.9458,  2.93182e-09,  7.67857e-09,  2.50833e-09,  5.01667e-09,  1.12500e-09,  9.21429e-10,
00:02:47,    167560,   603.9292,  3.66477e-09,  6.58163e-09,  2.26944e-09,  5.32381e-09,  1.00000e-09,  8.44643e-10,
00:02:48,    168064,   606.0448,  3.42045e-09,  5.48469e-09,  2.50833e-09,  5.11905e-09,  8.75000e-10,  1.15179e-09,
00:02:48,    168568,   607.8960,  3.17614e-09,  7.67857e-09,  2.50833e-09,  5.01667e-09,  8.75000e-10,  7.67857e-10,
00:02:49,    169072,   610.2760,  3.90909e-09,  6.58163e-09,  2.15000e-09,  5.22143e-09,  8.75000e-10,  8.44643e-10,
00:02:49,    169576,   611.9950,  3.66477e-09,  6.58163e-09,  2.50833e-09,  5.22143e-09,  1.00000e-09,  9.21429e-10,
00:02:50,    170080,   614.1106,  3.66477e-09,  5.48469e-09,  2.15000e-09,  5.52857e-09,  1.12500e-09,  9.21429e-10,
00:02:50,    170584,   616.2262,  3.42045e-09,  6.58163e-09,  2.50833e-09,  5.22143e-09,  1.00000e-09,  9.98214e-10,
00:02:51,    171088,   618.2096,  3.42045e-09,  6.58163e-09,  2.26944e-09,  5.63095e-09,  1.12500e-09,  8.44643e-10,
00:02:51,    171592,   620.4575,  3.66477e-09,  7.67857e-09,  2.26944e-09,  5.22143e-09,  1.12500e-09,  9.98214e-10,
00:02:52,    172096,   622.3086,  3.90909e-09,  7.67857e-09,  2.03056e-09,  5.32381e-09,  8.75000e-10,  9.21429e-10,
00:02:52,    172600,   624.0276,  3.42045e-09,  7.67857e-09,  1.91111e-09,  5.11905e-09,  8.75000e-10,  9.98214e-10,
00:02:53,    173104,   625.8787,  3.42045e-09,  4.38776e-09,  2.50833e-09,  5.42619e-09,  1.12500e-09,  9.98214e-10,
00:02:53,    173608,   628.5233,  3.17614e-09,  6.58163e-09,  2.26944e-09,  5.32381e-09,  1.00000e-09,  9.21429e-10,
00:02:54,    174112,   630.3744,  3.42045e-09,  5.48469e-09,  2.26944e-09,  5.22143e-09,  1.00000e-09,  9.21429e-10,
00:02:54,    174616,   632.2256,  2.44318e-09,  7.67857e-09,  2.15000e-09,  5.01667e-09,  8.75000e-10,  9.98214e-10,
00:02:55,    175120,   634.3412,  3.17614e-09,  5.48469e-09,  2.50833e-09,  5.11905e-09,  8.75000e-10,  9.98214e-10,
00:02:55,    175624,   636.3246,  3.90909e-09,  6.58163e-09,  2.26944e-09,  5.11905e-09,  1.12500e-09,  8.44643e-10,
00:02:56,    176128,   638.4402,  3.66477e-09,  6.58163e-09,  2.03056e-09,  5.11905e-09,  8.75000e-10,  9.21429e-10,
00:02:56,    176632,   640.4236,  3.42045e-09,  5.48469e-09,  2.15000e-09,  5.32381e-09,  1.12500e-09,  1.15179e-09,
00:02:57,    177136,   642.2748,  3.17614e-09,  7.67857e-09,  2.26944e-09,  5.32381e-09,  7.50000e-10,  8.44643e-10,
00:02:57,    177640,   644.3904,  3.90909e-09,  7.67857e-09,  2.26944e-09,  5.22143e-09,  1.12500e-09,  9.98214e-10,
00:02:58,    178144,   646.3738,  3.42045e-09,  6.58163e-09,  2.38889e-09,  4.91429e-09,  1.00000e-09,  9.98214e-10,
00:02:58,    178648,   648.4894,  3.17614e-09,  5.48469e-09,  2.38889e-09,  4.91429e-09,  7.50000e-10,  9.98214e-10,
00:02:59,    179152,   650.4728,  3.42045e-09,  7.67857e-09,  2.50833e-09,  5.32381e-09,  8.75000e-10,  1.07500e-09,
00:02:59,    179656,   652.5884,  3.42045e-09,  7.67857e-09,  2.15000e-09,  5.22143e-09,  1.00000e-09,  1.07500e-09,
00:03:00,    180160,   654.4396,  3.90909e-09,  6.58163e-09,  2.38889e-09,  5.63095e-09,  1.00000e-09,  9.21429e-10,
00:03:00,    180664,   656.2907,  3.90909e-09,  7.67857e-09,  2.50833e-09,  5.22143e-09,  1.00000e-09,  9.98214e-10,
00:03:01,    181168,   658.5386,  3.42045e-09,  6.58163e-09,  2.50833e-09,  5.32381e-09,  1.00000e-09,  9.21429e-10,
00:03:01,    181672,   660.6542,  3.42045e-09,  6.58163e-09,  2.50833e-09,  4.81190e-09,  1.00000e-09,  9.21429e-10,
00:03:02,    182176,   662.5054,  3.66477e-09,  6.58163e-09,  2.26944e-09,  5.01667e-09,  8.75000e-10,  8.44643e-10,
00:03:02,    182680,   664.4888,  3.66477e-09,  7.67857e-09,  2.38889e-09,  5.11905e-09,  1.00000e-09,  9.98214e-10,
00:03:03,    183184,   666.6044,  3.17614e-09,  5.48469e-09,  2.50833e-09,  5.11905e-09,  8.75000e-10,  1.07500e-09,
00:03:03,    183688,   668.5878,  3.66477e-09,  6.58163e-09,  2.26944e-09,  5.32381e-09,  1.00000e-09,  1.22857e-09,
00:03:04,    184192,   670.8357,  3.42045e-09,  6.58163e-09,  2.03056e-09,  5.01667e-09,  1.00000e-09,  9.21429e-10,
00:03:04,    184696,   672.6868,  3.42045e-09,  6.58163e-09,  2.38889e-09,  5.42619e-09,  1.12500e-09,  9.21429e-10,
00:03:05,    185200,   675.0669,  3.66477e-09,  8.77551e-09,  2.38889e-09,  5.32381e-09,  1.00000e-09,  1.07500e-09,
00:03:05,    185704,   676.9181,  3.17614e-09,  5.48469e-09,  2.62778e-09,  5.22143e-09,  8.75000e-10,  1.15179e-09,
00:03:06,    186208,   678.6370,  3.42045e-09,  5.48469e-09,  2.26944e-09,  5.11905e-09,  1.12500e-09,  8.44643e-10,
00:03:06,    186712,   680.7526,  3.17614e-09,  6.58163e-09,  2.38889e-09,  5.32381e-09,  8.75000e-10,  9.98214e-10,
00:03:07,    187216,   682.8682,  3.42045e-09,  5.48469e-09,  2.38889e-09,  5.01667e-09,  1.00000e-09,  9.21429e-10,
00:03:07,    187720,   684.7194,  3.66477e-09,  6.58163e-09,  2.50833e-09,  5.32381e-09,  7.50000e-10,  9.21429e-10,
00:03:08,    188224,   686.7028,  3.90909e-09,  7.67857e-09,  2.38889e-09,  5.32381e-09,  1.00000e-09,  1.07500e-09,
00:03:08,    188728,   688.6862,  3.90909e-09,  7.67857e-09,  2.62778e-09,  5.01667e-09,  1.00000e-09,  8.44643e-10,
00:03:09,    189232,   691.0662,  3.42045e-09,  5.48469e-09,  2.15000e-09,  5.42619e-09,  1.00000e-09,  9.98214e-10,
00:03:09,    189736,   692.9174,  2.93182e-09,  5.48469e-09,  2.26944e-09,  5.11905e-09,  8.75000e-10,  9.21429e-10,
00:03:10,    190240,   694.6363,  2.93182e-09,  6.58163e-09,  2.38889e-09,  5.42619e-09,  1.12500e-09,  1.07500e-09,
00:03:10,    190744,   696.8842,  3.66477e-09,  6.58163e-09,  2.50833e-09,  5.32381e-09,  1.12500e-09,  9.21429e-10,
00:03:11,    191248,   698.9998,  3.66477e-09,  7.67857e-09,  2.26944e-09,  5.01667e-09,  1.00000e-09,  1.07500e-09,
00:03:11,    191752,   700.8510,  2.93182e-09,  5.48469e-09,  2.38889e-09,  5.42619e-09,  1.00000e-09,  9.98214e-10,
00:03:12,    192256,   703.0988,  3.66477e-09,  6.58163e-09,  2.26944e-09,  5.22143e-09,  1.12500e-09,  7.67857e-10,
00:03:12,    192760,   704.9500,  3.66477e-09,  5.48469e-09,  2.50833e-09,  5.22143e-09,  1.12500e-09,  9.98214e-10,
00:03:13,    193264,   707.0656,  3.42045e-09,  5.48469e-09,  2.15000e-09,  5.32381e-09,  8.75000e-10,  9.21429e-10,
00:03:13,    193768,   709.0490,  2.93182e-09,  6.58163e-09,  2.03056e-09,  5.32381e-09,  8.75000e-10,  1.07500e-09,
00:03:14,    194272,   711.1646,  3.42045e-09,  6.58163e-09,  2.38889e-09,  5.52857e-09,  1.00000e-09,  9.98214e-10,
00:03:14,    194776,   713.0158,  3.17614e-09,  6.58163e-09,  2.26944e-09,  5.42619e-09,  1.25000e-09,  1.07500e-09,
00:03:15,    195280,   715.1314,  3.17614e-09,  6.58163e-09,  2.62778e-09,  5.42619e-09,  1.00000e-09,  9.98214e-10,
00:03:15,    195784,   717.1148,  3.90909e-09,  6.58163e-09,  2.50833e-09,  5.22143e-09,  8.75000e-10,  1.07500e-09,
00:03:16,    196288,   719.2304,  3.17614e-09,  6.58163e-09,  2.62778e-09,  5.73333e-09,  1.12500e-09,  9.98214e-10,
00:03:16,    196792,   721.2138,  3.17614e-09,  6.58163e-09,  2.03056e-09,  5.42619e-09,  1.00000e-09,  1.07500e-09,
00:03:17,    197296,   723.1972,  3.42045e-09,  8.77551e-09,  2.50833e-09,  5.22143e-09,  1.00000e-09,  9.98214e-10,
00:03:17,    197800,   725.1806,  3.42045e-09,  6.58163e-09,  2.38889e-09,  5.32381e-09,  1.25000e-09,  9.21429e-10,
00:03:18,    198304,   727.1640,  2.93182e-09,  4.38776e-09,  2.15000e-09,  5.52857e-09,  1.00000e-09,  1.07500e-09,
00:03:18,    198808,   729.2796,  2.93182e-09,  7.67857e-09,  2.26944e-09,  5.42619e-09,  8.75000e-10,  1.07500e-09,
00:03:19,    199312,   731.5274,  3.66477e-09,  7.67857e-09,  2.26944e-09,  5.32381e-09,  1.12500e-09,  1.07500e-09,
00:03:19,    199816,   733.3786,  3.90909e-09,  5.48469e-09,  2.26944e-09,  5.83571e-09,  1.12500e-09,  9.98214e-10,
00:03:20,    200320,   735.0976,  3.17614e-09,  6.58163e-09,  2.26944e-09,  5.42619e-09,  1.12500e-09,  9.98214e-10,
00:03:20,    200824,   737.2132,  3.42045e-09,  7.67857e-09,  2.50833e-09,  5.73333e-09,  8.75000e-10,  1.07500e-09,
00:03:21,    201328,   739.0644,  3.17614e-09,  6.58163e-09,  2.50833e-09,  5.52857e-09,  1.12500e-09,  9.98214e-10,
00:03:21,    201832,   741.5766,  2.93182e-09,  6.58163e-09,  2.50833e-09,  5.63095e-09,  8.75000e-10,  1.15179e-09,
00:03:22,    202336,   743.5600,  2.93182e-09,  7.67857e-09,  2.26944e-09,  5.52857e-09,  1.12500e-09,  1.15179e-09,
00:03:22,    202840,   745.4112,  3.42045e-09,  6.58163e-09,  2.26944e-09,  5.52857e-09,  1.00000e-09,  9.21429e-10,
00:03:23,    203344,   747.3946,  3.17614e-09,  6.58163e-09,  2.26944e-09,  5.63095e-09,  1.00000e-09,  1.07500e-09,
00:03:23,    203848,   749.6424,  2.93182e-09,  5.48469e-09,  2.03056e-09,  5.73333e-09,  1.00000e-09,  1.07500e-09,
00:03:24,    204352,   751.3614,  3.90909e-09,  7.67857e-09,  2.50833e-09,  5.63095e-09,  8.75000e-10,  1.07500e-09,
00:03:24,    204856,   753.7414,  3.42045e-09,  4.38776e-09,  2.86667e-09,  5.73333e-09,  1.00000e-09,  9.98214e-10,
00:03:25,    205360,   755.7248,  3.42045e-09,  6.58163e-09,  2.26944e-09,  5.93810e-09,  1.00000e-09,  9.98214e-10,
00:03:25,    205864,   757.5760,  3.42045e-09,  5.48469e-09,  2.26944e-09,  5.52857e-09,  1.12500e-09,  1.22857e-09,
00:03:26,    206368,   759.5594,  2.93182e-09,  6.58163e-09,  2.62778e-09,  5.83571e-09,  8.75000e-10,  9.98214e-10,
00:03:26,    206872,   761.6750,  3.66477e-09,  5.48469e-09,  2.26944e-09,  5.73333e-09,  8.75000e-10,  1.07500e-09,
00:03:27,    207376,   763.3939,  3.66477e-09,  5.48469e-09,  2.62778e-09,  5.52857e-09,  8.75000e-10,  9.98214e-10,
00:03:27,    207880,   765.5095,  3.17614e-09,  6.58163e-09,  2.38889e-09,  5.83571e-09,  8.75000e-10,  1.15179e-09,
00:03:28,    208384,   767.3607,  3.42045e-09,  7.67857e-09,  2.50833e-09,  5.52857e-09,  1.00000e-09,  1.07500e-09,
00:03:28,    208888,   769.4763,  3.17614e-09,  6.58163e-09,  2.38889e-09,  5.83571e-09,  8.75000e-10,  9.98214e-10,
00:03:29,    209392,   771.4597,  3.42045e-09,  6.58163e-09,  2.38889e-09,  5.73333e-09,  1.00000e-09,  9.98214e-10,
00:03:29,    209896,   773.5753,  3.66477e-09,  7.67857e-09,  2.50833e-09,  5.83571e-09,  1.12500e-09,  9.21429e-10,
00:03:30,    210400,   775.2943,  3.90909e-09,  7.67857e-09,  2.38889e-09,  5.52857e-09,  8.75000e-10,  1.07500e-09,
00:03:30,    210904,   777.5421,  3.66477e-09,  6.58163e-09,  2.50833e-09,  5.73333e-09,  1.12500e-09,  1.07500e-09,
00:03:31,    211408,   779.6577,  2.93182e-09,  5.48469e-09,  2.50833e-09,  5.63095e-09,  1.00000e-09,  1.07500e-09,
00:03:31,    211912,   781.9056,  3.90909e-09,  7.67857e-09,  2.50833e-09,  5.83571e-09,  1.00000e-09,  1.07500e-09,
00:03:32,    212416,   784.0212,  3.17614e-09,  5.48469e-09,  2.62778e-09,  5.83571e-09,  1.00000e-09,  1.07500e-09,
00:03:32,    212920,   785.8724,  3.42045e-09,  7.67857e-09,  2.38889e-09,  5.63095e-09,  8.75000e-10,  1.15179e-09,
00:03:33,    213424,   787.7235,  3.42045e-09,  6.58163e-09,  2.26944e-09,  5.32381e-09,  1.00000e-09,  1.15179e-09,
00:03:33,    213928,   789.8392,  2.93182e-09,  5.48469e-09,  2.50833e-09,  5.63095e-09,  1.00000e-09,  1.15179e-09,
00:03:34,    214432,   791.9548,  3.42045e-09,  7.67857e-09,  2.38889e-09,  5.52857e-09,  1.00000e-09,  1.15179e-09,
00:03:34,    214936,   793.9382,  3.66477e-09,  7.67857e-09,  2.62778e-09,  5.73333e-09,  1.00000e-09,  1.07500e-09,
00:03:35,    215440,   795.6571,  3.42045e-09,  7.67857e-09,  2.50833e-09,  5.73333e-09,  8.75000e-10,  9.21429e-10,
00:03:35,    215944,   797.9050,  2.93182e-09,  6.58163e-09,  2.62778e-09,  5.63095e-09,  1.12500e-09,  9.21429e-10,
00:03:36,    216448,   799.7561,  3.42045e-09,  6.58163e-09,  2.86667e-09,  5.93810e-09,  8.75000e-10,  1.07500e-09,
00:03:36,    216952,   801.8717,  3.66477e-09,  6.58163e-09,  2.38889e-09,  5.52857e-09,  1.12500e-09,  9.98214e-10,
00:03:37,    217456,   803.8551,  3.17614e-09,  6.58163e-09,  2.26944e-09,  5.63095e-09,  1.12500e-09,  9.98214e-10,
00:03:37,    217960,   806.1030,  3.17614e-09,  7.67857e-09,  2.50833e-09,  5.32381e-09,  1.00000e-09,  1.15179e-09,
00:03:38,    218464,   808.0864,  3.42045e-09,  6.58163e-09,  2.38889e-09,  5.32381e-09,  8.75000e-10,  1.15179e-09,
00:03:38,    218968,   809.6731,  3.42045e-09,  5.48469e-09,  2.62778e-09,  5.83571e-09,  1.00000e-09,  1.15179e-09,
00:03:39,    219472,   811.7887,  3.17614e-09,  7.67857e-09,  2.62778e-09,  5.32381e-09,  1.00000e-09,  1.22857e-09,
00:03:39,    219976,   814.0366,  3.17614e-09,  8.77551e-09,  2.62778e-09,  5.11905e-09,  1.00000e-09,  9.21429e-10,
00:03:40,    220480,   816.0200,  4.15341e-09,  7.67857e-09,  2.50833e-09,  5.11905e-09,  1.25000e-09,  1.07500e-09,
00:03:40,    220984,   818.0033,  3.90909e-09,  7.67857e-09,  2.62778e-09,  5.22143e-09,  6.25000e-10,  1.22857e-09,
00:03:41,    221488,   820.1190,  3.66477e-09,  5.48469e-09,  2.50833e-09,  5.52857e-09,  8.75000e-10,  1.07500e-09,
00:03:41,    221992,   822.1024,  2.93182e-09,  8.77551e-09,  2.74722e-09,  5.42619e-09,  7.50000e-10,  9.21429e-10,
00:03:42,    222496,   824.0858,  3.17614e-09,  6.58163e-09,  2.86667e-09,  5.32381e-09,  7.50000e-10,  9.21429e-10,
00:03:43,    223000,   826.4658,  3.42045e-09,  7.67857e-09,  2.62778e-09,  5.32381e-09,  1.00000e-09,  1.15179e-09,
00:03:43,    223505,   828.1848,  3.17614e-09,  6.58163e-09,  2.50833e-09,  5.11905e-09,  8.75000e-10,  1.07500e-09,
00:03:44,    224009,   830.3004,  3.42045e-09,  5.48469e-09,  2.86667e-09,  5.32381e-09,  1.00000e-09,  1.07500e-09,
00:03:44,    224513,   832.2838,  3.90909e-09,  5.48469e-09,  2.62778e-09,  5.52857e-09,  8.75000e-10,  9.98214e-10,
00:03:45,    225017,   834.3994,  3.42045e-09,  6.58163e-09,  2.86667e-09,  5.22143e-09,  1.12500e-09,  1.15179e-09,
00:03:45,    225521,   836.3828,  3.42045e-09,  7.67857e-09,  2.62778e-09,  5.32381e-09,  1.00000e-09,  1.07500e-09,
00:03:46,    226025,   838.3662,  3.42045e-09,  6.58163e-09,  2.98611e-09,  5.22143e-09,  8.75000e-10,  1.07500e-09,
00:03:46,    226529,   840.0851,  3.17614e-09,  6.58163e-09,  2.86667e-09,  5.32381e-09,  1.00000e-09,  1.07500e-09,
00:03:47,    227033,   842.2007,  3.66477e-09,  7.67857e-09,  2.86667e-09,  5.52857e-09,  1.12500e-09,  9.98214e-10,
00:03:47,    227537,   844.5808,  3.17614e-09,  7.67857e-09,  3.10556e-09,  5.01667e-09,  1.12500e-09,  1.15179e-09,
00:03:48,    228041,   846.2998,  3.17614e-09,  7.67857e-09,  2.74722e-09,  5.22143e-09,  1.12500e-09,  1.22857e-09,
00:03:48,    228545,   848.5476,  3.66477e-09,  7.67857e-09,  2.74722e-09,  5.52857e-09,  1.00000e-09,  1.15179e-09,
00:03:49,    229049,   850.3988,  3.66477e-09,  5.48469e-09,  2.62778e-09,  5.32381e-09,  8.75000e-10,  9.98214e-10,
00:03:49,    229553,   852.3822,  3.17614e-09,  6.58163e-09,  3.22500e-09,  5.42619e-09,  8.75000e-10,  1.07500e-09,
00:03:50,    230057,   854.6300,  3.42045e-09,  6.58163e-09,  2.74722e-09,  5.52857e-09,  8.75000e-10,  9.98214e-10,
00:03:50,    230561,   856.7456,  3.17614e-09,  7.67857e-09,  2.62778e-09,  5.32381e-09,  1.12500e-09,  1.30536e-09,
00:03:51,    231065,   858.4646,  3.17614e-09,  5.48469e-09,  2.98611e-09,  5.52857e-09,  1.00000e-09,  1.07500e-09,
00:03:51,    231569,   860.4480,  3.90909e-09,  6.58163e-09,  2.74722e-09,  5.11905e-09,  1.00000e-09,  1.22857e-09,
00:03:52,    232073,   862.4314,  3.42045e-09,  6.58163e-09,  2.98611e-09,  5.22143e-09,  7.50000e-10,  1.15179e-09,
00:03:52,    232577,   864.5470,  3.17614e-09,  5.48469e-09,  2.50833e-09,  5.32381e-09,  7.50000e-10,  1.07500e-09,
00:03:53,    233081,   866.3981,  3.17614e-09,  6.58163e-09,  2.62778e-09,  5.11905e-09,  1.00000e-09,  1.15179e-09,
00:03:53,    233585,   868.5138,  4.15341e-09,  5.48469e-09,  2.74722e-09,  5.32381e-09,  8.75000e-10,  1.22857e-09,
00:03:54,    234089,   870.6294,  3.42045e-09,  8.77551e-09,  2.98611e-09,  5.32381e-09,  8.75000e-10,  1.15179e-09,
00:03:54,    234593,   872.6128,  3.17614e-09,  7.67857e-09,  2.98611e-09,  5.32381e-09,  8.75000e-10,  1.15179e-09,
00:03:55,    235097,   874.4639,  3.42045e-09,  7.67857e-09,  2.98611e-09,  5.32381e-09,  8.75000e-10,  9.98214e-10,
00:03:55,    235601,   876.5796,  3.42045e-09,  7.67857e-09,  3.10556e-09,  5.42619e-09,  1.00000e-09,  1.22857e-09,
00:03:56,    236105,   878.6952,  3.42045e-09,  6.58163e-09,  2.98611e-09,  5.11905e-09,  1.00000e-09,  1.38214e-09,
00:03:56,    236609,   880.8108,  3.66477e-09,  7.67857e-09,  2.74722e-09,  5.73333e-09,  1.00000e-09,  1.30536e-09,
00:03:57,    237113,   882.9264,  3.66477e-09,  6.58163e-09,  2.98611e-09,  5.32381e-09,  1.00000e-09,  1.22857e-09,
00:03:57,    237617,   884.7776,  3.66477e-09,  6.58163e-09,  3.10556e-09,  5.22143e-09,  1.00000e-09,  1.30536e-09,
00:03:58,    238121,   886.7610,  3.42045e-09,  6.58163e-09,  3.10556e-09,  5.01667e-09,  1.00000e-09,  1.15179e-09,
00:03:58,    238625,   888.8766,  3.17614e-09,  5.48469e-09,  2.86667e-09,  5.01667e-09,  8.75000e-10,  1.22857e-09,
00:03:59,    239129,   890.9922,  3.17614e-09,  5.48469e-09,  2.74722e-09,  5.52857e-09,  1.00000e-09,  1.15179e-09,
00:03:59,    239633,   892.8434,  3.17614e-09,  7.67857e-09,  2.98611e-09,  5.11905e-09,  8.75000e-10,  1.30536e-09,
00:04:00,    240137,   894.9590,  3.90909e-09,  7.67857e-09,  3.22500e-09,  5.32381e-09,  1.25000e-09,  9.98214e-10,
00:04:00,    240641,   896.9424,  3.90909e-09,  7.67857e-09,  3.22500e-09,  5.32381e-09,  8.75000e-10,  1.22857e-09,
00:04:01,    241145,   898.9258,  3.66477e-09,  6.58163e-09,  2.86667e-09,  5.22143e-09,  7.50000e-10,  1.22857e-09,
00:04:01,    241649,   900.9092,  2.93182e-09,  7.67857e-09,  2.86667e-09,  5.42619e-09,  1.12500e-09,  1.15179e-09,
00:04:02,    242153,   902.8926,  2.93182e-09,  8.77551e-09,  2.86667e-09,  5.63095e-09,  1.25000e-09,  1.15179e-09,
00:04:02,    242657,   905.0082,  3.66477e-09,  8.77551e-09,  3.22500e-09,  5.01667e-09,  1.00000e-09,  1.22857e-09,
00:04:03,    243161,   906.9916,  3.42045e-09,  6.58163e-09,  3.22500e-09,  5.32381e-09,  7.50000e-10,  1.22857e-09,
00:04:03,    243665,   909.2394,  3.90909e-09,  6.58163e-09,  3.10556e-09,  5.52857e-09,  8.75000e-10,  1.38214e-09,
00:04:04,    244169,   911.2228,  3.66477e-09,  6.58163e-09,  3.22500e-09,  5.42619e-09,  1.00000e-09,  1.22857e-09,
00:04:04,    244673,   913.0740,  3.17614e-09,  8.77551e-09,  2.98611e-09,  5.42619e-09,  8.75000e-10,  1.30536e-09,
00:04:05,    245177,   915.0573,  3.90909e-09,  7.67857e-09,  3.22500e-09,  5.73333e-09,  1.12500e-09,  1.30536e-09,
00:04:05,    245681,   917.3052,  3.90909e-09,  7.67857e-09,  3.22500e-09,  5.32381e-09,  7.50000e-10,  1.22857e-09,
00:04:06,    246185,   919.0241,  3.42045e-09,  8.77551e-09,  3.34444e-09,  5.42619e-09,  8.75000e-10,  1.30536e-09,
00:04:06,    246689,   921.1397,  3.42045e-09,  8.77551e-09,  3.34444e-09,  5.22143e-09,  7.50000e-10,  1.30536e-09,
00:04:07,    247193,   923.2554,  3.66477e-09,  7.67857e-09,  3.22500e-09,  5.73333e-09,  8.75000e-10,  1.30536e-09,
00:04:07,    247697,   925.1065,  4.15341e-09,  6.58163e-09,  3.46389e-09,  5.52857e-09,  8.75000e-10,  1.38214e-09,
00:04:08,    248201,   927.2221,  3.42045e-09,  6.58163e-09,  3.10556e-09,  5.22143e-09,  1.00000e-09,  1.22857e-09,
00:04:08,    248705,   929.4700,  3.90909e-09,  9.87245e-09,  3.34444e-09,  5.73333e-09,  8.75000e-10,  1.07500e-09,
00:04:09,    249209,   931.4534,  3.17614e-09,  7.67857e-09,  3.58333e-09,  5.42619e-09,  1.00000e-09,  1.22857e-09,
00:04:09,    249713,   933.3046,  3.42045e-09,  7.67857e-09,  3.10556e-09,  5.52857e-09,  7.50000e-10,  1.30536e-09,
00:04:10,    250217,   935.4202,  3.42045e-09,  7.67857e-09,  3.22500e-09,  5.42619e-09,  8.75000e-10,  1.45893e-09,
00:04:10,    250721,   937.4036,  3.66477e-09,  8.77551e-09,  3.82222e-09,  5.42619e-09,  7.50000e-10,  1.30536e-09,
00:04:11,    251225,   939.5192,  3.42045e-09,  8.77551e-09,  3.46389e-09,  5.63095e-09,  1.00000e-09,  1.38214e-09,
00:04:11,    251729,   941.6348,  3.66477e-09,  7.67857e-09,  3.34444e-09,  5.63095e-09,  1.12500e-09,  1.38214e-09,
00:04:12,    252233,   943.3537,  3.42045e-09,  7.67857e-09,  3.10556e-09,  5.32381e-09,  8.75000e-10,  1.15179e-09,
00:04:12,    252737,   945.3371,  3.17614e-09,  7.67857e-09,  3.34444e-09,  5.52857e-09,  8.75000e-10,  1.22857e-09,
00:04:13,    253241,   947.4528,  3.42045e-09,  5.48469e-09,  3.82222e-09,  5.83571e-09,  8.75000e-10,  1.15179e-09,
00:04:13,    253745,   949.4362,  3.17614e-09,  8.77551e-09,  4.06111e-09,  5.32381e-09,  8.75000e-10,  1.38214e-09,
00:04:14,    254249,   951.4195,  3.66477e-09,  7.67857e-09,  3.46389e-09,  5.52857e-09,  1.00000e-09,  1.30536e-09,
00:04:14,    254753,   953.5352,  3.42045e-09,  8.77551e-09,  3.58333e-09,  5.22143e-09,  1.00000e-09,  1.38214e-09,
00:04:15,    255257,   955.3863,  3.42045e-09,  8.77551e-09,  3.82222e-09,  5.63095e-09,  1.12500e-09,  1.38214e-09,
00:04:15,    255761,   957.6342,  4.39773e-09,  9.87245e-09,  3.94167e-09,  5.63095e-09,  8.75000e-10,  1.38214e-09,
00:04:16,    256265,   959.4853,  3.42045e-09,  7.67857e-09,  3.94167e-09,  5.73333e-09,  1.00000e-09,  1.53571e-09,
00:04:16,    256769,   961.3365,  3.66477e-09,  8.77551e-09,  3.70278e-09,  5.63095e-09,  1.00000e-09,  1.38214e-09,
00:04:17,    257273,   963.1876,  3.90909e-09,  6.58163e-09,  3.82222e-09,  5.52857e-09,  7.50000e-10,  1.22857e-09,
00:04:17,    257777,   964.7744,  3.42045e-09,  8.77551e-09,  3.70278e-09,  5.63095e-09,  1.00000e-09,  1.30536e-09,
00:04:18,    258281,   967.5511,  3.66477e-09,  7.67857e-09,  4.06111e-09,  5.93810e-09,  1.12500e-09,  1.38214e-09,
00:04:18,    258785,   969.6668,  3.42045e-09,  7.67857e-09,  3.58333e-09,  5.63095e-09,  8.75000e-10,  1.38214e-09,
00:04:19,    259289,   971.7824,  3.66477e-09,  8.77551e-09,  3.82222e-09,  5.52857e-09,  1.25000e-09,  1.30536e-09,
00:04:19,    259793,   973.6335,  3.17614e-09,  8.77551e-09,  3.94167e-09,  5.52857e-09,  1.12500e-09,  1.45893e-09,
00:04:20,    260297,   975.6169,  3.42045e-09,  7.67857e-09,  3.94167e-09,  6.04048e-09,  6.25000e-10,  1.38214e-09,
00:04:20,    260801,   977.4681,  2.44318e-09,  6.58163e-09,  3.82222e-09,  5.73333e-09,  8.75000e-10,  1.30536e-09,
00:04:21,    261305,   979.7160,  3.17614e-09,  7.67857e-09,  3.58333e-09,  5.73333e-09,  8.75000e-10,  1.30536e-09,
00:04:21,    261809,   981.6993,  3.42045e-09,  7.67857e-09,  3.94167e-09,  5.42619e-09,  1.00000e-09,  1.38214e-09,
00:04:22,    262313,   983.8150,  3.42045e-09,  7.67857e-09,  3.94167e-09,  5.52857e-09,  8.75000e-10,  1.30536e-09,
00:04:22,    262817,   985.9306,  3.17614e-09,  9.87245e-09,  4.30000e-09,  5.42619e-09,  8.75000e-10,  1.38214e-09,
00:04:23,    263321,   987.5173,  3.66477e-09,  7.67857e-09,  4.18056e-09,  5.73333e-09,  1.00000e-09,  1.45893e-09,
00:04:23,    263825,   990.0296,  3.17614e-09,  9.87245e-09,  3.82222e-09,  5.93810e-09,  8.75000e-10,  1.22857e-09,
00:04:24,    264329,   991.8808,  2.93182e-09,  6.58163e-09,  4.18056e-09,  5.42619e-09,  8.75000e-10,  1.38214e-09,
00:04:24,    264833,   993.9964,  3.42045e-09,  8.77551e-09,  4.30000e-09,  5.73333e-09,  8.75000e-10,  1.30536e-09,
00:04:25,    265337,   996.1120,  3.17614e-09,  7.67857e-09,  4.41944e-09,  5.52857e-09,  1.00000e-09,  1.30536e-09,
00:04:25,    265841,   997.9632,  3.66477e-09,  9.87245e-09,  4.65833e-09,  6.04048e-09,  8.75000e-10,  1.45893e-09,
00:04:26,    266345,  1000.0788,  4.15341e-09,  6.58163e-09,  4.18056e-09,  5.52857e-09,  7.50000e-10,  1.45893e-09,
00:04:26,    266849,  1001.7977,  3.17614e-09,  8.77551e-09,  4.41944e-09,  5.93810e-09,  8.75000e-10,  1.61250e-09,
00:04:27,    267353,  1004.0456,  3.42045e-09,  9.87245e-09,  4.41944e-09,  5.83571e-09,  1.00000e-09,  1.45893e-09,
00:04:27,    267857,  1005.8967,  3.17614e-09,  6.58163e-09,  4.65833e-09,  6.04048e-09,  1.00000e-09,  1.38214e-09,
00:04:28,    268361,  1007.8801,  3.90909e-09,  6.58163e-09,  4.77778e-09,  5.83571e-09,  8.75000e-10,  1.53571e-09,
