474,scans,118,DataLength,,,,,,,
header,26,lines,,,,,,,,
Date,5/2/2016,Time,7:18:12 PM,,,,,,,
ID,HAL RC RGA 301 #14852,Version,3,,,,,,,
Scans,7,,,,,,,,,
Scan ID,Mode,Input,Scanned,Start,Stop,Increment,Dwell,Settle,RS,RelSEM
Scan 1,RGA,Temperature,none,0,0,0.01,10,8,1,1
Scan 2,RGA,SEM,mass,2,2,0.01,10,8,0.44,1
Scan 3,RGA,SEM,mass,16,16,0.01,10,8,0.098,1
Scan 4,RGA,SEM,mass,18,18,0.01,10,8,0.9,1
Scan 5,RGA,SEM,mass,28,28,0.01,10,8,1.05,1
Scan 6,RGA,SEM,mass,32,32,0.01,10,8,0.86,1
Scan 7,RGA,SEM,mass,44,44,0.01,10,8,1.4,1
Environment,,,,,,,,,,
Global,RGA,,,,,,,,,
F1,1,"( 1 = on, 0 = off )",,,,,,,,
F2,0,"( 1 = on, 0 = off )",,,,,,,,
cage,3.3,V,,,,,,,,
delta-m,0,%,,,,,,,,
electron-energy,70,V,,,,,,,,
emission,1000,uA,,,,,,,,
focus,-90,V,,,,,,,,
mass,5.5,amu,,,,,,,,
mode-change-delay,1000,ms,,,,,,,,
multiplier,1100,V,,,,,,,,
resolution,0,%,,,,,,,,
Data,7,,,,,,,,,
Time,ms,Temperature,Hydrogen,Oxygen-16,Water,Carbon monoxide,Oxygen,Carbon dioxide,,
0:00:01,1239,170.4918,2.44E-10,-2.19E-09,0.00E+00,0.00E+00,-1.25E-10,-7.68E-11,,
0:00:01,1743,170.2274,-2.44E-10,0.00E+00,5.97E-10,5.12E-10,0.00E+00,3.84E-10,,
0:00:02,2247,170.4918,2.20E-09,1.10E-08,7.88E-09,7.06E-09,7.50E-10,2.84E-09,,
0:00:02,2751,170.3596,4.40E-09,1.21E-08,7.29E-09,6.25E-09,7.50E-10,2.61E-09,,
0:00:03,3255,170.6241,4.40E-09,1.54E-08,6.33E-09,5.32E-09,6.25E-10,2.15E-09,,
0:00:03,3759,170.4918,3.66E-09,1.43E-08,5.85E-09,5.22E-09,6.25E-10,1.92E-09,,
0:00:04,4263,170.2274,3.66E-09,1.32E-08,5.38E-09,5.12E-09,6.25E-10,1.77E-09,,
0:00:04,4767,170.3596,3.42E-09,9.87E-09,5.02E-09,4.81E-09,7.50E-10,1.77E-09,,
0:00:05,5271,170.3596,3.91E-09,1.21E-08,4.90E-09,4.91E-09,7.50E-10,1.54E-09,,
0:00:05,5775,170.2274,3.66E-09,9.87E-09,4.18E-09,5.02E-09,8.75E-10,1.46E-09,,
0:00:06,6279,170.2274,3.18E-09,9.87E-09,4.66E-09,4.61E-09,7.50E-10,1.31E-09,,
0:00:06,6783,170.4918,3.91E-09,8.78E-09,4.30E-09,5.02E-09,8.75E-10,1.61E-09,,
0:00:07,7287,170.4918,3.18E-09,1.10E-08,4.18E-09,4.91E-09,6.25E-10,1.31E-09,,
0:00:07,7791,170.4918,3.18E-09,1.10E-08,4.06E-09,4.81E-09,6.25E-10,1.38E-09,,
0:00:08,8295,170.4918,3.66E-09,9.87E-09,4.18E-09,5.22E-09,7.50E-10,1.31E-09,,
0:00:08,8799,170.7563,3.66E-09,8.78E-09,3.70E-09,4.71E-09,8.75E-10,1.31E-09,,
0:00:09,9303,170.6241,3.91E-09,1.10E-08,3.94E-09,4.71E-09,5.00E-10,1.23E-09,,
0:00:09,9807,170.4918,3.18E-09,1.10E-08,3.70E-09,4.40E-09,7.50E-10,1.31E-09,,
0:00:10,10311,170.6241,3.66E-09,9.87E-09,3.70E-09,4.81E-09,8.75E-10,1.38E-09,,
0:00:10,10815,170.4918,3.18E-09,9.87E-09,3.82E-09,4.71E-09,8.75E-10,1.38E-09,,
0:00:11,11319,170.3596,3.66E-09,8.78E-09,3.82E-09,4.81E-09,7.50E-10,1.31E-09,,
0:00:11,11823,170.6241,3.18E-09,8.78E-09,3.58E-09,4.40E-09,7.50E-10,1.31E-09,,
0:00:12,12327,170.3596,3.42E-09,6.58E-09,3.82E-09,5.12E-09,5.00E-10,1.31E-09,,
0:00:12,12831,170.6241,3.18E-09,8.78E-09,3.94E-09,4.61E-09,8.75E-10,1.23E-09,,
0:00:13,13335,170.4918,3.66E-09,7.68E-09,3.82E-09,4.50E-09,7.50E-10,1.38E-09,,
0:00:13,13839,170.4918,3.66E-09,8.78E-09,4.06E-09,4.71E-09,7.50E-10,1.15E-09,,
0:00:14,14343,170.3596,3.42E-09,7.68E-09,3.94E-09,4.61E-09,8.75E-10,1.23E-09,,
0:00:14,14847,170.4918,3.42E-09,8.78E-09,4.18E-09,4.50E-09,7.50E-10,1.31E-09,,
0:00:15,15351,170.3596,3.18E-09,6.58E-09,4.06E-09,4.50E-09,6.25E-10,1.31E-09,,
0:00:15,15855,170.6241,3.66E-09,8.78E-09,3.82E-09,4.71E-09,7.50E-10,1.08E-09,,
0:00:16,16359,170.4918,3.42E-09,9.87E-09,3.82E-09,4.50E-09,8.75E-10,1.46E-09,,
0:00:16,16863,170.4918,3.66E-09,1.10E-08,3.82E-09,4.61E-09,8.75E-10,1.31E-09,,
0:00:17,17367,170.3596,3.42E-09,9.87E-09,3.94E-09,4.50E-09,7.50E-10,1.38E-09,,
0:00:17,17871,170.3596,3.66E-09,8.78E-09,3.70E-09,4.30E-09,7.50E-10,1.31E-09,,
0:00:18,18375,170.4918,3.66E-09,7.68E-09,3.70E-09,4.71E-09,7.50E-10,1.31E-09,,
0:00:18,18879,170.3596,3.42E-09,8.78E-09,3.82E-09,4.30E-09,7.50E-10,1.23E-09,,
0:00:19,19383,170.3596,3.18E-09,8.78E-09,3.58E-09,4.61E-09,8.75E-10,1.31E-09,,
0:00:19,19887,170.4918,3.18E-09,8.78E-09,3.70E-09,4.30E-09,8.75E-10,1.31E-09,,
0:00:20,20391,170.3596,3.66E-09,8.78E-09,3.82E-09,4.81E-09,7.50E-10,1.23E-09,,
0:00:20,20895,170.4918,3.66E-09,9.87E-09,3.82E-09,5.22E-09,8.75E-10,1.46E-09,,
0:00:21,21399,170.4918,3.42E-09,9.87E-09,3.94E-09,5.43E-09,8.75E-10,1.54E-09,,
0:00:21,21903,170.4918,3.18E-09,8.78E-09,3.58E-09,5.12E-09,7.50E-10,1.69E-09,,
0:00:22,22407,170.4918,3.42E-09,8.78E-09,3.70E-09,5.02E-09,7.50E-10,1.54E-09,,
0:00:22,22911,170.3596,2.93E-09,8.78E-09,3.46E-09,5.02E-09,7.50E-10,1.38E-09,,
0:00:23,23415,170.4918,3.66E-09,7.68E-09,3.70E-09,4.71E-09,6.25E-10,1.15E-09,,
0:00:23,23919,170.6241,3.18E-09,7.68E-09,3.58E-09,4.81E-09,7.50E-10,1.23E-09,,
0:00:24,24423,170.4918,3.66E-09,6.58E-09,3.23E-09,4.81E-09,7.50E-10,1.23E-09,,
0:00:24,24927,170.3596,3.42E-09,8.78E-09,3.34E-09,4.71E-09,6.25E-10,1.15E-09,,
0:00:25,25431,170.4918,3.42E-09,8.78E-09,3.34E-09,4.71E-09,7.50E-10,1.15E-09,,
0:00:25,25935,170.3596,3.42E-09,7.68E-09,3.58E-09,4.61E-09,7.50E-10,1.08E-09,,
0:00:26,26439,170.4918,3.66E-09,8.78E-09,3.58E-09,4.40E-09,6.25E-10,1.08E-09,,
0:00:26,26943,170.3596,3.66E-09,7.68E-09,3.34E-09,4.91E-09,7.50E-10,1.15E-09,,
0:00:27,27447,170.4918,3.66E-09,8.78E-09,3.58E-09,4.81E-09,1.00E-09,1.15E-09,,
0:00:27,27951,170.6241,3.91E-09,5.48E-09,3.34E-09,4.40E-09,8.75E-10,1.23E-09,,
0:00:28,28455,170.3596,3.91E-09,7.68E-09,3.58E-09,4.50E-09,8.75E-10,1.23E-09,,
0:00:28,28959,170.2274,3.91E-09,6.58E-09,2.99E-09,4.71E-09,7.50E-10,1.23E-09,,
0:00:29,29463,170.2274,3.18E-09,8.78E-09,3.46E-09,4.71E-09,8.75E-10,1.38E-09,,
0:00:29,29967,170.4918,3.91E-09,9.87E-09,3.46E-09,4.81E-09,8.75E-10,9.98E-10,,
0:00:30,30471,170.4918,3.18E-09,1.10E-08,3.23E-09,4.30E-09,7.50E-10,1.15E-09,,
0:00:30,30975,170.4918,3.66E-09,7.68E-09,3.34E-09,4.81E-09,6.25E-10,1.23E-09,,
0:00:31,31479,170.4918,3.42E-09,7.68E-09,3.46E-09,5.73E-09,7.50E-10,1.38E-09,,
0:00:31,31983,170.6241,3.91E-09,7.68E-09,3.34E-09,1.00E-08,7.50E-10,1.31E-09,,
0:00:32,32487,170.6241,3.91E-09,9.87E-09,3.82E-09,1.90E-08,7.50E-10,1.38E-09,,
0:00:32,32991,170.7563,3.91E-09,7.68E-09,3.82E-09,2.04E-08,7.50E-10,1.54E-09,,
0:00:33,33495,171.153,3.18E-09,8.78E-09,3.70E-09,1.57E-08,7.50E-10,1.38E-09,,
0:00:33,33999,172.0786,3.42E-09,9.87E-09,4.30E-09,1.41E-08,5.00E-10,1.54E-09,,
0:00:34,34503,173.0041,3.66E-09,9.87E-09,5.38E-09,1.20E-08,7.50E-10,1.77E-09,,
0:00:35,35007,174.7231,3.42E-09,9.87E-09,5.61E-09,1.06E-08,5.00E-10,2.15E-09,,
0:00:35,35511,176.8387,3.42E-09,1.21E-08,5.73E-09,1.06E-08,8.75E-10,2.46E-09,,
0:00:36,36015,179.8799,3.91E-09,1.10E-08,5.38E-09,1.13E-08,6.25E-10,2.76E-09,,
0:00:36,36519,183.0533,2.93E-09,1.43E-08,5.61E-09,1.11E-08,8.75E-10,2.84E-09,,
0:00:37,37023,187.2846,3.66E-09,1.43E-08,5.38E-09,1.00E-08,7.50E-10,2.69E-09,,
0:00:37,37527,191.648,2.93E-09,1.10E-08,5.26E-09,9.01E-09,7.50E-10,2.53E-09,,
0:00:38,38031,196.4082,3.42E-09,1.10E-08,5.02E-09,8.29E-09,7.50E-10,2.15E-09,,
0:00:38,38535,200.6394,3.42E-09,9.87E-09,4.54E-09,7.58E-09,6.25E-10,2.23E-09,,
0:00:39,39039,204.8706,3.42E-09,1.32E-08,4.90E-09,6.65E-09,6.25E-10,1.92E-09,,
0:00:39,39543,208.7052,3.66E-09,9.87E-09,4.30E-09,6.45E-09,6.25E-10,1.92E-09,,
0:00:40,40047,211.7464,3.18E-09,8.78E-09,4.18E-09,6.04E-09,7.50E-10,1.61E-09,,
0:00:40,40551,214.5231,3.42E-09,7.68E-09,4.30E-09,6.14E-09,6.25E-10,1.61E-09,,
0:00:41,41055,216.9032,2.93E-09,9.87E-09,4.18E-09,5.84E-09,5.00E-10,1.46E-09,,
0:00:41,41559,218.7544,3.42E-09,9.87E-09,4.06E-09,5.94E-09,6.25E-10,1.38E-09,,
0:00:42,42063,220.4733,3.42E-09,8.78E-09,4.18E-09,5.63E-09,5.00E-10,1.38E-09,,
0:00:42,42567,222.06,3.91E-09,7.68E-09,4.30E-09,5.43E-09,7.50E-10,1.38E-09,,
0:00:43,43071,223.2501,4.15E-09,7.68E-09,3.94E-09,6.04E-09,6.25E-10,1.38E-09,,
0:00:43,43575,224.4401,3.66E-09,7.68E-09,3.70E-09,5.53E-09,5.00E-10,1.38E-09,,
0:00:44,44079,225.3657,3.42E-09,8.78E-09,4.06E-09,5.43E-09,7.50E-10,1.54E-09,,
0:00:44,44583,226.4235,3.42E-09,8.78E-09,4.18E-09,5.84E-09,6.25E-10,1.61E-09,,
0:00:45,45087,227.6135,3.18E-09,8.78E-09,4.18E-09,5.53E-09,8.75E-10,1.54E-09,,
0:00:45,45591,228.5391,3.18E-09,7.68E-09,3.70E-09,5.43E-09,7.50E-10,1.46E-09,,
0:00:46,46095,229.9936,3.66E-09,7.68E-09,4.18E-09,5.94E-09,3.75E-10,1.61E-09,,
0:00:46,46599,231.1836,4.15E-09,1.10E-08,4.30E-09,6.45E-09,7.50E-10,1.54E-09,,
0:00:47,47103,232.9026,3.91E-09,8.78E-09,4.54E-09,6.55E-09,7.50E-10,1.69E-09,,
0:00:47,47607,234.7538,3.18E-09,1.10E-08,4.54E-09,6.76E-09,7.50E-10,1.84E-09,,
0:00:48,48111,236.7371,3.91E-09,8.78E-09,4.90E-09,7.27E-09,6.25E-10,1.69E-09,,
0:00:48,48615,238.5883,3.42E-09,8.78E-09,5.26E-09,7.27E-09,6.25E-10,1.84E-09,,
0:00:49,49119,240.8362,3.91E-09,9.87E-09,5.61E-09,7.47E-09,7.50E-10,1.84E-09,,
0:00:49,49623,243.4807,3.91E-09,8.78E-09,5.38E-09,7.58E-09,7.50E-10,2.15E-09,,
0:00:50,50127,246.1252,3.91E-09,8.78E-09,5.85E-09,7.47E-09,8.75E-10,1.61E-09,,
0:00:50,50631,248.5053,3.66E-09,1.10E-08,6.21E-09,7.78E-09,7.50E-10,1.77E-09,,
0:00:51,51135,251.282,3.91E-09,9.87E-09,5.97E-09,7.27E-09,6.25E-10,1.77E-09,,
0:00:51,51639,253.9265,3.66E-09,1.10E-08,5.85E-09,7.99E-09,6.25E-10,1.77E-09,,
0:00:52,52143,256.1744,3.66E-09,7.68E-09,6.33E-09,7.88E-09,7.50E-10,1.77E-09,,
0:00:52,52647,258.8189,3.42E-09,9.87E-09,5.97E-09,7.58E-09,8.75E-10,1.61E-09,,
0:00:53,53151,261.199,3.91E-09,1.21E-08,5.61E-09,7.88E-09,7.50E-10,1.69E-09,,
0:00:53,53655,263.3146,3.66E-09,9.87E-09,5.97E-09,7.47E-09,6.25E-10,1.61E-09,,
0:00:54,54159,265.4302,3.42E-09,8.78E-09,5.49E-09,7.47E-09,5.00E-10,1.61E-09,,
0:00:54,54663,267.4136,3.66E-09,1.10E-08,5.85E-09,7.27E-09,7.50E-10,1.54E-09,,
0:00:55,55167,269.397,3.42E-09,9.87E-09,5.97E-09,7.06E-09,5.00E-10,1.61E-09,,
0:00:55,55671,271.2482,3.42E-09,8.78E-09,5.85E-09,7.78E-09,6.25E-10,1.69E-09,,
0:00:56,56175,272.8349,3.18E-09,1.21E-08,6.09E-09,7.17E-09,6.25E-10,1.54E-09,,
0:00:56,56679,274.9505,3.18E-09,9.87E-09,5.61E-09,7.78E-09,7.50E-10,1.38E-09,,
0:00:57,57183,276.5372,3.66E-09,1.10E-08,5.73E-09,8.09E-09,6.25E-10,1.54E-09,,
0:00:57,57687,278.2562,3.66E-09,9.87E-09,5.73E-09,7.88E-09,5.00E-10,1.46E-09,,
0:00:58,58191,280.1073,3.18E-09,1.10E-08,5.73E-09,8.19E-09,7.50E-10,1.54E-09,,
0:00:58,58695,281.8263,4.15E-09,9.87E-09,5.85E-09,8.29E-09,8.75E-10,1.54E-09,,
0:00:59,59199,283.5452,3.18E-09,1.21E-08,5.97E-09,8.50E-09,5.00E-10,1.61E-09,,
0:00:59,59703,285.6608,3.66E-09,9.87E-09,5.73E-09,8.50E-09,5.00E-10,1.54E-09,,
0:01:00,60207,287.2475,3.42E-09,9.87E-09,5.02E-09,8.80E-09,7.50E-10,1.61E-09,,
0:01:00,60711,289.892,3.91E-09,8.78E-09,5.14E-09,9.52E-09,7.50E-10,1.61E-09,,
0:01:01,61215,291.611,3.42E-09,1.10E-08,5.49E-09,9.42E-09,6.25E-10,1.61E-09,,
0:01:01,61719,293.7266,3.66E-09,9.87E-09,5.61E-09,9.73E-09,6.25E-10,1.69E-09,,
0:01:02,62223,295.71,3.91E-09,8.78E-09,5.02E-09,1.06E-08,6.25E-10,1.69E-09,,
0:01:02,62727,298.0901,4.40E-09,7.68E-09,4.78E-09,1.10E-08,7.50E-10,1.61E-09,,
0:01:03,63231,300.0735,4.15E-09,1.21E-08,4.78E-09,1.09E-08,5.00E-10,1.54E-09,,
0:01:03,63735,302.1891,3.66E-09,9.87E-09,4.78E-09,1.12E-08,5.00E-10,1.61E-09,,
0:01:04,64239,304.5692,3.91E-09,9.87E-09,4.78E-09,1.17E-08,5.00E-10,1.61E-09,,
0:01:04,64743,306.817,3.91E-09,9.87E-09,4.66E-09,1.22E-08,6.25E-10,1.54E-09,,
0:01:05,65247,308.6682,3.66E-09,8.78E-09,4.78E-09,1.23E-08,6.25E-10,1.54E-09,,
0:01:05,65751,310.6516,3.66E-09,1.10E-08,4.54E-09,1.24E-08,6.25E-10,1.38E-09,,
0:01:06,66255,312.7672,4.15E-09,8.78E-09,4.54E-09,1.22E-08,6.25E-10,1.46E-09,,
0:01:06,66759,314.8828,3.18E-09,8.78E-09,4.54E-09,1.30E-08,7.50E-10,1.38E-09,,
0:01:07,67263,316.734,3.18E-09,7.68E-09,4.66E-09,1.34E-08,8.75E-10,1.46E-09,,
0:01:07,67767,318.8496,3.66E-09,9.87E-09,4.18E-09,1.39E-08,5.00E-10,1.46E-09,,
0:01:08,68271,320.833,3.66E-09,8.78E-09,4.54E-09,1.44E-08,7.50E-10,1.46E-09,,
0:01:08,68775,322.9486,4.15E-09,7.68E-09,4.30E-09,1.52E-08,6.25E-10,1.61E-09,,
0:01:09,69279,324.5353,3.42E-09,9.87E-09,4.42E-09,1.53E-08,6.25E-10,1.46E-09,,
0:01:09,69783,326.7832,3.91E-09,1.10E-08,4.78E-09,1.57E-08,3.75E-10,1.61E-09,,
0:01:10,70287,328.6343,3.91E-09,1.10E-08,4.78E-09,1.63E-08,5.00E-10,1.38E-09,,
0:01:10,70791,330.6177,3.91E-09,9.87E-09,4.42E-09,1.70E-08,7.50E-10,1.69E-09,,
0:01:11,71295,332.7333,4.15E-09,9.87E-09,4.54E-09,1.77E-08,6.25E-10,1.54E-09,,
0:01:11,71799,334.5845,3.66E-09,9.87E-09,4.30E-09,1.82E-08,6.25E-10,1.61E-09,,
0:01:12,72303,336.7001,4.15E-09,9.87E-09,4.54E-09,1.84E-08,6.25E-10,1.69E-09,,
0:01:12,72807,338.5513,3.91E-09,1.10E-08,4.66E-09,1.91E-08,3.75E-10,1.61E-09,,
0:01:13,73311,340.5347,3.91E-09,9.87E-09,4.66E-09,2.05E-08,7.50E-10,1.46E-09,,
0:01:13,73815,342.9148,3.66E-09,1.10E-08,4.66E-09,2.11E-08,6.25E-10,1.54E-09,,
0:01:14,74319,344.6337,3.91E-09,1.10E-08,4.54E-09,2.12E-08,6.25E-10,1.61E-09,,
0:01:14,74823,346.7493,4.15E-09,1.10E-08,4.90E-09,2.17E-08,8.75E-10,1.46E-09,,
0:01:15,75327,348.6005,3.66E-09,9.87E-09,4.78E-09,2.22E-08,6.25E-10,1.54E-09,,
0:01:15,75831,350.9805,4.15E-09,1.10E-08,4.78E-09,2.32E-08,5.00E-10,1.54E-09,,
0:01:16,76335,352.8317,4.40E-09,9.87E-09,4.66E-09,2.41E-08,7.50E-10,1.61E-09,,
0:01:16,76839,355.2118,3.91E-09,8.78E-09,4.78E-09,2.44E-08,6.25E-10,1.54E-09,,
0:01:17,77343,357.0629,4.15E-09,8.78E-09,5.14E-09,2.55E-08,5.00E-10,1.54E-09,,
0:01:17,77847,359.1786,3.91E-09,8.78E-09,4.42E-09,2.54E-08,6.25E-10,1.38E-09,,
0:01:18,78351,361.2942,4.15E-09,8.78E-09,4.90E-09,2.70E-08,5.00E-10,1.38E-09,,
0:01:18,78855,363.1453,3.66E-09,1.10E-08,4.66E-09,2.83E-08,6.25E-10,1.38E-09,,
0:01:19,79359,365.6576,4.15E-09,8.78E-09,4.90E-09,2.86E-08,7.50E-10,1.54E-09,,
0:01:19,79863,367.2444,3.91E-09,8.78E-09,4.90E-09,3.01E-08,7.50E-10,1.38E-09,,
0:01:20,80367,369.2278,3.91E-09,9.87E-09,5.14E-09,3.18E-08,7.50E-10,1.61E-09,,
0:01:20,80871,371.3434,3.91E-09,1.10E-08,4.90E-09,3.36E-08,5.00E-10,1.31E-09,,
0:01:21,81375,373.1945,3.91E-09,8.78E-09,4.78E-09,3.50E-08,6.25E-10,1.54E-09,,
0:01:21,81879,375.0457,3.91E-09,8.78E-09,4.78E-09,3.64E-08,7.50E-10,1.54E-09,,
0:01:22,82383,377.1613,3.42E-09,7.68E-09,5.02E-09,3.83E-08,6.25E-10,1.54E-09,,
0:01:22,82887,379.2769,3.91E-09,8.78E-09,4.78E-09,4.07E-08,6.25E-10,1.54E-09,,
0:01:23,83391,381.2603,4.40E-09,1.10E-08,5.14E-09,4.32E-08,6.25E-10,1.38E-09,,
0:01:23,83895,383.376,4.15E-09,7.68E-09,4.90E-09,4.60E-08,6.25E-10,1.46E-09,,
0:01:24,84399,385.2271,3.91E-09,9.87E-09,4.78E-09,4.89E-08,6.25E-10,1.54E-09,,
0:01:24,84903,387.0783,3.91E-09,8.78E-09,4.66E-09,5.04E-08,5.00E-10,1.54E-09,,
0:01:25,85407,389.4584,3.42E-09,1.10E-08,5.14E-09,5.41E-08,5.00E-10,1.54E-09,,
0:01:25,85911,391.1773,4.64E-09,7.68E-09,5.61E-09,5.85E-08,7.50E-10,1.61E-09,,
0:01:26,86415,393.2929,3.42E-09,8.78E-09,4.66E-09,6.06E-08,5.00E-10,1.54E-09,,
0:01:26,86919,395.5408,3.91E-09,7.68E-09,4.78E-09,6.48E-08,6.25E-10,1.46E-09,,
0:01:27,87423,397.3919,4.64E-09,8.78E-09,4.54E-09,6.81E-08,6.25E-10,1.69E-09,,
0:01:27,87927,399.5076,3.66E-09,9.87E-09,4.90E-09,7.13E-08,5.00E-10,1.61E-09,,
0:01:28,88431,401.0943,3.42E-09,8.78E-09,4.42E-09,7.53E-08,5.00E-10,1.38E-09,,
0:01:28,88935,403.3421,3.91E-09,8.78E-09,5.02E-09,7.66E-08,6.25E-10,1.54E-09,,
0:01:29,89439,405.59,3.91E-09,7.68E-09,5.14E-09,8.00E-08,6.25E-10,1.46E-09,,
0:01:29,89943,407.4411,3.66E-09,9.87E-09,5.26E-09,8.22E-08,6.25E-10,1.46E-09,,
0:01:30,90447,409.2923,4.89E-09,8.78E-09,4.54E-09,8.58E-08,6.25E-10,1.46E-09,,
0:01:30,90951,411.8046,3.91E-09,8.78E-09,4.78E-09,8.94E-08,6.25E-10,1.38E-09,,
0:01:31,91455,413.3913,4.15E-09,8.78E-09,5.02E-09,9.12E-08,6.25E-10,1.54E-09,,
0:01:31,91959,415.5069,3.66E-09,9.87E-09,4.54E-09,9.53E-08,5.00E-10,1.54E-09,,
0:01:32,92463,417.4903,4.15E-09,9.87E-09,5.02E-09,9.55E-08,6.25E-10,1.69E-09,,
0:01:32,92967,419.6059,4.15E-09,1.10E-08,4.66E-09,1.00E-07,6.25E-10,1.46E-09,,
0:01:33,93471,421.7216,3.18E-09,1.10E-08,4.66E-09,1.03E-07,8.75E-10,1.38E-09,,
0:01:33,93975,423.5727,3.66E-09,9.87E-09,5.14E-09,1.06E-07,8.75E-10,1.54E-09,,
0:01:34,94479,425.2916,3.91E-09,8.78E-09,4.78E-09,1.06E-07,7.50E-10,1.46E-09,,
0:01:34,94983,427.8039,4.15E-09,1.10E-08,4.78E-09,1.08E-07,5.00E-10,1.38E-09,,
0:01:35,95487,429.7873,4.15E-09,1.10E-08,4.90E-09,1.09E-07,6.25E-10,1.31E-09,,
0:01:35,95991,431.6385,3.66E-09,9.87E-09,5.14E-09,1.11E-07,6.25E-10,1.61E-09,,
0:01:36,96495,433.6219,3.66E-09,8.78E-09,5.14E-09,1.10E-07,6.25E-10,1.54E-09,,
0:01:36,96999,435.7375,3.66E-09,9.87E-09,5.02E-09,1.08E-07,7.50E-10,1.46E-09,,
0:01:37,97503,437.5887,3.91E-09,1.10E-08,4.90E-09,1.12E-07,6.25E-10,1.61E-09,,
0:01:38,98007,439.8365,3.66E-09,1.10E-08,4.78E-09,1.13E-07,6.25E-10,1.38E-09,,
0:01:38,98511,441.8199,3.42E-09,9.87E-09,5.26E-09,1.14E-07,6.25E-10,1.54E-09,,
0:01:39,99015,443.9355,4.15E-09,8.78E-09,5.02E-09,1.14E-07,6.25E-10,1.69E-09,,
0:01:39,99519,445.7867,4.15E-09,8.78E-09,4.78E-09,1.17E-07,6.25E-10,1.54E-09,,
0:01:40,100023,447.9023,3.42E-09,7.68E-09,4.90E-09,1.21E-07,5.00E-10,1.61E-09,,
0:01:40,100527,449.8857,3.18E-09,9.87E-09,5.26E-09,1.23E-07,6.25E-10,1.61E-09,,
0:01:41,101031,452.2658,3.66E-09,9.87E-09,5.02E-09,1.24E-07,6.25E-10,1.54E-09,,
0:01:41,101535,453.8525,3.91E-09,1.10E-08,4.78E-09,1.27E-07,5.00E-10,1.69E-09,,
0:01:42,102039,455.8359,4.40E-09,1.10E-08,5.26E-09,1.31E-07,7.50E-10,1.46E-09,,
0:01:42,102543,457.9515,3.91E-09,8.78E-09,4.90E-09,1.33E-07,5.00E-10,1.61E-09,,
0:01:43,103047,459.9349,3.42E-09,9.87E-09,5.26E-09,1.35E-07,6.25E-10,1.46E-09,,
0:01:43,103551,461.9183,3.91E-09,1.21E-08,5.02E-09,1.35E-07,5.00E-10,1.54E-09,,
0:01:44,104055,463.9017,3.66E-09,8.78E-09,5.02E-09,1.37E-07,6.25E-10,1.46E-09,,
0:01:44,104559,466.0173,3.66E-09,1.32E-08,4.90E-09,1.38E-07,6.25E-10,1.54E-09,,
0:01:45,105063,468.0007,3.66E-09,9.87E-09,5.38E-09,1.40E-07,6.25E-10,1.61E-09,,
0:01:45,105567,470.1163,3.66E-09,9.87E-09,5.02E-09,1.40E-07,5.00E-10,1.54E-09,,
0:01:46,106071,472.3642,3.91E-09,1.10E-08,5.02E-09,1.42E-07,6.25E-10,1.38E-09,,
0:01:46,106575,474.0831,3.91E-09,1.10E-08,5.49E-09,1.42E-07,3.75E-10,1.61E-09,,
0:01:47,107079,475.9343,3.42E-09,9.87E-09,4.90E-09,1.46E-07,6.25E-10,1.61E-09,,
0:01:47,107583,478.1821,2.69E-09,1.10E-08,4.66E-09,1.45E-07,5.00E-10,1.61E-09,,
0:01:48,108087,480.1655,3.18E-09,1.10E-08,5.38E-09,1.48E-07,3.75E-10,1.46E-09,,
0:01:48,108591,482.2811,3.66E-09,8.78E-09,5.14E-09,1.50E-07,7.50E-10,1.46E-09,,
0:01:49,109095,484.1323,3.42E-09,1.21E-08,4.90E-09,1.51E-07,5.00E-10,1.61E-09,,
0:01:49,109599,486.3802,3.66E-09,1.32E-08,5.38E-09,1.57E-07,5.00E-10,1.54E-09,,
0:01:50,110103,488.0991,4.15E-09,1.32E-08,5.49E-09,1.72E-07,5.00E-10,1.69E-09,,
0:01:50,110607,490.0825,3.66E-09,1.10E-08,5.14E-09,1.86E-07,3.75E-10,1.46E-09,,
0:01:51,111111,492.3303,3.42E-09,1.21E-08,5.26E-09,2.06E-07,6.25E-10,1.61E-09,,
0:01:51,111615,494.1815,3.91E-09,1.32E-08,5.26E-09,2.20E-07,5.00E-10,1.61E-09,,
0:01:52,112119,496.2971,3.18E-09,1.21E-08,5.38E-09,2.35E-07,6.25E-10,1.77E-09,,
0:01:52,112623,498.6772,3.42E-09,1.32E-08,5.14E-09,2.39E-07,6.25E-10,1.38E-09,,
0:01:53,113127,500.5283,3.18E-09,1.21E-08,5.14E-09,2.35E-07,5.00E-10,1.54E-09,,
0:01:53,113631,502.5117,3.91E-09,1.10E-08,5.26E-09,2.26E-07,7.50E-10,1.61E-09,,
0:01:54,114135,504.4951,3.18E-09,1.21E-08,5.61E-09,2.12E-07,5.00E-10,1.61E-09,,
0:01:54,114639,506.4785,3.42E-09,1.32E-08,5.14E-09,1.96E-07,5.00E-10,1.54E-09,,
0:01:55,115143,508.5941,3.18E-09,1.21E-08,5.26E-09,1.76E-07,6.25E-10,1.38E-09,,
0:01:55,115647,510.5775,3.91E-09,1.21E-08,5.26E-09,1.55E-07,6.25E-10,1.54E-09,,
0:01:56,116151,512.6931,4.15E-09,1.10E-08,5.85E-09,1.32E-07,6.25E-10,1.38E-09,,
0:01:56,116655,514.6765,3.66E-09,8.78E-09,5.61E-09,1.07E-07,5.00E-10,1.38E-09,,
0:01:57,117159,517.0566,3.66E-09,9.87E-09,4.90E-09,8.14E-08,6.25E-10,1.38E-09,,
0:01:57,117663,518.7755,3.18E-09,7.68E-09,5.73E-09,6.21E-08,5.00E-10,1.46E-09,,
0:01:58,118167,520.4945,3.91E-09,8.78E-09,5.61E-09,4.67E-08,6.25E-10,1.54E-09,,
0:01:58,118671,522.6101,3.66E-09,7.68E-09,5.61E-09,3.53E-08,6.25E-10,1.31E-09,,
0:01:59,119175,524.7257,3.91E-09,8.78E-09,5.38E-09,2.77E-08,5.00E-10,1.46E-09,,
0:01:59,119679,526.7091,3.91E-09,9.87E-09,5.61E-09,2.20E-08,5.00E-10,1.38E-09,,
0:02:00,120183,528.8247,3.91E-09,7.68E-09,5.73E-09,1.87E-08,6.25E-10,1.23E-09,,
0:02:00,120687,530.9403,3.66E-09,7.68E-09,5.26E-09,1.49E-08,6.25E-10,1.31E-09,,
0:02:01,121191,532.7915,3.91E-09,9.87E-09,5.73E-09,1.33E-08,5.00E-10,1.23E-09,,
0:02:01,121695,534.7749,3.66E-09,8.78E-09,5.61E-09,1.16E-08,5.00E-10,1.08E-09,,
0:02:02,122199,536.8905,3.66E-09,9.87E-09,5.61E-09,1.05E-08,5.00E-10,1.31E-09,,
0:02:02,122703,538.8739,3.91E-09,9.87E-09,5.61E-09,9.21E-09,5.00E-10,1.31E-09,,
0:02:03,123207,541.1218,3.91E-09,8.78E-09,5.85E-09,8.19E-09,5.00E-10,1.23E-09,,
0:02:03,123711,542.9729,3.66E-09,7.68E-09,5.73E-09,8.60E-09,6.25E-10,1.38E-09,,
0:02:04,124215,545.0885,3.91E-09,8.78E-09,5.73E-09,7.78E-09,5.00E-10,1.23E-09,,
0:02:04,124719,546.9397,4.15E-09,7.68E-09,5.85E-09,7.58E-09,5.00E-10,1.23E-09,,
0:02:05,125223,548.9231,3.91E-09,9.87E-09,5.73E-09,7.06E-09,5.00E-10,1.23E-09,,
0:02:05,125727,551.0387,3.91E-09,8.78E-09,5.73E-09,6.76E-09,5.00E-10,1.23E-09,,
0:02:06,126231,553.0221,3.91E-09,7.68E-09,5.85E-09,7.17E-09,6.25E-10,1.31E-09,,
0:02:06,126735,555.27,3.66E-09,7.68E-09,5.61E-09,6.65E-09,5.00E-10,1.08E-09,,
0:02:07,127239,557.2534,3.91E-09,8.78E-09,5.85E-09,6.55E-09,6.25E-10,1.31E-09,,
0:02:07,127743,559.1045,4.15E-09,1.10E-08,5.73E-09,6.76E-09,5.00E-10,1.38E-09,,
0:02:08,128247,560.8234,3.66E-09,7.68E-09,6.33E-09,6.76E-09,3.75E-10,1.31E-09,,
0:02:08,128751,563.0713,3.66E-09,9.87E-09,5.73E-09,6.45E-09,5.00E-10,1.23E-09,,
0:02:09,129255,565.1869,3.91E-09,9.87E-09,5.85E-09,6.25E-09,6.25E-10,1.15E-09,,
0:02:09,129759,567.1703,3.91E-09,7.68E-09,6.33E-09,6.25E-09,6.25E-10,1.31E-09,,
0:02:10,130263,569.0215,3.66E-09,7.68E-09,5.73E-09,6.25E-09,5.00E-10,1.23E-09,,
0:02:10,130767,571.4016,3.66E-09,7.68E-09,5.97E-09,6.35E-09,3.75E-10,1.23E-09,,
0:02:11,131271,573.385,3.66E-09,8.78E-09,6.69E-09,5.94E-09,6.25E-10,1.23E-09,,
0:02:11,131775,575.1039,3.91E-09,8.78E-09,6.45E-09,6.25E-09,5.00E-10,1.23E-09,,
0:02:12,132279,576.955,3.91E-09,8.78E-09,6.21E-09,6.04E-09,5.00E-10,1.23E-09,,
0:02:12,132783,579.2029,3.91E-09,7.68E-09,6.33E-09,6.04E-09,5.00E-10,1.23E-09,,
0:02:13,133287,581.1863,4.40E-09,6.58E-09,6.57E-09,6.04E-09,5.00E-10,1.46E-09,,
0:02:13,133791,583.1697,4.64E-09,8.78E-09,6.09E-09,5.94E-09,5.00E-10,1.38E-09,,
0:02:14,134295,585.1531,3.66E-09,8.78E-09,5.97E-09,6.04E-09,3.75E-10,1.38E-09,,
0:02:14,134799,587.5332,4.15E-09,9.87E-09,6.33E-09,6.14E-09,6.25E-10,1.38E-09,,
0:02:15,135303,589.1198,3.91E-09,9.87E-09,6.69E-09,6.04E-09,6.25E-10,1.23E-09,,
0:02:15,135807,591.2355,3.66E-09,8.78E-09,6.33E-09,5.94E-09,6.25E-10,1.38E-09,,
0:02:16,136311,593.2189,3.66E-09,8.78E-09,6.33E-09,6.25E-09,6.25E-10,1.31E-09,,
0:02:16,136815,595.2023,4.15E-09,7.68E-09,6.69E-09,6.35E-09,5.00E-10,1.38E-09,,
0:02:17,137319,597.4501,3.91E-09,9.87E-09,6.69E-09,5.84E-09,6.25E-10,1.23E-09,,
0:02:17,137823,599.4335,3.91E-09,9.87E-09,6.69E-09,5.94E-09,6.25E-10,1.38E-09,,
0:02:18,138327,601.2847,4.64E-09,9.87E-09,6.45E-09,5.43E-09,5.00E-10,1.23E-09,,
0:02:18,138831,603.6648,3.91E-09,9.87E-09,6.57E-09,5.94E-09,7.50E-10,1.31E-09,,
0:02:19,139335,605.3837,3.91E-09,7.68E-09,6.93E-09,6.25E-09,5.00E-10,1.31E-09,,
0:02:19,139839,607.6316,3.91E-09,1.10E-08,6.69E-09,5.94E-09,6.25E-10,1.46E-09,,
0:02:20,140343,609.4827,4.15E-09,7.68E-09,6.21E-09,5.63E-09,5.00E-10,1.23E-09,,
0:02:20,140847,611.995,3.91E-09,9.87E-09,6.57E-09,6.04E-09,3.75E-10,1.31E-09,,
0:02:21,141351,613.714,4.40E-09,7.68E-09,6.69E-09,5.84E-09,5.00E-10,1.38E-09,,
0:02:21,141855,615.6974,3.91E-09,7.68E-09,6.33E-09,5.94E-09,6.25E-10,1.23E-09,,
0:02:22,142359,617.6807,4.15E-09,8.78E-09,6.57E-09,5.73E-09,5.00E-10,1.38E-09,,
0:02:22,142863,619.7963,3.91E-09,8.78E-09,6.93E-09,6.14E-09,6.25E-10,1.23E-09,,
0:02:23,143367,621.6475,3.42E-09,6.58E-09,6.93E-09,5.73E-09,6.25E-10,1.23E-09,,
0:02:23,143871,623.8953,3.91E-09,7.68E-09,6.57E-09,5.94E-09,3.75E-10,1.23E-09,,
0:02:24,144375,625.6143,4.15E-09,8.78E-09,6.69E-09,5.73E-09,6.25E-10,1.54E-09,,
0:02:24,144879,627.9943,3.42E-09,9.87E-09,7.05E-09,5.94E-09,3.75E-10,1.23E-09,,
0:02:25,145383,629.8455,3.91E-09,9.87E-09,6.81E-09,5.73E-09,6.25E-10,1.31E-09,,
0:02:25,145887,631.9611,3.66E-09,1.10E-08,6.81E-09,6.04E-09,5.00E-10,1.46E-09,,
0:02:26,146391,633.8123,4.15E-09,7.68E-09,6.57E-09,6.04E-09,7.50E-10,1.38E-09,,
0:02:26,146895,635.7957,3.42E-09,8.78E-09,6.93E-09,5.94E-09,5.00E-10,1.23E-09,,
0:02:27,147399,638.0435,4.15E-09,7.68E-09,6.81E-09,5.63E-09,6.25E-10,1.38E-09,,
0:02:27,147903,640.0269,4.15E-09,8.78E-09,7.29E-09,6.04E-09,6.25E-10,1.31E-09,,
0:02:28,148407,642.0103,3.66E-09,8.78E-09,7.05E-09,5.43E-09,5.00E-10,1.31E-09,,
0:02:28,148911,643.9937,4.40E-09,8.78E-09,7.17E-09,5.84E-09,5.00E-10,1.38E-09,,
0:02:29,149415,645.9771,3.42E-09,8.78E-09,6.93E-09,5.94E-09,6.25E-10,1.38E-09,,
0:02:29,149919,647.9605,3.66E-09,8.78E-09,7.17E-09,5.94E-09,6.25E-10,1.38E-09,,
0:02:30,150423,650.0761,3.66E-09,8.78E-09,6.93E-09,5.73E-09,6.25E-10,1.31E-09,,
0:02:30,150927,651.9273,4.15E-09,7.68E-09,7.41E-09,5.84E-09,5.00E-10,1.23E-09,,
0:02:31,151431,653.7785,3.18E-09,7.68E-09,6.93E-09,5.63E-09,2.50E-10,1.31E-09,,
0:02:31,151935,655.8941,2.93E-09,9.87E-09,6.93E-09,6.14E-09,7.50E-10,1.46E-09,,
0:02:32,152439,658.0097,3.91E-09,6.58E-09,7.41E-09,5.53E-09,6.25E-10,1.46E-09,,
0:02:32,152943,660.2575,3.91E-09,8.78E-09,7.53E-09,5.63E-09,6.25E-10,1.31E-09,,
0:02:33,153447,662.2409,3.91E-09,7.68E-09,7.29E-09,5.94E-09,5.00E-10,1.23E-09,,
0:02:33,153951,663.9599,4.15E-09,1.10E-08,7.53E-09,5.53E-09,5.00E-10,1.38E-09,,
0:02:34,154455,666.2077,4.15E-09,9.87E-09,7.29E-09,5.84E-09,5.00E-10,1.15E-09,,
0:02:34,154959,668.0589,3.42E-09,8.78E-09,7.29E-09,5.63E-09,5.00E-10,1.61E-09,,
0:02:35,155463,670.1745,4.15E-09,1.10E-08,7.05E-09,5.84E-09,5.00E-10,1.46E-09,,
0:02:35,155967,672.2901,4.40E-09,8.78E-09,7.29E-09,5.73E-09,5.00E-10,1.23E-09,,
0:02:36,156471,674.2735,3.42E-09,8.78E-09,7.76E-09,5.94E-09,7.50E-10,1.38E-09,,
0:02:36,156975,676.1247,3.42E-09,9.87E-09,7.41E-09,5.63E-09,5.00E-10,1.23E-09,,
0:02:37,157479,678.3725,4.15E-09,8.78E-09,7.53E-09,5.73E-09,6.25E-10,1.31E-09,,
0:02:37,157983,680.3559,3.66E-09,9.87E-09,7.64E-09,5.84E-09,7.50E-10,1.15E-09,,
0:02:38,158487,682.2071,3.91E-09,8.78E-09,7.64E-09,5.53E-09,6.25E-10,1.38E-09,,
0:02:38,158991,684.0583,3.18E-09,8.78E-09,7.29E-09,5.73E-09,5.00E-10,1.31E-09,,
0:02:39,159495,686.3061,3.91E-09,9.87E-09,7.76E-09,5.73E-09,3.75E-10,1.15E-09,,
0:02:39,159999,688.1573,4.40E-09,8.78E-09,7.53E-09,6.04E-09,5.00E-10,1.15E-09,,
0:02:40,160503,690.4051,4.40E-09,9.87E-09,7.76E-09,5.63E-09,5.00E-10,1.31E-09,,
0:02:41,161007,692.5207,3.42E-09,9.87E-09,7.29E-09,5.84E-09,6.25E-10,1.23E-09,,
0:02:41,161511,694.3719,4.15E-09,8.78E-09,7.64E-09,5.84E-09,5.00E-10,1.31E-09,,
0:02:42,162015,696.4875,4.15E-09,8.78E-09,7.64E-09,5.84E-09,6.25E-10,1.38E-09,,
0:02:42,162519,698.4709,3.42E-09,9.87E-09,7.76E-09,5.94E-09,5.00E-10,1.38E-09,,
0:02:43,163023,700.5865,3.42E-09,1.10E-08,8.24E-09,5.32E-09,7.50E-10,1.23E-09,,
0:02:43,163527,702.8344,3.66E-09,7.68E-09,7.76E-09,6.04E-09,5.00E-10,1.31E-09,,
0:02:44,164031,704.5533,4.15E-09,8.78E-09,7.76E-09,5.73E-09,7.50E-10,1.38E-09,,
0:02:44,164535,706.5367,3.66E-09,8.78E-09,8.00E-09,5.73E-09,5.00E-10,1.31E-09,,
0:02:45,165039,708.7846,3.91E-09,1.21E-08,8.00E-09,5.84E-09,7.50E-10,1.38E-09,,
0:02:45,165543,710.6357,3.66E-09,9.87E-09,7.88E-09,5.84E-09,6.25E-10,1.23E-09,,
0:02:46,166047,712.7513,3.66E-09,1.10E-08,8.24E-09,5.94E-09,5.00E-10,1.38E-09,,
0:02:46,166551,714.7347,4.40E-09,9.87E-09,8.36E-09,6.04E-09,3.75E-10,1.38E-09,,
0:02:47,167055,716.5859,3.91E-09,9.87E-09,8.48E-09,5.63E-09,6.25E-10,1.38E-09,,
0:02:47,167559,718.7015,4.15E-09,1.10E-08,8.24E-09,5.84E-09,6.25E-10,1.23E-09,,
0:02:48,168063,720.6849,3.91E-09,7.68E-09,8.00E-09,5.84E-09,5.00E-10,1.46E-09,,
0:02:48,168567,722.6683,3.91E-09,8.78E-09,8.48E-09,6.14E-09,6.25E-10,1.31E-09,,
0:02:49,169071,724.9162,3.91E-09,1.10E-08,8.00E-09,5.73E-09,7.50E-10,1.31E-09,,
0:02:49,169575,726.8995,3.91E-09,8.78E-09,8.00E-09,5.63E-09,6.25E-10,1.15E-09,,
0:02:50,170079,728.8829,4.40E-09,1.10E-08,8.24E-09,6.25E-09,6.25E-10,1.31E-09,,
0:02:50,170583,730.8663,3.66E-09,1.10E-08,8.36E-09,5.73E-09,2.50E-10,1.54E-09,,
0:02:51,171087,732.7175,3.91E-09,9.87E-09,9.32E-09,5.84E-09,5.00E-10,1.23E-09,,
0:02:51,171591,734.8331,4.15E-09,1.10E-08,8.36E-09,6.04E-09,5.00E-10,1.38E-09,,
0:02:52,172095,736.9487,3.91E-09,9.87E-09,8.72E-09,6.14E-09,6.25E-10,1.38E-09,,
0:02:52,172599,738.6676,3.66E-09,1.21E-08,8.36E-09,5.73E-09,5.00E-10,1.31E-09,,
0:02:53,173103,740.9155,3.66E-09,9.87E-09,8.48E-09,5.63E-09,7.50E-10,1.46E-09,,
0:02:53,173607,743.1634,3.66E-09,8.78E-09,8.72E-09,6.14E-09,6.25E-10,1.15E-09,,
0:02:54,174111,745.0145,3.91E-09,8.78E-09,8.48E-09,5.73E-09,3.75E-10,1.38E-09,,
0:02:54,174615,746.9979,3.66E-09,8.78E-09,8.96E-09,6.25E-09,5.00E-10,1.46E-09,,
0:02:55,175119,748.8491,3.91E-09,9.87E-09,8.84E-09,6.35E-09,5.00E-10,1.23E-09,,
0:02:55,175623,750.9647,3.91E-09,8.78E-09,8.96E-09,5.94E-09,6.25E-10,1.23E-09,,
0:02:56,176127,752.9481,4.15E-09,9.87E-09,8.36E-09,5.84E-09,6.25E-10,1.31E-09,,
0:02:56,176631,754.9315,4.40E-09,9.87E-09,8.84E-09,6.14E-09,5.00E-10,1.46E-09,,
0:02:57,177135,756.9149,3.91E-09,9.87E-09,8.96E-09,5.63E-09,5.00E-10,1.38E-09,,
0:02:57,177639,759.0305,3.66E-09,1.32E-08,8.96E-09,5.73E-09,3.75E-10,1.31E-09,,
0:02:58,178143,761.0139,4.15E-09,8.78E-09,9.08E-09,5.63E-09,5.00E-10,1.31E-09,,
0:02:58,178647,763.1295,3.91E-09,1.10E-08,9.20E-09,5.94E-09,6.25E-10,1.15E-09,,
0:02:59,179151,765.1129,3.91E-09,8.78E-09,8.96E-09,5.94E-09,5.00E-10,1.31E-09,,
0:02:59,179655,767.0963,3.18E-09,1.10E-08,8.84E-09,5.63E-09,6.25E-10,1.15E-09,,
0:03:00,180159,768.9475,4.15E-09,9.87E-09,9.08E-09,6.04E-09,5.00E-10,1.38E-09,,
0:03:00,180663,771.0631,4.40E-09,8.78E-09,9.08E-09,5.73E-09,5.00E-10,1.38E-09,,
0:03:01,181167,773.1787,3.66E-09,9.87E-09,8.84E-09,5.84E-09,3.75E-10,1.38E-09,,
0:03:01,181671,775.1621,3.42E-09,9.87E-09,9.68E-09,6.14E-09,5.00E-10,1.31E-09,,
0:03:02,182175,777.1455,3.66E-09,8.78E-09,9.44E-09,6.25E-09,6.25E-10,1.38E-09,,
0:03:02,182679,779.3933,3.18E-09,1.10E-08,9.56E-09,5.84E-09,6.25E-10,1.38E-09,,
0:03:03,183183,781.2445,3.66E-09,1.10E-08,9.79E-09,6.14E-09,5.00E-10,1.54E-09,,
0:03:03,183687,783.3601,4.40E-09,8.78E-09,9.56E-09,6.04E-09,7.50E-10,1.38E-09,,
0:03:04,184191,785.3435,3.91E-09,1.10E-08,9.20E-09,6.14E-09,6.25E-10,1.38E-09,,
0:03:04,184695,787.3269,3.66E-09,9.87E-09,9.56E-09,5.73E-09,6.25E-10,1.54E-09,,
0:03:05,185199,789.1781,3.66E-09,8.78E-09,9.44E-09,5.94E-09,5.00E-10,1.46E-09,,
0:03:05,185703,791.2937,3.66E-09,8.78E-09,9.68E-09,6.14E-09,5.00E-10,1.46E-09,,
0:03:06,186207,793.2771,4.15E-09,8.78E-09,9.79E-09,6.14E-09,5.00E-10,1.38E-09,,
0:03:06,186711,795.3927,3.66E-09,1.21E-08,9.68E-09,6.04E-09,3.75E-10,1.38E-09,,
0:03:07,187215,797.5083,3.66E-09,9.87E-09,9.56E-09,6.14E-09,6.25E-10,1.38E-09,,
0:03:07,187719,799.4917,4.64E-09,1.10E-08,9.44E-09,5.94E-09,5.00E-10,1.31E-09,,
0:03:08,188223,801.4751,4.40E-09,1.21E-08,9.32E-09,5.84E-09,7.50E-10,1.46E-09,,
0:03:08,188727,803.5907,3.91E-09,1.10E-08,1.02E-08,6.14E-09,6.25E-10,1.31E-09,,
0:03:09,189231,805.7063,3.66E-09,1.21E-08,9.56E-09,5.73E-09,5.00E-10,1.38E-09,,
0:03:09,189735,807.6897,3.91E-09,8.78E-09,9.91E-09,6.25E-09,6.25E-10,1.23E-09,,
0:03:10,190239,809.4087,4.15E-09,9.87E-09,9.56E-09,5.73E-09,7.50E-10,1.38E-09,,
0:03:10,190743,811.5243,4.64E-09,7.68E-09,9.68E-09,6.14E-09,7.50E-10,1.46E-09,,
0:03:11,191247,813.6399,3.42E-09,9.87E-09,9.79E-09,6.35E-09,8.75E-10,1.38E-09,,
0:03:11,191751,815.8877,4.15E-09,1.21E-08,1.03E-08,5.84E-09,5.00E-10,1.31E-09,,
0:03:12,192255,817.6067,3.91E-09,8.78E-09,9.68E-09,5.94E-09,6.25E-10,1.38E-09,,
0:03:12,192759,819.7223,3.91E-09,1.10E-08,1.00E-08,5.94E-09,6.25E-10,1.46E-09,,
0:03:13,193263,821.7057,3.66E-09,1.10E-08,9.56E-09,5.53E-09,5.00E-10,1.31E-09,,
0:03:13,193767,823.689,3.66E-09,9.87E-09,1.04E-08,5.94E-09,6.25E-10,1.46E-09,,
0:03:14,194271,825.6724,3.91E-09,1.10E-08,9.79E-09,5.84E-09,5.00E-10,1.38E-09,,
0:03:14,194775,827.9203,4.40E-09,1.10E-08,9.44E-09,6.25E-09,5.00E-10,1.31E-09,,
0:03:15,195279,829.6392,3.66E-09,9.87E-09,1.00E-08,5.73E-09,5.00E-10,1.46E-09,,
0:03:15,195783,831.7548,3.91E-09,9.87E-09,1.02E-08,5.63E-09,5.00E-10,1.31E-09,,
0:03:16,196287,833.8705,3.66E-09,1.10E-08,1.10E-08,5.84E-09,5.00E-10,1.38E-09,,
0:03:16,196791,835.7216,3.18E-09,9.87E-09,1.08E-08,5.53E-09,5.00E-10,1.31E-09,,
0:03:17,197295,838.234,4.64E-09,1.10E-08,1.08E-08,6.14E-09,5.00E-10,1.31E-09,,
0:03:17,197799,840.0851,3.66E-09,1.21E-08,1.02E-08,5.32E-09,5.00E-10,1.38E-09,,
0:03:18,198303,842.0685,3.91E-09,9.87E-09,1.04E-08,5.94E-09,7.50E-10,1.54E-09,,
0:03:18,198807,843.9197,4.40E-09,1.10E-08,1.05E-08,5.73E-09,5.00E-10,1.46E-09,,
0:03:19,199311,845.903,4.15E-09,9.87E-09,1.09E-08,5.84E-09,6.25E-10,1.54E-09,,
0:03:19,199815,847.8864,4.40E-09,9.87E-09,1.04E-08,5.73E-09,6.25E-10,1.31E-09,,
0:03:20,200319,850.1343,4.64E-09,1.21E-08,1.04E-08,5.94E-09,6.25E-10,1.61E-09,,
0:03:20,200823,851.8532,3.18E-09,1.10E-08,1.08E-08,5.43E-09,5.00E-10,1.46E-09,,
0:03:21,201327,853.9688,4.15E-09,1.10E-08,1.10E-08,5.22E-09,6.25E-10,1.38E-09,,
0:03:21,201831,856.2167,4.15E-09,1.21E-08,1.11E-08,5.53E-09,6.25E-10,1.46E-09,,
0:03:22,202335,858.2001,4.40E-09,8.78E-09,1.10E-08,5.63E-09,6.25E-10,1.38E-09,,
0:03:22,202839,860.0513,4.15E-09,9.87E-09,1.05E-08,5.73E-09,6.25E-10,1.46E-09,,
0:03:23,203343,861.9024,3.66E-09,1.21E-08,1.13E-08,5.53E-09,5.00E-10,1.31E-09,,
0:03:23,203847,864.018,3.66E-09,1.21E-08,1.12E-08,5.73E-09,3.75E-10,1.38E-09,,
0:03:24,204351,866.1337,4.40E-09,1.10E-08,1.11E-08,5.53E-09,6.25E-10,1.38E-09,,
0:03:24,204855,868.1171,4.64E-09,1.10E-08,1.11E-08,5.63E-09,6.25E-10,1.46E-09,,
0:03:25,205359,870.2327,3.66E-09,1.21E-08,1.11E-08,5.73E-09,5.00E-10,1.31E-09,,
0:03:25,205863,872.4806,3.91E-09,9.87E-09,1.12E-08,5.63E-09,3.75E-10,1.38E-09,,
0:03:26,206367,874.1995,3.66E-09,1.32E-08,1.10E-08,5.84E-09,3.75E-10,1.54E-09,,
0:03:26,206871,876.1829,3.91E-09,1.10E-08,1.15E-08,5.94E-09,7.50E-10,1.38E-09,,
0:03:27,207375,878.2985,4.15E-09,1.10E-08,1.11E-08,5.84E-09,5.00E-10,1.46E-09,,
0:03:27,207879,880.1496,4.40E-09,9.87E-09,1.16E-08,5.53E-09,7.50E-10,1.54E-09,,
0:03:28,208383,882.3975,3.91E-09,1.10E-08,1.17E-08,5.63E-09,5.00E-10,1.46E-09,,
0:03:28,208887,884.5131,4.40E-09,1.10E-08,1.17E-08,5.94E-09,6.25E-10,1.46E-09,,
0:03:29,209391,886.3643,4.40E-09,9.87E-09,1.15E-08,5.73E-09,7.50E-10,1.38E-09,,
0:03:29,209895,888.3477,4.15E-09,1.32E-08,1.15E-08,5.94E-09,6.25E-10,1.46E-09,,
0:03:30,210399,890.1988,3.91E-09,1.10E-08,1.16E-08,5.63E-09,5.00E-10,1.38E-09,,
0:03:30,210903,892.5789,3.91E-09,9.87E-09,1.16E-08,5.43E-09,3.75E-10,1.46E-09,,
0:03:31,211407,894.4301,4.40E-09,1.10E-08,1.15E-08,5.32E-09,3.75E-10,1.38E-09,,
0:03:31,211911,896.2812,4.64E-09,1.10E-08,1.15E-08,5.43E-09,3.75E-10,1.38E-09,,
0:03:32,212415,898.3969,4.15E-09,8.78E-09,1.15E-08,5.73E-09,6.25E-10,1.46E-09,,
0:03:32,212919,900.6447,3.42E-09,1.10E-08,1.11E-08,5.63E-09,6.25E-10,1.54E-09,,
0:03:33,213423,902.7604,4.40E-09,1.21E-08,1.19E-08,6.14E-09,6.25E-10,1.46E-09,,
0:03:33,213927,904.4793,3.91E-09,1.10E-08,1.12E-08,5.53E-09,5.00E-10,1.46E-09,,
0:03:34,214431,906.4627,4.40E-09,9.87E-09,1.18E-08,5.63E-09,5.00E-10,1.54E-09,,
0:03:34,214935,908.4461,4.15E-09,1.32E-08,1.13E-08,5.84E-09,6.25E-10,1.46E-09,,
0:03:35,215439,910.6939,4.15E-09,9.87E-09,1.22E-08,5.43E-09,6.25E-10,1.61E-09,,
0:03:35,215944,912.5451,4.40E-09,1.21E-08,1.18E-08,5.63E-09,5.00E-10,1.54E-09,,
0:03:36,216448,914.5285,3.42E-09,1.10E-08,1.18E-08,5.43E-09,7.50E-10,1.69E-09,,
0:03:36,216952,916.6441,4.15E-09,9.87E-09,1.22E-08,5.32E-09,7.50E-10,1.54E-09,,
0:03:37,217456,918.4952,4.89E-09,9.87E-09,1.18E-08,5.84E-09,6.25E-10,1.46E-09,,
0:03:37,217960,920.3464,4.64E-09,1.21E-08,1.18E-08,5.94E-09,7.50E-10,1.46E-09,,
0:03:38,218464,922.7265,4.40E-09,1.10E-08,1.18E-08,5.53E-09,6.25E-10,1.61E-09,,
0:03:38,218968,924.7099,4.40E-09,1.10E-08,1.22E-08,5.94E-09,6.25E-10,1.31E-09,,
0:03:39,219472,927.0899,3.91E-09,1.32E-08,1.23E-08,5.84E-09,6.25E-10,1.61E-09,,
0:03:39,219976,928.8088,3.91E-09,9.87E-09,1.21E-08,5.84E-09,7.50E-10,1.38E-09,,
0:03:40,220480,930.7922,3.66E-09,9.87E-09,1.23E-08,5.63E-09,7.50E-10,1.38E-09,,
0:03:40,220984,932.9078,4.15E-09,1.10E-08,1.23E-08,5.73E-09,5.00E-10,1.54E-09,,
0:03:41,221488,935.0235,4.40E-09,1.32E-08,1.27E-08,5.63E-09,6.25E-10,1.38E-09,,
0:03:41,221992,937.1391,3.91E-09,9.87E-09,1.24E-08,5.73E-09,6.25E-10,1.38E-09,,
0:03:42,222496,938.858,4.64E-09,1.10E-08,1.25E-08,5.53E-09,5.00E-10,1.54E-09,,
0:03:43,223000,940.8414,3.91E-09,1.21E-08,1.22E-08,5.73E-09,6.25E-10,1.54E-09,,
0:03:43,223504,942.8248,3.91E-09,1.21E-08,1.23E-08,5.84E-09,6.25E-10,1.38E-09,,
0:03:44,224008,944.676,4.40E-09,1.21E-08,1.29E-08,5.53E-09,6.25E-10,1.38E-09,,
0:03:44,224512,947.056,4.40E-09,1.10E-08,1.22E-08,5.84E-09,8.75E-10,1.46E-09,,
0:03:45,225016,949.0394,3.66E-09,1.10E-08,1.28E-08,5.63E-09,5.00E-10,1.54E-09,,
0:03:45,225520,951.0228,4.40E-09,1.10E-08,1.25E-08,6.25E-09,7.50E-10,1.46E-09,,
0:03:46,226024,953.0062,4.89E-09,1.21E-08,1.29E-08,5.63E-09,5.00E-10,1.46E-09,,
0:03:46,226528,955.1218,3.91E-09,1.10E-08,1.28E-08,5.73E-09,6.25E-10,1.54E-09,,
0:03:47,227032,957.2375,4.40E-09,1.32E-08,1.29E-08,5.84E-09,6.25E-10,1.54E-09,,
0:03:47,227536,959.0886,3.91E-09,1.10E-08,1.33E-08,5.73E-09,3.75E-10,1.54E-09,,
0:03:48,228040,961.072,4.89E-09,1.21E-08,1.24E-08,6.14E-09,6.25E-10,1.54E-09,,
0:03:48,228544,962.9232,4.40E-09,1.10E-08,1.34E-08,5.73E-09,6.25E-10,1.54E-09,,
0:03:49,229048,964.6422,3.91E-09,8.78E-09,1.30E-08,5.73E-09,5.00E-10,1.38E-09,,
0:03:49,229552,966.89,3.42E-09,1.10E-08,1.28E-08,5.94E-09,6.25E-10,1.46E-09,,
0:03:50,230056,969.5345,3.91E-09,1.21E-08,1.35E-08,6.04E-09,6.25E-10,1.46E-09,,
0:03:50,230560,971.2534,4.15E-09,1.21E-08,1.29E-08,5.84E-09,5.00E-10,1.54E-09,,
0:03:51,231064,973.3691,3.66E-09,1.21E-08,1.29E-08,6.04E-09,6.25E-10,1.54E-09,,
0:03:51,231568,975.3525,3.91E-09,1.21E-08,1.35E-08,5.94E-09,6.25E-10,1.61E-09,,
0:03:52,232072,977.3359,3.91E-09,1.10E-08,1.35E-08,5.84E-09,7.50E-10,1.61E-09,,
0:03:52,232576,979.3192,4.15E-09,1.21E-08,1.33E-08,5.73E-09,6.25E-10,1.61E-09,,
0:03:53,233080,981.1704,4.15E-09,1.32E-08,1.34E-08,5.94E-09,6.25E-10,1.61E-09,,
0:03:53,233584,983.286,4.40E-09,1.10E-08,1.34E-08,6.04E-09,7.50E-10,1.46E-09,,
0:03:54,234088,985.1372,4.15E-09,1.32E-08,1.27E-08,5.94E-09,5.00E-10,1.61E-09,,
0:03:54,234592,987.2528,4.64E-09,9.87E-09,1.35E-08,5.73E-09,7.50E-10,1.38E-09,,
0:03:55,235096,989.104,4.64E-09,1.10E-08,1.35E-08,5.84E-09,7.50E-10,1.77E-09,,
0:03:55,235600,991.3518,4.40E-09,1.10E-08,1.36E-08,5.84E-09,6.25E-10,1.69E-09,,
0:03:56,236104,993.4675,3.18E-09,1.21E-08,1.36E-08,5.53E-09,6.25E-10,1.38E-09,,
0:03:56,236608,995.3186,4.89E-09,1.21E-08,1.35E-08,5.84E-09,5.00E-10,1.54E-09,,
0:03:57,237112,997.4342,5.13E-09,1.21E-08,1.35E-08,5.84E-09,6.25E-10,1.46E-09,,
0:03:57,237616,999.4176,3.91E-09,1.32E-08,1.33E-08,6.04E-09,6.25E-10,1.38E-09,,
0:03:58,238120,1001.401,4.89E-09,9.87E-09,1.40E-08,5.63E-09,3.75E-10,1.69E-09,,
0:03:58,238624,1003.3844,3.66E-09,1.21E-08,1.39E-08,5.94E-09,5.00E-10,1.46E-09,,
0:03:59,239128,1005.3678,4.15E-09,1.21E-08,1.33E-08,6.25E-09,6.25E-10,1.38E-09,,
0:03:59,239632,1007.4834,4.89E-09,1.21E-08,1.40E-08,5.94E-09,6.25E-10,1.46E-09,,
