0000000459,scans,0000000146,DataLength
"header",0000000028,"lines"
"Date",5/13/2016,"Time",11:27:06 AM
"ID","HAL RC RGA 301 #14852","Version",3
"Scans",9
"Scan ID","Mode","Input","Scanned","Start","Stop","Increment","Dwell","Settle","RS","RelSEM"
"Scan 1","RGA","Temperature","none",0.40,0.40,0.01,10.000,10.000,1.000000,1.000000,
"Scan 2","RGA","SEM","mass",2.00,2.00,0.01,11.000,10.000,0.440000,1.000000,
"Scan 3","RGA","SEM","mass",14.00,14.00,0.01,11.000,10.000,1.000000,1.000000,
"Scan 4","RGA","SEM","mass",18.00,18.00,0.01,11.000,10.000,0.900000,1.000000,
"Scan 5","RGA","SEM","mass",28.00,28.00,0.01,11.000,10.000,1.050000,1.000000,
"Scan 6","RGA","SEM","mass",29.00,29.00,0.01,11.000,10.000,1.000000,1.000000,
"Scan 7","RGA","SEM","mass",43.00,43.00,0.01,11.000,10.000,1.000000,1.000000,
"Scan 8","RGA","SEM","mass",44.00,44.00,0.01,11.000,10.000,1.400000,1.000000,
"Scan 9","RGA","SEM","mass",60.00,60.00,0.01,11.000,10.000,0.577000,1.000000,
"Environment",
"Global","RGA"
"F1",1,"( 1 = on, 0 = off )"
"F2",0,"( 1 = on, 0 = off )"
"cage",3.3,"V"
"delta-m",0,"%"
"electron-energy",70.0,"V"
"emission",1000.000,"uA"
"focus",-90,"V"
"mass",5.50,"amu"
"mode-change-delay",1000,"ms"
"multiplier",1100,"V"
"resolution",0,"%"
"Data",9
"Time","ms","Temperature","Hydrogen","Ketene","Water","Carbon monoxide","Acetaldehyde","Acetic acid","Carbon dioxide","Acetic acid",
00:00:01,      1241,   140.2121,  0.00000e+00,  0.00000e+00, -1.08694e-10,  9.31667e-11, -9.78250e-11,  0.00000e+00,  0.00000e+00,  0.00000e+00,
00:00:01,      1804,   140.3443,  0.00000e+00,  0.00000e+00,  0.00000e+00,  0.00000e+00,  0.00000e+00,  0.00000e+00,  6.98750e-11, -3.39081e-10,
00:00:02,      2366,   140.3443,  8.89318e-10,  5.76630e-09,  9.22947e-09,  4.52339e-08,  4.20217e-09,  1.66195e-09,  1.51407e-07,  3.39081e-10,
00:00:02,      2929,   140.0798,  1.19936e-08,  3.01978e-08,  1.08587e-08,  4.32795e-08,  2.44347e-09,  1.27065e-09,  8.93507e-08,  1.69541e-10,
00:00:03,      3492,   140.6087,  1.15489e-08,  2.18913e-08,  7.38406e-09,  3.35062e-08,  1.95435e-09,  9.77175e-10,  6.28944e-08,  1.69541e-10,
00:00:04,      4055,   140.0798,  1.08844e-08,  1.65163e-08,  5.97222e-09,  2.82950e-08,  1.66195e-09,  7.81525e-10,  4.83750e-08,  3.39081e-10,
00:00:04,      4618,   140.0798,  9.10573e-09,  1.33891e-08,  5.10386e-09,  2.50372e-08,  1.17282e-09,  6.83700e-10,  3.87422e-08,  3.39081e-10,
00:00:05,      5181,   140.2121,  8.66352e-09,  1.14337e-08,  4.45169e-09,  2.20590e-08,  1.17282e-09,  6.84775e-10,  3.21102e-08,  1.69541e-10,
00:00:05,      5744,   140.3443,  8.88341e-09,  9.77283e-09,  4.34300e-09,  2.01045e-08,  8.79350e-10,  4.89125e-10,  2.75729e-08,  3.39081e-10,
00:00:06,      6307,   140.3443,  8.66352e-09,  8.30652e-09,  3.58333e-09,  1.87080e-08,  7.81525e-10,  5.86950e-10,  2.43618e-08,  1.69541e-10,
00:00:06,      6870,   140.0798,  9.10573e-09,  7.32935e-09,  3.47463e-09,  1.68468e-08,  6.83700e-10,  3.91300e-10,  2.18494e-08,  3.39081e-10,
00:00:07,      7433,   139.9476,  8.88584e-09,  6.25435e-09,  3.36594e-09,  1.61014e-08,  9.77175e-10,  5.86950e-10,  1.91265e-08,  3.39081e-10,
00:00:07,      7996,   140.4765,  8.66352e-09,  5.76630e-09,  2.93236e-09,  1.50776e-08,  6.83700e-10,  4.89125e-10,  1.73121e-08,  1.69541e-10,
00:00:08,      8559,   140.3443,  9.10573e-09,  5.76630e-09,  2.93236e-09,  1.49854e-08,  6.83700e-10,  4.89125e-10,  1.61949e-08,  3.39081e-10,
00:00:09,      9122,   140.2121,  8.44118e-09,  5.08152e-09,  3.14974e-09,  1.37753e-08,  4.89125e-10,  3.91300e-10,  1.44495e-08,  0.00000e+00,
00:00:09,      9685,   140.2121,  8.66352e-09,  4.59347e-09,  2.93236e-09,  1.32163e-08,  5.86950e-10,  5.86950e-10,  1.32631e-08,  3.39081e-10,
00:00:10,     10248,   140.4765,  7.77420e-09,  4.59347e-09,  2.71497e-09,  1.27515e-08,  7.81525e-10,  4.89125e-10,  1.25652e-08,  3.39081e-10,
00:00:10,     10811,   140.2121,  8.66352e-09,  4.49565e-09,  2.49758e-09,  1.25651e-08,  5.86950e-10,  2.93475e-10,  1.17274e-08,  3.39081e-10,
00:00:11,     11374,   140.3443,  8.44118e-09,  4.10435e-09,  2.38889e-09,  1.26584e-08,  4.89125e-10,  3.91300e-10,  1.10994e-08,  3.39081e-10,
00:00:11,     11937,   140.2121,  8.21886e-09,  3.51847e-09,  2.38889e-09,  1.17277e-08,  5.86950e-10,  2.93475e-10,  1.07500e-08,  1.69541e-10,
00:00:12,     12500,   140.3443,  8.21886e-09,  3.32282e-09,  2.49758e-09,  1.14482e-08,  5.86950e-10,  5.86950e-10,  9.77250e-09,  1.69541e-10,
00:00:13,     13063,   140.3443,  7.77420e-09,  3.51847e-09,  2.38889e-09,  1.16346e-08,  3.91300e-10,  2.93475e-10,  9.49379e-09,  1.69541e-10,
00:00:13,     13626,   140.2121,  7.32955e-09,  3.12717e-09,  2.38889e-09,  1.11687e-08,  4.89125e-10,  3.91300e-10,  8.86564e-09,  1.69541e-10,
00:00:14,     14189,   140.2121,  7.77420e-09,  3.02935e-09,  2.06280e-09,  1.10755e-08,  4.89125e-10,  2.93475e-10,  8.51629e-09,  1.69541e-10,
00:00:14,     14752,   140.3443,  7.77420e-09,  3.02935e-09,  2.38889e-09,  1.09824e-08,  4.89125e-10,  2.93475e-10,  8.09779e-09,  1.69541e-10,
00:00:15,     15315,   140.2121,  7.55186e-09,  2.83477e-09,  2.38889e-09,  1.07970e-08,  3.91300e-10,  3.91300e-10,  8.02793e-09,  1.69541e-10,
00:00:15,     15878,   140.3443,  8.21886e-09,  2.54130e-09,  2.28019e-09,  1.06108e-08,  3.91300e-10,  2.93475e-10,  7.81829e-09,  3.39081e-10,
00:00:16,     16441,   140.0798,  7.77420e-09,  2.54130e-09,  2.49758e-09,  1.06108e-08,  2.93475e-10,  2.93475e-10,  7.46893e-09,  3.39081e-10,
00:00:17,     17004,   140.4765,  6.88489e-09,  2.54130e-09,  2.17150e-09,  1.01449e-08,  2.93475e-10,  1.95650e-10,  7.12034e-09,  1.69541e-10,
00:00:17,     17567,   140.3443,  7.55186e-09,  2.54130e-09,  2.28019e-09,  1.00517e-08,  3.91300e-10,  1.95650e-10,  7.05046e-09,  1.69541e-10,
00:00:18,     18130,   140.2121,  7.55186e-09,  2.44347e-09,  1.95411e-09,  9.86543e-09,  4.89125e-10,  2.93475e-10,  6.49224e-09,  3.39081e-10,
00:00:18,     18693,   140.2121,  7.55186e-09,  2.15000e-09,  2.06280e-09,  9.40062e-09,  4.89125e-10,  3.91300e-10,  6.35249e-09,  1.69541e-10,
00:00:19,     19256,   140.2121,  7.32955e-09,  2.24782e-09,  2.06280e-09,  9.95857e-09,  3.91300e-10,  2.93475e-10,  6.35249e-09,  3.39081e-10,
00:00:19,     19819,   140.3443,  7.77420e-09,  2.24782e-09,  1.95530e-09,  9.40062e-09,  2.93475e-10,  3.91300e-10,  5.86336e-09,  0.00000e+00,
00:00:20,     20382,   140.2121,  8.44118e-09,  2.05217e-09,  2.17150e-09,  8.84162e-09,  3.91300e-10,  3.91300e-10,  5.93323e-09,  3.39081e-10,
00:00:20,     20945,   140.3443,  7.32955e-09,  2.15000e-09,  1.95411e-09,  9.58695e-09,  3.91300e-10,  4.89125e-10,  5.65450e-09,  3.39081e-10,
00:00:21,     21508,   140.2121,  7.55186e-09,  1.85652e-09,  1.84661e-09,  9.40062e-09,  3.91300e-10,  1.95650e-10,  5.72437e-09,  1.69541e-10,
00:00:22,     22071,   140.2121,  7.77420e-09,  1.75870e-09,  2.17150e-09,  9.02795e-09,  3.91300e-10,  4.89125e-10,  5.44487e-09,  3.39081e-10,
00:00:22,     22634,   140.0798,  7.77420e-09,  1.95435e-09,  1.73791e-09,  9.12112e-09,  3.91300e-10,  2.93475e-10,  5.23525e-09,  1.69541e-10,
00:00:23,     23197,   139.9476,  8.66352e-09,  2.05217e-09,  1.73791e-09,  9.40062e-09,  3.91300e-10,  3.91300e-10,  5.44487e-09,  1.69541e-10,
00:00:23,     23760,   140.3443,  8.21886e-09,  1.66195e-09,  2.17150e-09,  8.84265e-09,  2.93475e-10,  3.91300e-10,  5.16537e-09,  0.00000e+00,
00:00:24,     24323,   140.2121,  7.77420e-09,  1.95435e-09,  2.17150e-09,  8.56314e-09,  2.93475e-10,  3.91300e-10,  4.81676e-09,  1.69541e-10,
00:00:24,     24886,   139.9476,  7.99652e-09,  1.75977e-09,  1.95411e-09,  9.21429e-09,  2.93475e-10,  2.93475e-10,  4.95651e-09,  1.69541e-10,
00:00:25,     25449,   140.2121,  7.99652e-09,  1.75977e-09,  1.73791e-09,  8.65631e-09,  2.93475e-10,  2.93475e-10,  5.02639e-09,  1.69541e-10,
00:00:26,     26012,   140.3443,  7.32955e-09,  1.66195e-09,  1.84661e-09,  8.65631e-09,  2.93475e-10,  3.91300e-10,  4.95651e-09,  1.69541e-10,
00:00:26,     26575,   140.4765,  7.77420e-09,  1.66195e-09,  2.06280e-09,  9.12112e-09,  4.89125e-10,  2.93475e-10,  4.95651e-09,  1.69541e-10,
00:00:27,     27138,   140.3443,  7.99652e-09,  1.85652e-09,  1.84661e-09,  1.06108e-08,  3.91300e-10,  2.93475e-10,  4.81676e-09,  5.08622e-10,
00:00:27,     27701,   140.2121,  8.21886e-09,  1.66195e-09,  1.73791e-09,  1.12619e-08,  3.91300e-10,  3.91300e-10,  4.74689e-09,  1.69541e-10,
00:00:28,     28264,   140.3443,  7.99652e-09,  1.85652e-09,  1.62922e-09,  1.13550e-08,  2.93475e-10,  3.91300e-10,  4.60714e-09,  1.69541e-10,
00:00:28,     28827,   140.4765,  7.55186e-09,  1.95435e-09,  1.73791e-09,  1.09824e-08,  3.91300e-10,  2.93475e-10,  4.53726e-09,  1.69541e-10,
00:00:29,     29390,   140.3443,  7.77420e-09,  1.46630e-09,  1.62922e-09,  1.01449e-08,  1.95650e-10,  3.91300e-10,  4.81676e-09,  1.69541e-10,
00:00:29,     29953,   140.2121,  7.99652e-09,  1.75977e-09,  1.84661e-09,  1.10755e-08,  3.91300e-10,  3.91300e-10,  4.67701e-09,  3.39081e-10,
00:00:30,     30516,   140.0798,  7.99652e-09,  1.66195e-09,  1.73791e-09,  9.77324e-09,  2.93475e-10,  2.93475e-10,  4.67701e-09,  0.00000e+00,
00:00:31,     31079,   140.3443,  7.32955e-09,  1.75870e-09,  1.84661e-09,  9.21429e-09,  2.93475e-10,  2.93475e-10,  4.60714e-09,  1.69541e-10,
00:00:31,     31642,   140.0798,  7.99652e-09,  1.56412e-09,  1.84661e-09,  8.74948e-09,  1.95650e-10,  3.91300e-10,  4.46739e-09,  1.69541e-10,
00:00:32,     32205,   140.2121,  8.44118e-09,  1.46630e-09,  1.95530e-09,  8.93479e-09,  3.91300e-10,  2.93475e-10,  4.04891e-09,  3.39081e-10,
00:00:32,     32768,   140.2121,  7.32955e-09,  1.75977e-09,  1.73791e-09,  8.84265e-09,  2.93475e-10,  3.91300e-10,  4.25854e-09,  1.69541e-10,
00:00:33,     33331,   140.3443,  7.55186e-09,  1.56412e-09,  2.06280e-09,  9.30746e-09,  3.91300e-10,  3.91300e-10,  4.39751e-09,  3.39081e-10,
00:00:33,     33894,   140.3443,  7.55186e-09,  1.36847e-09,  1.95530e-09,  8.74948e-09,  2.93475e-10,  3.91300e-10,  4.32841e-09,  3.39081e-10,
00:00:34,     34457,   140.2121,  7.77420e-09,  1.27065e-09,  1.84661e-09,  8.84162e-09,  2.93475e-10,  1.95650e-10,  4.32841e-09,  1.69541e-10,
00:00:35,     35020,   140.2121,  8.21886e-09,  1.36847e-09,  1.73791e-09,  8.19048e-09,  2.93475e-10,  2.93475e-10,  4.25854e-09,  3.39081e-10,
00:00:35,     35583,   140.2121,  6.88489e-09,  1.46630e-09,  1.73791e-09,  7.91097e-09,  1.95650e-10,  3.91300e-10,  4.39751e-09,  1.69541e-10,
00:00:36,     36146,   140.2121,  7.77420e-09,  1.56412e-09,  1.62922e-09,  8.19048e-09,  3.91300e-10,  4.89125e-10,  3.97904e-09,  3.39081e-10,
00:00:36,     36709,   140.2121,  7.55186e-09,  1.46630e-09,  1.62922e-09,  7.53933e-09,  3.91300e-10,  2.93475e-10,  3.97904e-09,  3.39081e-10,
00:00:37,     37272,   140.3443,  7.32955e-09,  1.46630e-09,  1.62922e-09,  8.37681e-09,  2.93475e-10,  2.93475e-10,  3.97904e-09,  1.69541e-10,
00:00:37,     37835,   140.3443,  7.55186e-09,  1.46630e-09,  1.84661e-09,  8.19048e-09,  1.95650e-10,  3.91300e-10,  4.18866e-09,  1.69541e-10,
00:00:38,     38398,   140.2121,  7.99652e-09,  1.46630e-09,  1.73791e-09,  7.91097e-09,  1.95650e-10,  3.91300e-10,  4.11879e-09,  0.00000e+00,
00:00:38,     38961,   140.0798,  7.32955e-09,  1.27065e-09,  1.62922e-09,  7.81883e-09,  2.93475e-10,  4.89125e-10,  3.90916e-09,  3.39081e-10,
00:00:39,     39524,   140.3443,  6.88489e-09,  1.27065e-09,  1.73791e-09,  7.81883e-09,  2.93475e-10,  2.93475e-10,  4.11879e-09,  1.69541e-10,
00:00:40,     40087,   140.2121,  7.55186e-09,  1.36847e-09,  1.73791e-09,  8.19048e-09,  2.93475e-10,  3.91300e-10,  3.90916e-09,  3.39081e-10,
00:00:40,     40650,   140.2121,  7.77420e-09,  1.07500e-09,  1.62922e-09,  7.72567e-09,  2.93475e-10,  3.91300e-10,  4.18866e-09,  1.69541e-10,
00:00:41,     41213,   140.4765,  7.55186e-09,  1.17282e-09,  1.73791e-09,  7.81883e-09,  2.93475e-10,  3.91300e-10,  3.83929e-09,  0.00000e+00,
00:00:41,     41776,   140.2121,  7.55186e-09,  1.36847e-09,  1.62922e-09,  7.63250e-09,  1.95650e-10,  3.91300e-10,  3.83929e-09,  1.69541e-10,
00:00:42,     42339,   140.3443,  7.77420e-09,  1.27065e-09,  1.95530e-09,  7.53933e-09,  1.95650e-10,  3.91300e-10,  3.76941e-09,  1.69541e-10,
00:00:42,     42902,   140.2121,  7.32955e-09,  1.17282e-09,  1.52052e-09,  7.53933e-09,  3.91300e-10,  2.93475e-10,  3.90916e-09,  3.39081e-10,
00:00:43,     43465,   140.3443,  7.32955e-09,  1.36847e-09,  1.73791e-09,  8.00414e-09,  3.91300e-10,  1.36847e-09,  4.25854e-09,  1.69541e-10,
00:00:44,     44028,   140.6087,  7.55186e-09,  1.85652e-09,  1.95411e-09,  8.74948e-09,  5.86950e-10,  2.93152e-09,  4.53726e-09,  6.78163e-10,
00:00:44,     44591,   140.8732,  7.55186e-09,  1.85652e-09,  2.17150e-09,  9.30746e-09,  6.84775e-10,  2.24782e-09,  4.67701e-09,  1.52400e-09,
00:00:45,     45154,   141.6665,  7.99652e-09,  2.15000e-09,  3.36594e-09,  9.77324e-09,  9.77175e-10,  3.32282e-09,  5.09626e-09,  2.71078e-09,
00:00:45,     45717,   142.7243,  7.77420e-09,  2.34565e-09,  3.47463e-09,  9.30746e-09,  9.77175e-10,  3.32282e-09,  5.23525e-09,  2.20217e-09,
00:00:46,     46280,   144.4433,  7.77420e-09,  2.24782e-09,  4.01811e-09,  1.01449e-08,  9.77175e-10,  4.98370e-09,  5.86336e-09,  1.52400e-09,
00:00:46,     46843,   146.9556,  7.77420e-09,  3.90870e-09,  5.97222e-09,  1.01449e-08,  2.15000e-09,  2.09141e-08,  7.88814e-09,  3.72617e-09,
00:00:47,     47406,   150.1290,  8.44118e-09,  7.81848e-09,  9.44687e-09,  1.16346e-08,  3.81195e-09,  5.27728e-08,  1.28439e-08,  9.48496e-09,
00:00:47,     47969,   154.4925,  7.32955e-09,  7.91630e-09,  9.33817e-09,  1.13550e-08,  2.15000e-09,  1.41706e-08,  1.27049e-08,  4.57386e-09,
00:00:48,     48532,   159.2526,  6.66255e-09,  4.98370e-09,  1.17270e-08,  1.08902e-08,  1.36847e-09,  6.45000e-09,  1.09596e-08,  3.55662e-09,
00:00:49,     49095,   164.4094,  7.55186e-09,  4.69130e-09,  1.21618e-08,  1.00517e-08,  1.17282e-09,  4.78912e-09,  1.01917e-08,  2.88033e-09,
00:00:49,     49658,   169.1696,  7.10720e-09,  4.00652e-09,  9.77294e-09,  9.95857e-09,  1.07500e-09,  3.51847e-09,  9.14436e-09,  2.71078e-09,
00:00:50,     50221,   173.7975,  7.77420e-09,  3.71412e-09,  6.94928e-09,  9.58695e-09,  8.79350e-10,  3.12717e-09,  8.37650e-09,  2.37170e-09,
00:00:50,     50784,   177.8965,  7.32955e-09,  3.32282e-09,  4.88647e-09,  9.49379e-09,  7.81525e-10,  2.83477e-09,  8.23679e-09,  2.03262e-09,
00:00:51,     51347,   181.3344,  7.10720e-09,  3.12717e-09,  3.47463e-09,  9.40062e-09,  6.84775e-10,  2.34565e-09,  7.67857e-09,  1.86308e-09,
00:00:51,     51910,   184.3756,  7.55186e-09,  2.73695e-09,  3.14974e-09,  8.84162e-09,  8.79350e-10,  2.24782e-09,  7.39979e-09,  1.69354e-09,
00:00:52,     52473,   186.7556,  7.32955e-09,  2.83477e-09,  2.82367e-09,  9.12112e-09,  5.86950e-10,  2.15000e-09,  6.98059e-09,  1.52400e-09,
00:00:53,     53036,   188.4746,  6.88489e-09,  2.83477e-09,  2.71497e-09,  8.93479e-09,  6.84775e-10,  1.85652e-09,  6.77096e-09,  1.18492e-09,
00:00:53,     53599,   189.7969,  6.66255e-09,  2.63912e-09,  3.04106e-09,  8.74948e-09,  7.81525e-10,  2.05217e-09,  6.77096e-09,  1.69354e-09,
00:00:54,     54162,   191.3836,  6.66255e-09,  2.73695e-09,  2.28019e-09,  8.84265e-09,  7.81525e-10,  2.15000e-09,  6.35249e-09,  1.52400e-09,
00:00:54,     54725,   192.8381,  7.32955e-09,  2.63912e-09,  2.38889e-09,  8.65631e-09,  6.84775e-10,  2.24782e-09,  6.35249e-09,  1.69354e-09,
00:00:55,     55288,   194.0281,  6.66255e-09,  2.73695e-09,  2.49758e-09,  8.37681e-09,  7.81525e-10,  2.24782e-09,  6.35249e-09,  1.86308e-09,
00:00:55,     55851,   195.2181,  7.10720e-09,  2.93152e-09,  2.60628e-09,  8.84265e-09,  7.81525e-10,  2.54130e-09,  6.28261e-09,  2.20217e-09,
00:00:56,     56414,   196.8048,  7.10720e-09,  2.73695e-09,  2.82367e-09,  8.46998e-09,  8.79350e-10,  3.51847e-09,  6.70109e-09,  2.88033e-09,
00:00:56,     56977,   197.8627,  6.44266e-09,  3.02935e-09,  2.93236e-09,  8.93479e-09,  1.17282e-09,  4.59347e-09,  7.12034e-09,  3.89570e-09,
00:00:57,     57540,   199.5816,  6.44023e-09,  3.81195e-09,  3.25724e-09,  9.02795e-09,  1.46630e-09,  6.25435e-09,  7.39979e-09,  5.08062e-09,
00:00:58,     58103,   201.1683,  7.32955e-09,  3.90870e-09,  3.47463e-09,  9.77324e-09,  1.85652e-09,  9.08913e-09,  8.44643e-09,  7.45234e-09,
00:00:58,     58666,   203.1517,  7.32955e-09,  5.47282e-09,  3.80072e-09,  1.06108e-08,  2.44347e-09,  1.36815e-08,  1.01219e-08,  1.11785e-08,
00:00:59,     59229,   205.3995,  6.88489e-09,  7.42717e-09,  4.01811e-09,  1.16346e-08,  3.51847e-09,  2.07184e-08,  1.24953e-08,  1.84612e-08,
00:00:59,     59792,   208.3085,  7.77420e-09,  1.03587e-08,  5.10386e-09,  1.27515e-08,  4.98370e-09,  3.05891e-08,  1.61949e-08,  2.64222e-08,
00:01:00,     60355,   211.0853,  8.21886e-09,  1.29000e-08,  6.18961e-09,  1.42401e-08,  6.74347e-09,  3.97750e-08,  2.08719e-08,  3.70920e-08,
00:01:00,     60918,   213.7298,  9.32807e-09,  1.59293e-08,  7.38406e-09,  1.58230e-08,  7.72065e-09,  4.67141e-08,  2.51995e-08,  4.16660e-08,
00:01:01,     61481,   216.9032,  9.55039e-09,  1.81771e-08,  7.71013e-09,  1.77774e-08,  7.52500e-09,  4.50522e-08,  2.77826e-08,  3.82789e-08,
00:01:02,     62044,   219.5477,  8.44118e-09,  1.72000e-08,  7.49274e-09,  1.78706e-08,  6.25435e-09,  3.45956e-08,  2.91086e-08,  2.89634e-08,
00:01:02,     62607,   222.4567,  9.10573e-09,  1.49521e-08,  6.62439e-09,  1.68468e-08,  5.27717e-09,  2.59956e-08,  2.72942e-08,  2.01548e-08,
00:01:03,     63170,   225.3657,  8.44118e-09,  1.29978e-08,  6.08091e-09,  1.57298e-08,  4.30000e-09,  1.90565e-08,  2.62469e-08,  1.49047e-08,
00:01:03,     63733,   228.1424,  8.44118e-09,  1.13369e-08,  5.53744e-09,  1.53571e-08,  3.02935e-09,  1.53434e-08,  2.38734e-08,  1.23634e-08,
00:01:04,     64296,   230.2581,  7.99652e-09,  9.77283e-09,  4.77778e-09,  1.50776e-08,  2.83477e-09,  1.16293e-08,  2.17795e-08,  8.80679e-09,
00:01:04,     64859,   232.5059,  8.44118e-09,  8.89348e-09,  4.56039e-09,  1.39607e-08,  2.15000e-09,  9.18695e-09,  2.04526e-08,  6.94371e-09,
00:01:05,     65422,   234.8860,  7.99652e-09,  7.81848e-09,  3.90941e-09,  1.32163e-08,  1.95435e-09,  7.23152e-09,  1.81491e-08,  5.58925e-09,
00:01:05,     65985,   236.7371,  7.77420e-09,  7.13477e-09,  4.23550e-09,  1.31231e-08,  1.56412e-09,  5.37500e-09,  1.70326e-08,  4.06525e-09,
00:01:06,     66548,   238.9850,  7.55186e-09,  6.74347e-09,  4.01811e-09,  1.23789e-08,  1.27065e-09,  4.78912e-09,  1.59154e-08,  3.72617e-09,
00:01:07,     67111,   240.8362,  7.32955e-09,  6.25435e-09,  3.80072e-09,  1.22857e-08,  1.17282e-09,  3.81195e-09,  1.45194e-08,  3.21754e-09,
00:01:07,     67674,   242.5551,  8.44118e-09,  5.96195e-09,  3.47463e-09,  1.17277e-08,  1.27065e-09,  4.20217e-09,  1.34029e-08,  2.88033e-09,
00:01:08,     68237,   244.6707,  7.99652e-09,  5.17935e-09,  3.80072e-09,  1.11687e-08,  1.17282e-09,  3.42065e-09,  1.29836e-08,  2.37170e-09,
00:01:08,     68800,   246.9186,  8.44118e-09,  4.78912e-09,  3.36594e-09,  1.12619e-08,  1.07500e-09,  3.32282e-09,  1.17974e-08,  2.20217e-09,
00:01:09,     69363,   249.0342,  7.77420e-09,  4.88695e-09,  3.25724e-09,  1.04244e-08,  9.77175e-10,  2.93152e-09,  1.18672e-08,  2.03262e-09,
00:01:09,     69926,   251.0176,  7.99652e-09,  4.59347e-09,  3.25724e-09,  1.10755e-08,  9.77175e-10,  2.83370e-09,  1.08897e-08,  1.86308e-09,
00:01:10,     70489,   253.3976,  7.99652e-09,  4.59347e-09,  3.14974e-09,  1.06108e-08,  9.77175e-10,  2.73695e-09,  1.11692e-08,  1.86308e-09,
00:01:11,     71052,   255.6455,  8.44118e-09,  4.30000e-09,  2.82367e-09,  1.02381e-08,  9.77175e-10,  2.54130e-09,  1.03315e-08,  1.86308e-09,
00:01:11,     71615,   257.7611,  7.32955e-09,  4.30000e-09,  3.14974e-09,  1.02381e-08,  9.77175e-10,  2.54130e-09,  9.91221e-09,  2.20217e-09,
00:01:12,     72178,   260.2734,  7.99652e-09,  3.90977e-09,  2.82367e-09,  9.95857e-09,  8.79350e-10,  2.34565e-09,  9.70264e-09,  2.03262e-09,
00:01:12,     72741,   262.6535,  7.99652e-09,  3.71412e-09,  3.04106e-09,  1.02381e-08,  9.77175e-10,  2.15000e-09,  9.35400e-09,  1.69354e-09,
00:01:13,     73304,   265.0336,  7.99652e-09,  3.51847e-09,  2.82367e-09,  9.86638e-09,  8.79350e-10,  2.54130e-09,  8.86564e-09,  1.52400e-09,
00:01:13,     73867,   267.4136,  8.44118e-09,  3.61630e-09,  2.82367e-09,  9.77324e-09,  8.79350e-10,  2.15000e-09,  9.14436e-09,  1.52400e-09,
00:01:14,     74430,   269.6615,  7.55186e-09,  3.22500e-09,  2.93236e-09,  9.58695e-09,  7.81525e-10,  2.44347e-09,  8.58614e-09,  1.35446e-09,
00:01:14,     74993,   271.9093,  8.21886e-09,  3.51847e-09,  3.04106e-09,  9.40062e-09,  7.81525e-10,  1.85652e-09,  8.72593e-09,  1.18679e-09,
00:01:15,     75556,   274.2894,  8.66352e-09,  3.42065e-09,  2.82367e-09,  9.02795e-09,  6.83700e-10,  2.15000e-09,  8.16764e-09,  1.52400e-09,
00:01:16,     76119,   276.6695,  8.44118e-09,  3.32282e-09,  2.93236e-09,  9.68010e-09,  7.81525e-10,  1.85652e-09,  7.95807e-09,  1.52400e-09,
00:01:16,     76682,   279.0495,  8.44118e-09,  3.12717e-09,  2.60628e-09,  9.02795e-09,  8.79350e-10,  2.05217e-09,  7.88814e-09,  1.35446e-09,
00:01:17,     77245,   281.0329,  8.88584e-09,  3.12717e-09,  2.71497e-09,  9.21429e-09,  7.81525e-10,  1.66195e-09,  7.95807e-09,  1.35446e-09,
00:01:17,     77808,   283.1485,  8.44118e-09,  3.02935e-09,  2.71497e-09,  9.21429e-09,  5.86950e-10,  1.66195e-09,  7.81829e-09,  1.35446e-09,
00:01:18,     78371,   285.3964,  8.21886e-09,  3.22500e-09,  2.82367e-09,  9.40062e-09,  6.84775e-10,  1.75977e-09,  7.39907e-09,  1.18679e-09,
00:01:18,     78934,   287.3797,  8.88584e-09,  2.73695e-09,  2.71497e-09,  9.21429e-09,  6.84775e-10,  1.56412e-09,  7.32993e-09,  1.01724e-09,
00:01:19,     79497,   290.0243,  9.32807e-09,  2.93152e-09,  2.60628e-09,  9.02795e-09,  6.84775e-10,  1.66195e-09,  7.19021e-09,  1.35446e-09,
00:01:20,     80060,   292.2721,  9.99505e-09,  2.83477e-09,  2.71497e-09,  8.93479e-09,  7.81525e-10,  1.46630e-09,  6.84084e-09,  1.01724e-09,
00:01:20,     80623,   294.3877,  9.32807e-09,  2.93260e-09,  2.60628e-09,  8.56314e-09,  6.84775e-10,  1.46630e-09,  6.63199e-09,  1.01724e-09,
00:01:21,     81186,   296.6356,  9.55039e-09,  2.63912e-09,  2.71497e-09,  8.74948e-09,  6.84775e-10,  1.56412e-09,  6.77096e-09,  8.47704e-10,
00:01:21,     81749,   299.1479,  1.11067e-08,  2.54130e-09,  2.71497e-09,  8.84265e-09,  4.89125e-10,  1.46630e-09,  6.42236e-09,  1.18679e-09,
00:01:22,     82312,   301.3957,  1.06620e-08,  2.54130e-09,  2.60628e-09,  8.74948e-09,  6.84775e-10,  1.36847e-09,  6.42236e-09,  1.01724e-09,
00:01:22,     82875,   303.3791,  1.06620e-08,  2.24782e-09,  2.60628e-09,  8.56314e-09,  4.89125e-10,  1.36847e-09,  6.56211e-09,  1.18679e-09,
00:01:23,     83438,   305.8914,  1.08844e-08,  2.54130e-09,  2.82367e-09,  8.84162e-09,  4.89125e-10,  1.56412e-09,  6.21274e-09,  8.47704e-10,
00:01:24,     84001,   308.0070,  1.13290e-08,  2.34565e-09,  2.71497e-09,  8.28365e-09,  5.86950e-10,  1.17282e-09,  6.28261e-09,  1.01724e-09,
00:01:24,     84564,   310.2549,  1.06620e-08,  2.44347e-09,  2.71497e-09,  8.28365e-09,  5.86950e-10,  1.36847e-09,  5.93323e-09,  6.78163e-10,
00:01:25,     85127,   312.2383,  1.15489e-08,  2.34565e-09,  2.60628e-09,  8.46998e-09,  5.86950e-10,  1.27065e-09,  5.93323e-09,  8.47704e-10,
00:01:25,     85690,   314.7506,  1.15489e-08,  2.24782e-09,  2.93236e-09,  8.37681e-09,  4.89125e-10,  1.27065e-09,  6.07299e-09,  6.78163e-10,
00:01:26,     86253,   316.9984,  1.08844e-08,  2.15000e-09,  2.60628e-09,  8.46998e-09,  4.89125e-10,  1.36847e-09,  6.14286e-09,  6.78163e-10,
00:01:26,     86816,   319.1140,  1.11067e-08,  2.34565e-09,  2.60628e-09,  8.09731e-09,  5.86950e-10,  1.27065e-09,  5.93323e-09,  8.47704e-10,
00:01:27,     87379,   321.4941,  1.26606e-08,  2.15000e-09,  2.71497e-09,  8.09731e-09,  4.89125e-10,  1.36847e-09,  5.79425e-09,  1.01724e-09,
00:01:27,     87942,   323.7420,  1.19936e-08,  2.15000e-09,  2.49758e-09,  8.74948e-09,  3.91300e-10,  1.07500e-09,  5.72437e-09,  8.47704e-10,
00:01:28,     88505,   325.5931,  1.15489e-08,  2.15000e-09,  2.71497e-09,  8.19048e-09,  4.89125e-10,  1.17282e-09,  5.58463e-09,  1.01724e-09,
00:01:29,     89068,   328.3699,  1.19936e-08,  2.05217e-09,  2.71497e-09,  8.46998e-09,  5.86950e-10,  1.17282e-09,  5.79425e-09,  8.47704e-10,
00:01:29,     89631,   330.4855,  1.19936e-08,  2.05217e-09,  2.71497e-09,  8.37681e-09,  4.89125e-10,  1.17282e-09,  5.44487e-09,  6.78163e-10,
00:01:30,     90194,   332.8656,  1.22159e-08,  2.34565e-09,  2.49758e-09,  8.46998e-09,  6.84775e-10,  1.17282e-09,  5.37500e-09,  1.01724e-09,
00:01:30,     90757,   335.1134,  1.22159e-08,  1.75870e-09,  2.49758e-09,  8.37681e-09,  3.91300e-10,  1.17282e-09,  5.58463e-09,  8.47704e-10,
00:01:31,     91320,   337.2290,  1.06620e-08,  1.95435e-09,  2.60628e-09,  8.28365e-09,  4.89125e-10,  1.17282e-09,  5.37500e-09,  6.78163e-10,
00:01:31,     91883,   339.4769,  1.08844e-08,  1.85652e-09,  2.82367e-09,  8.28365e-09,  4.89125e-10,  1.07500e-09,  5.37500e-09,  8.47704e-10,
00:01:32,     92446,   341.8570,  1.17713e-08,  1.95435e-09,  2.38889e-09,  8.28365e-09,  5.86950e-10,  1.17282e-09,  5.09550e-09,  5.08622e-10,
00:01:33,     93009,   344.2370,  1.04397e-08,  1.85652e-09,  2.71497e-09,  8.09731e-09,  4.89125e-10,  1.07500e-09,  5.16537e-09,  6.78163e-10,
00:01:33,     93572,   346.4849,  1.13290e-08,  2.24782e-09,  2.60628e-09,  8.28365e-09,  5.86950e-10,  9.77175e-10,  5.30512e-09,  6.78163e-10,
00:01:34,     94135,   348.7327,  1.06620e-08,  1.95435e-09,  2.17150e-09,  8.19048e-09,  4.89125e-10,  1.07500e-09,  5.23525e-09,  1.01724e-09,
00:01:34,     94698,   350.8483,  1.02174e-08,  1.85652e-09,  2.60628e-09,  8.28365e-09,  4.89125e-10,  1.07500e-09,  5.30512e-09,  6.78163e-10,
00:01:35,     95261,   352.9639,  1.08844e-08,  1.75977e-09,  2.28019e-09,  8.74948e-09,  3.91300e-10,  9.77175e-10,  5.30512e-09,  6.78163e-10,
00:01:35,     95824,   355.4762,  1.06620e-08,  1.85652e-09,  2.38889e-09,  7.91097e-09,  5.86950e-10,  9.77175e-10,  5.16537e-09,  1.01724e-09,
00:01:36,     96387,   357.5918,  9.77273e-09,  1.85652e-09,  2.49758e-09,  8.37681e-09,  3.91300e-10,  1.07500e-09,  5.37500e-09,  6.78163e-10,
00:01:36,     96950,   359.8397,  1.08844e-08,  1.95435e-09,  2.28019e-09,  8.00414e-09,  4.89125e-10,  1.07500e-09,  5.30512e-09,  6.78163e-10,
00:01:37,     97513,   362.2198,  1.08844e-08,  1.75977e-09,  2.28019e-09,  7.91097e-09,  3.91300e-10,  1.07500e-09,  5.30512e-09,  6.78163e-10,
00:01:38,     98076,   364.5998,  1.02174e-08,  1.56412e-09,  2.28019e-09,  7.81781e-09,  3.91300e-10,  8.79350e-10,  5.51475e-09,  8.47704e-10,
00:01:38,     98639,   366.9799,  9.55039e-09,  1.66195e-09,  2.06280e-09,  8.37681e-09,  4.89125e-10,  9.77175e-10,  5.51475e-09,  5.08622e-10,
00:01:39,     99202,   368.9633,  9.77273e-09,  1.56412e-09,  2.38889e-09,  8.09731e-09,  4.89125e-10,  9.77175e-10,  5.72437e-09,  6.78163e-10,
00:01:39,     99765,   371.2111,  9.77273e-09,  1.85652e-09,  2.49758e-09,  8.09731e-09,  3.91300e-10,  1.17282e-09,  5.51475e-09,  5.08622e-10,
00:01:40,    100328,   373.5912,  9.77273e-09,  1.46630e-09,  2.17150e-09,  7.63250e-09,  4.89125e-10,  8.79350e-10,  5.58463e-09,  5.08622e-10,
00:01:40,    100891,   375.5746,  1.02174e-08,  1.66195e-09,  2.60628e-09,  8.09731e-09,  4.89125e-10,  9.77175e-10,  5.51475e-09,  8.47704e-10,
00:01:41,    101454,   377.9547,  1.04397e-08,  1.75977e-09,  2.38889e-09,  8.19048e-09,  4.89125e-10,  8.79350e-10,  5.72437e-09,  8.47704e-10,
00:01:42,    102017,   380.0703,  1.08844e-08,  1.75870e-09,  2.06280e-09,  8.09731e-09,  2.93475e-10,  1.07500e-09,  5.37500e-09,  6.78163e-10,
00:01:42,    102580,   382.5826,  9.10573e-09,  1.85652e-09,  2.17150e-09,  8.00414e-09,  2.93475e-10,  9.77175e-10,  5.51475e-09,  3.39081e-10,
00:01:43,    103143,   384.5660,  9.10573e-09,  1.75977e-09,  2.28019e-09,  7.72567e-09,  3.91300e-10,  8.79350e-10,  5.37500e-09,  6.78163e-10,
00:01:43,    103706,   387.2105,  1.02174e-08,  1.85652e-09,  2.17150e-09,  7.81781e-09,  5.86950e-10,  9.77175e-10,  5.65450e-09,  5.08622e-10,
00:01:44,    104269,   389.1939,  9.99505e-09,  1.75977e-09,  2.38889e-09,  8.19048e-09,  3.91300e-10,  9.77175e-10,  5.23525e-09,  6.78163e-10,
00:01:44,    104832,   391.3095,  1.02174e-08,  1.75870e-09,  2.38889e-09,  7.81781e-09,  3.91300e-10,  1.07500e-09,  5.16537e-09,  5.08622e-10,
00:01:45,    105395,   393.9541,  9.77273e-09,  1.66195e-09,  2.17150e-09,  7.91097e-09,  2.93475e-10,  8.79350e-10,  5.09626e-09,  3.39081e-10,
00:01:45,    105958,   396.0697,  9.10573e-09,  1.85652e-09,  1.95411e-09,  8.19048e-09,  5.86950e-10,  8.79350e-10,  5.37500e-09,  6.78163e-10,
00:01:46,    106521,   398.1853,  9.10573e-09,  1.85652e-09,  2.17150e-09,  7.91097e-09,  3.91300e-10,  8.79350e-10,  5.09626e-09,  6.78163e-10,
00:01:47,    107084,   400.4331,  9.10573e-09,  1.56412e-09,  2.38889e-09,  7.91097e-09,  4.89125e-10,  8.79350e-10,  5.02639e-09,  5.08622e-10,
00:01:47,    107647,   403.0777,  9.32807e-09,  1.66195e-09,  2.06280e-09,  8.19048e-09,  4.89125e-10,  9.77175e-10,  4.95651e-09,  6.78163e-10,
00:01:48,    108210,   404.7966,  9.55039e-09,  1.46630e-09,  2.06280e-09,  8.28365e-09,  5.86950e-10,  1.07500e-09,  4.81676e-09,  6.78163e-10,
00:01:48,    108773,   407.4411,  8.21886e-09,  1.66195e-09,  2.06280e-09,  8.19048e-09,  4.89125e-10,  8.79350e-10,  5.02639e-09,  6.78163e-10,
00:01:49,    109336,   409.4245,  9.10573e-09,  1.66195e-09,  2.28019e-09,  8.09731e-09,  3.91300e-10,  9.77175e-10,  4.88664e-09,  3.39081e-10,
00:01:49,    109899,   411.8046,  9.55039e-09,  1.56412e-09,  2.17150e-09,  8.65631e-09,  3.91300e-10,  9.77175e-10,  4.81676e-09,  5.08622e-10,
00:01:50,    110462,   414.1846,  9.55039e-09,  1.36847e-09,  2.06280e-09,  8.65631e-09,  3.91300e-10,  9.77175e-10,  4.53726e-09,  6.78163e-10,
00:01:51,    111025,   416.4325,  9.32807e-09,  1.56412e-09,  2.17150e-09,  8.74948e-09,  2.93475e-10,  8.79350e-10,  4.74689e-09,  6.78163e-10,
00:01:51,    111588,   418.5481,  8.88584e-09,  1.36847e-09,  2.28019e-09,  8.74948e-09,  4.89125e-10,  7.81525e-10,  4.74689e-09,  8.47704e-10,
00:01:52,    112151,   421.1927,  8.88584e-09,  1.56412e-09,  2.17150e-09,  9.12112e-09,  5.86950e-10,  7.81525e-10,  4.81676e-09,  6.78163e-10,
00:01:52,    112714,   423.0438,  8.44118e-09,  1.46630e-09,  2.17150e-09,  9.58695e-09,  4.89125e-10,  1.07500e-09,  4.46739e-09,  6.78163e-10,
00:01:53,    113277,   425.1594,  8.21886e-09,  1.56412e-09,  2.17150e-09,  9.30746e-09,  2.93475e-10,  9.77175e-10,  4.60714e-09,  5.08622e-10,
00:01:53,    113840,   427.6717,  7.77420e-09,  1.46630e-09,  1.95411e-09,  9.58695e-09,  2.93475e-10,  9.77175e-10,  4.25854e-09,  6.78163e-10,
00:01:54,    114403,   429.9196,  8.21886e-09,  1.56412e-09,  2.28019e-09,  9.12112e-09,  2.93475e-10,  1.07500e-09,  4.67701e-09,  6.78163e-10,
00:01:54,    114966,   432.0352,  8.44118e-09,  1.56412e-09,  1.95411e-09,  1.01449e-08,  3.91300e-10,  8.79350e-10,  4.46739e-09,  5.08622e-10,
00:01:55,    115529,   434.2830,  8.66352e-09,  1.46630e-09,  2.28019e-09,  9.95857e-09,  2.93475e-10,  9.77175e-10,  4.39751e-09,  5.08622e-10,
00:01:56,    116092,   436.3986,  8.88341e-09,  1.66195e-09,  2.28019e-09,  9.77324e-09,  4.89125e-10,  8.79350e-10,  4.32764e-09,  8.47704e-10,
00:01:56,    116655,   438.5143,  8.21886e-09,  1.56412e-09,  2.06280e-09,  1.00517e-08,  3.91300e-10,  9.77175e-10,  4.53726e-09,  6.78163e-10,
00:01:57,    117218,   441.1588,  7.99652e-09,  1.56412e-09,  2.28019e-09,  1.05175e-08,  3.91300e-10,  9.77175e-10,  4.32764e-09,  5.08622e-10,
00:01:57,    117781,   443.5389,  8.66352e-09,  1.46630e-09,  2.17150e-09,  1.00517e-08,  4.89125e-10,  8.79350e-10,  4.25854e-09,  3.39081e-10,
00:01:58,    118344,   445.5223,  8.88584e-09,  1.46630e-09,  1.84661e-09,  1.02381e-08,  4.89125e-10,  8.79350e-10,  4.18866e-09,  5.08622e-10,
00:01:58,    118907,   448.0345,  7.55186e-09,  1.66195e-09,  2.28019e-09,  1.07970e-08,  3.91300e-10,  8.79350e-10,  4.25854e-09,  6.78163e-10,
00:01:59,    119470,   450.2824,  8.88584e-09,  1.66195e-09,  2.28019e-09,  1.05175e-08,  2.93475e-10,  7.81525e-10,  4.25854e-09,  5.08622e-10,
00:02:00,    120033,   452.3980,  8.88584e-09,  1.46630e-09,  2.28019e-09,  1.09834e-08,  3.91300e-10,  9.77175e-10,  4.32764e-09,  5.08622e-10,
00:02:00,    120596,   454.6459,  7.99652e-09,  1.27065e-09,  2.49758e-09,  1.07039e-08,  4.89125e-10,  9.77175e-10,  4.11879e-09,  5.08622e-10,
00:02:01,    121159,   457.0259,  8.66352e-09,  1.36847e-09,  2.28019e-09,  1.09824e-08,  4.89125e-10,  9.77175e-10,  4.18866e-09,  3.39081e-10,
00:02:01,    121722,   459.4060,  8.44118e-09,  1.56412e-09,  1.84661e-09,  1.11687e-08,  4.89125e-10,  9.77175e-10,  4.25854e-09,  6.78163e-10,
00:02:02,    122285,   461.6539,  7.99652e-09,  1.56412e-09,  2.28019e-09,  1.07970e-08,  3.91300e-10,  9.77175e-10,  4.11879e-09,  6.78163e-10,
00:02:02,    122848,   463.7695,  8.44118e-09,  1.36847e-09,  2.38889e-09,  1.02381e-08,  3.91300e-10,  1.07500e-09,  4.11879e-09,  6.78163e-10,
00:02:03,    123411,   466.1495,  8.21886e-09,  1.66195e-09,  2.17150e-09,  1.13550e-08,  3.91300e-10,  9.77175e-10,  4.11879e-09,  5.08622e-10,
00:02:03,    123974,   468.0007,  7.99652e-09,  1.66195e-09,  2.06280e-09,  1.16346e-08,  4.89125e-10,  1.07500e-09,  3.97904e-09,  5.08622e-10,
00:02:04,    124537,   470.7775,  8.44118e-09,  1.56412e-09,  2.17150e-09,  1.10755e-08,  4.89125e-10,  8.79350e-10,  4.04891e-09,  5.08622e-10,
00:02:05,    125100,   472.8931,  7.32955e-09,  1.46630e-09,  2.17150e-09,  1.16346e-08,  5.86950e-10,  1.07500e-09,  4.04891e-09,  5.08622e-10,
00:02:05,    125663,   475.1409,  8.66352e-09,  1.36847e-09,  2.28019e-09,  1.17277e-08,  4.89125e-10,  9.77175e-10,  3.97904e-09,  5.08622e-10,
00:02:06,    126226,   477.3888,  8.88584e-09,  1.66195e-09,  2.17150e-09,  1.13550e-08,  2.93475e-10,  9.77175e-10,  3.97904e-09,  5.08622e-10,
00:02:06,    126789,   479.6366,  7.99652e-09,  1.46630e-09,  2.28019e-09,  1.12619e-08,  3.91300e-10,  9.77175e-10,  4.18866e-09,  6.78163e-10,
00:02:07,    127352,   481.7522,  8.44118e-09,  1.46630e-09,  2.28019e-09,  1.07039e-08,  4.89125e-10,  8.79350e-10,  4.04891e-09,  5.08622e-10,
00:02:07,    127915,   484.1323,  7.99652e-09,  1.66195e-09,  2.17150e-09,  1.10755e-08,  4.89125e-10,  8.79350e-10,  4.04891e-09,  5.08622e-10,
00:02:08,    128478,   486.2479,  7.99652e-09,  1.46630e-09,  2.28019e-09,  1.05175e-08,  2.93475e-10,  9.77175e-10,  3.90916e-09,  3.39081e-10,
00:02:09,    129041,   488.7602,  7.99652e-09,  1.46630e-09,  2.28019e-09,  1.07970e-08,  2.93475e-10,  9.77175e-10,  4.11879e-09,  5.08622e-10,
00:02:09,    129604,   490.8758,  7.32955e-09,  1.27065e-09,  2.17150e-09,  1.05175e-08,  5.86950e-10,  1.07500e-09,  3.97904e-09,  5.08622e-10,
00:02:10,    130167,   492.9914,  8.21886e-09,  1.36847e-09,  2.17150e-09,  1.02381e-08,  4.89125e-10,  1.07500e-09,  3.97904e-09,  3.39081e-10,
00:02:10,    130730,   495.5037,  7.99652e-09,  1.46630e-09,  1.84661e-09,  1.01449e-08,  4.89125e-10,  9.77175e-10,  3.97904e-09,  5.08622e-10,
00:02:11,    131293,   497.8838,  7.55186e-09,  1.36847e-09,  2.28019e-09,  9.77324e-09,  4.89125e-10,  8.79350e-10,  4.11879e-09,  3.39081e-10,
00:02:11,    131856,   499.7350,  8.44118e-09,  1.36847e-09,  2.06280e-09,  9.49379e-09,  3.91300e-10,  8.79350e-10,  3.90916e-09,  5.08622e-10,
00:02:12,    132419,   502.2473,  8.66352e-09,  1.27065e-09,  2.06280e-09,  9.49379e-09,  3.91300e-10,  8.79350e-10,  4.11879e-09,  5.08622e-10,
00:02:12,    132982,   504.3629,  8.21886e-09,  1.36847e-09,  2.06280e-09,  9.77324e-09,  3.91300e-10,  8.79350e-10,  4.18866e-09,  5.08622e-10,
00:02:13,    133545,   506.6107,  8.21886e-09,  1.36847e-09,  2.06280e-09,  8.93479e-09,  4.89125e-10,  7.81525e-10,  3.97904e-09,  6.78163e-10,
00:02:14,    134108,   509.1230,  8.21886e-09,  1.46630e-09,  2.28019e-09,  9.68010e-09,  3.91300e-10,  7.81525e-10,  4.11879e-09,  3.39081e-10,
00:02:14,    134671,   510.9742,  7.99652e-09,  1.56412e-09,  2.17150e-09,  9.02795e-09,  4.89125e-10,  8.79350e-10,  3.97904e-09,  5.08622e-10,
00:02:15,    135234,   513.0898,  7.77420e-09,  1.56412e-09,  2.17150e-09,  9.12112e-09,  4.89125e-10,  9.77175e-10,  3.90916e-09,  6.78163e-10,
00:02:15,    135797,   515.8666,  7.77420e-09,  1.17282e-09,  1.95530e-09,  9.02795e-09,  4.89125e-10,  9.77175e-10,  4.04891e-09,  3.39081e-10,
00:02:16,    136360,   518.2467,  7.77420e-09,  1.36847e-09,  2.38889e-09,  8.46998e-09,  3.91300e-10,  8.79350e-10,  4.11879e-09,  5.08622e-10,
00:02:16,    136923,   520.6267,  7.77420e-09,  1.46630e-09,  2.38889e-09,  8.74948e-09,  3.91300e-10,  1.07500e-09,  3.97904e-09,  5.08622e-10,
00:02:17,    137486,   522.4779,  6.88489e-09,  1.46630e-09,  2.17150e-09,  8.65631e-09,  4.89125e-10,  9.77175e-10,  3.90916e-09,  6.78163e-10,
00:02:18,    138049,   524.7257,  8.66352e-09,  1.36847e-09,  1.95411e-09,  8.56314e-09,  4.89125e-10,  8.79350e-10,  3.62966e-09,  5.08622e-10,
00:02:18,    138612,   526.9736,  7.99652e-09,  1.56412e-09,  1.95411e-09,  8.28365e-09,  2.93475e-10,  8.79350e-10,  4.04891e-09,  5.08622e-10,
00:02:19,    139175,   529.4859,  7.55186e-09,  1.36847e-09,  2.38889e-09,  8.19048e-09,  3.91300e-10,  1.07500e-09,  3.90916e-09,  6.78163e-10,
00:02:19,    139738,   531.4693,  7.99652e-09,  1.27065e-09,  1.95411e-09,  8.37681e-09,  4.89125e-10,  8.79350e-10,  3.97904e-09,  3.39081e-10,
00:02:20,    140301,   533.7171,  7.55186e-09,  1.46630e-09,  2.06280e-09,  8.46998e-09,  3.91300e-10,  8.79350e-10,  3.90916e-09,  5.08622e-10,
00:02:20,    140864,   535.9649,  7.99652e-09,  1.36847e-09,  2.38889e-09,  8.46998e-09,  3.91300e-10,  7.81525e-10,  3.83929e-09,  5.08622e-10,
00:02:21,    141427,   538.2128,  9.32807e-09,  1.36847e-09,  2.17150e-09,  8.37681e-09,  2.93475e-10,  8.79350e-10,  3.69954e-09,  3.39081e-10,
00:02:21,    141990,   540.5929,  9.77273e-09,  1.46630e-09,  2.28019e-09,  8.28365e-09,  4.89125e-10,  1.07500e-09,  3.97904e-09,  6.78163e-10,
00:02:22,    142553,   542.5763,  8.44118e-09,  1.36847e-09,  2.38889e-09,  8.19048e-09,  4.89125e-10,  9.77175e-10,  3.90916e-09,  3.39081e-10,
00:02:23,    143116,   545.2208,  9.55039e-09,  1.27065e-09,  2.28019e-09,  7.72567e-09,  2.93475e-10,  1.07500e-09,  3.69954e-09,  5.08622e-10,
00:02:23,    143679,   547.3364,  8.44118e-09,  1.46630e-09,  2.28019e-09,  8.28365e-09,  6.84775e-10,  9.77175e-10,  3.97904e-09,  5.08622e-10,
00:02:24,    144242,   549.3198,  8.21886e-09,  1.46630e-09,  2.28019e-09,  8.09731e-09,  2.93475e-10,  8.79350e-10,  3.83929e-09,  3.39081e-10,
00:02:24,    144805,   551.6999,  8.44118e-09,  1.46630e-09,  2.17150e-09,  7.81781e-09,  2.93475e-10,  9.77175e-10,  3.69954e-09,  3.39081e-10,
00:02:25,    145368,   554.2122,  8.44118e-09,  1.27065e-09,  2.06280e-09,  7.72567e-09,  4.89125e-10,  9.77175e-10,  3.90916e-09,  3.39081e-10,
00:02:25,    145931,   556.1956,  8.21886e-09,  1.36847e-09,  2.38889e-09,  7.91097e-09,  4.89125e-10,  8.79350e-10,  3.69954e-09,  8.47704e-10,
00:02:26,    146494,   558.4434,  8.21886e-09,  1.56412e-09,  2.38889e-09,  8.46998e-09,  3.91300e-10,  8.79350e-10,  3.76941e-09,  5.08622e-10,
00:02:27,    147057,   560.9557,  8.44118e-09,  1.36847e-09,  2.28019e-09,  7.91097e-09,  2.93475e-10,  9.77175e-10,  3.76941e-09,  5.08622e-10,
00:02:27,    147620,   563.0713,  7.99652e-09,  1.56412e-09,  2.17150e-09,  8.00414e-09,  4.89125e-10,  8.79350e-10,  3.76941e-09,  8.47704e-10,
00:02:28,    148183,   565.1869,  7.99652e-09,  1.46630e-09,  2.28019e-09,  7.91097e-09,  3.91300e-10,  9.77175e-10,  3.90916e-09,  5.08622e-10,
00:02:28,    148746,   567.6992,  7.99652e-09,  1.46630e-09,  2.17150e-09,  8.46998e-09,  2.93475e-10,  9.77175e-10,  4.18866e-09,  5.08622e-10,
00:02:29,    149309,   569.5504,  7.77420e-09,  1.17282e-09,  2.17150e-09,  8.19048e-09,  2.93475e-10,  7.81525e-10,  3.69954e-09,  5.08622e-10,
00:02:29,    149872,   572.1949,  7.10720e-09,  1.56412e-09,  2.28019e-09,  7.91097e-09,  3.91300e-10,  7.81525e-10,  3.90916e-09,  6.78163e-10,
00:02:30,    150435,   574.1783,  7.77420e-09,  1.46630e-09,  2.17150e-09,  8.00414e-09,  4.89125e-10,  7.81525e-10,  3.90916e-09,  5.08622e-10,
00:02:30,    150998,   576.4262,  8.88584e-09,  1.27065e-09,  2.28019e-09,  8.00414e-09,  2.93475e-10,  9.77175e-10,  3.90916e-09,  6.78163e-10,
00:02:31,    151561,   578.8062,  7.55186e-09,  1.36847e-09,  1.95411e-09,  8.28365e-09,  2.93475e-10,  8.79350e-10,  4.11879e-09,  6.78163e-10,
00:02:32,    152124,   581.1863,  7.99652e-09,  1.56412e-09,  2.17150e-09,  8.00414e-09,  3.91300e-10,  7.81525e-10,  3.69954e-09,  6.78163e-10,
00:02:32,    152687,   583.3019,  7.55186e-09,  1.46630e-09,  2.28019e-09,  8.00414e-09,  3.91300e-10,  8.79350e-10,  3.76941e-09,  5.08622e-10,
00:02:33,    153250,   585.6820,  8.21886e-09,  1.27065e-09,  2.06280e-09,  7.72567e-09,  4.89125e-10,  9.77175e-10,  3.90916e-09,  5.08622e-10,
00:02:33,    153813,   587.6654,  7.99652e-09,  1.46630e-09,  2.38889e-09,  8.09731e-09,  3.91300e-10,  7.81525e-10,  3.76941e-09,  5.08622e-10,
00:02:34,    154376,   590.0454,  7.55186e-09,  1.46630e-09,  2.28019e-09,  7.81781e-09,  4.89125e-10,  9.77175e-10,  3.83929e-09,  6.78163e-10,
00:02:34,    154939,   592.5578,  7.55186e-09,  1.36847e-09,  2.28019e-09,  8.00414e-09,  2.93475e-10,  8.79350e-10,  3.90916e-09,  5.08622e-10,
00:02:35,    155502,   594.6734,  7.77420e-09,  1.46630e-09,  2.17150e-09,  8.09731e-09,  1.95650e-10,  9.77175e-10,  3.62966e-09,  6.78163e-10,
00:02:36,    156065,   596.9212,  7.77420e-09,  1.36847e-09,  2.06280e-09,  7.91097e-09,  3.91300e-10,  7.81525e-10,  3.62966e-09,  5.08622e-10,
00:02:36,    156628,   599.0368,  6.66255e-09,  1.27065e-09,  2.17150e-09,  8.28365e-09,  4.89125e-10,  8.79350e-10,  3.97904e-09,  6.78163e-10,
00:02:37,    157191,   601.4169,  7.32955e-09,  1.36847e-09,  2.38889e-09,  7.72567e-09,  3.91300e-10,  9.77175e-10,  3.76941e-09,  6.78163e-10,
00:02:37,    157754,   603.7970,  7.32955e-09,  1.36847e-09,  2.06280e-09,  7.72567e-09,  3.91300e-10,  9.77175e-10,  3.76941e-09,  6.78163e-10,
00:02:38,    158317,   606.1770,  7.77420e-09,  1.27065e-09,  2.28019e-09,  7.91097e-09,  3.91300e-10,  9.77175e-10,  3.83929e-09,  6.78163e-10,
00:02:38,    158880,   608.2927,  7.77420e-09,  1.27065e-09,  2.28019e-09,  7.53933e-09,  4.89125e-10,  9.77175e-10,  3.56055e-09,  6.78163e-10,
00:02:39,    159443,   610.4083,  7.77420e-09,  1.46630e-09,  2.06280e-09,  8.65631e-09,  3.91300e-10,  9.77175e-10,  3.90916e-09,  6.78163e-10,
00:02:40,    160006,   612.6562,  7.55186e-09,  1.46630e-09,  2.28019e-09,  8.19048e-09,  4.89125e-10,  9.77175e-10,  3.76941e-09,  5.08622e-10,
00:02:40,    160569,   615.0362,  7.77420e-09,  1.46630e-09,  2.17150e-09,  7.91097e-09,  3.91300e-10,  1.07500e-09,  3.69954e-09,  5.08622e-10,
00:02:41,    161132,   617.2840,  8.21886e-09,  1.36847e-09,  2.06280e-09,  8.09731e-09,  3.91300e-10,  8.79350e-10,  3.90916e-09,  5.08622e-10,
00:02:41,    161695,   619.5319,  7.99652e-09,  1.27065e-09,  1.95530e-09,  7.63250e-09,  2.93475e-10,  7.81525e-10,  3.90916e-09,  5.08622e-10,
00:02:42,    162258,   621.7797,  8.21886e-09,  1.27065e-09,  2.38889e-09,  7.91097e-09,  4.89125e-10,  1.07500e-09,  3.49068e-09,  6.78163e-10,
00:02:42,    162821,   624.0276,  7.55186e-09,  1.36847e-09,  2.06280e-09,  7.81883e-09,  3.91300e-10,  8.79350e-10,  3.62966e-09,  3.39081e-10,
00:02:43,    163384,   626.2754,  7.55186e-09,  1.36847e-09,  2.17150e-09,  8.00414e-09,  2.93475e-10,  9.77175e-10,  3.69954e-09,  5.08622e-10,
00:02:43,    163947,   628.6555,  7.99652e-09,  1.36847e-09,  2.28019e-09,  7.63250e-09,  4.89125e-10,  9.77175e-10,  3.62966e-09,  6.78163e-10,
00:02:44,    164510,   631.0355,  7.55186e-09,  1.56412e-09,  2.17150e-09,  8.00414e-09,  3.91300e-10,  8.79350e-10,  3.76941e-09,  5.08622e-10,
00:02:45,    165073,   633.0189,  7.32955e-09,  1.56412e-09,  2.17150e-09,  7.63250e-09,  4.89125e-10,  1.07500e-09,  4.04891e-09,  5.08622e-10,
00:02:45,    165636,   635.3990,  7.32955e-09,  1.46630e-09,  2.17150e-09,  8.00414e-09,  4.89125e-10,  9.77175e-10,  3.76941e-09,  5.08622e-10,
00:02:46,    166199,   637.7791,  7.32955e-09,  1.17282e-09,  2.28019e-09,  7.91097e-09,  3.91300e-10,  1.07500e-09,  3.90916e-09,  3.39081e-10,
00:02:46,    166762,   639.8947,  7.10720e-09,  1.27065e-09,  2.38889e-09,  8.19048e-09,  3.91300e-10,  9.77175e-10,  3.69954e-09,  6.78163e-10,
00:02:47,    167325,   642.1425,  6.44023e-09,  1.27065e-09,  2.28019e-09,  7.81781e-09,  4.89125e-10,  9.77175e-10,  3.69954e-09,  3.39081e-10,
00:02:47,    167888,   644.5226,  7.32955e-09,  1.36847e-09,  2.28019e-09,  7.91097e-09,  4.89125e-10,  7.81525e-10,  3.69954e-09,  5.08622e-10,
00:02:48,    168451,   646.6383,  7.55186e-09,  1.36847e-09,  2.38889e-09,  7.53933e-09,  3.91300e-10,  7.81525e-10,  3.97904e-09,  6.78163e-10,
00:02:49,    169014,   648.7539,  7.32955e-09,  1.27065e-09,  2.28019e-09,  8.19048e-09,  4.89125e-10,  7.81525e-10,  3.76941e-09,  5.08622e-10,
00:02:49,    169577,   651.0017,  7.10720e-09,  1.36847e-09,  2.06280e-09,  7.44617e-09,  1.95650e-10,  8.79350e-10,  3.55979e-09,  5.08622e-10,
00:02:50,    170140,   653.2495,  7.99652e-09,  1.36847e-09,  2.17150e-09,  7.91097e-09,  3.91300e-10,  8.79350e-10,  3.76941e-09,  5.08622e-10,
00:02:50,    170703,   655.4974,  7.99652e-09,  1.46630e-09,  2.06280e-09,  8.00414e-09,  3.91300e-10,  7.81525e-10,  3.90916e-09,  5.08622e-10,
00:02:51,    171266,   657.6130,  7.55186e-09,  1.36847e-09,  2.49758e-09,  8.09731e-09,  3.91300e-10,  7.81525e-10,  3.97904e-09,  6.78163e-10,
00:02:51,    171829,   659.9931,  7.55186e-09,  1.46630e-09,  2.28019e-09,  8.37681e-09,  3.91300e-10,  8.79350e-10,  3.56055e-09,  6.78163e-10,
00:02:52,    172392,   662.5054,  6.88489e-09,  1.46630e-09,  2.17150e-09,  7.81781e-09,  2.93475e-10,  8.79350e-10,  3.69954e-09,  6.78163e-10,
00:02:52,    172955,   664.4888,  7.55186e-09,  1.36847e-09,  2.38889e-09,  7.81883e-09,  2.93475e-10,  9.77175e-10,  3.83929e-09,  5.08622e-10,
00:02:53,    173518,   666.4722,  7.10720e-09,  1.36847e-09,  2.49758e-09,  7.81883e-09,  3.91300e-10,  8.79350e-10,  3.69954e-09,  6.78163e-10,
00:02:54,    174081,   668.8523,  6.88489e-09,  1.36847e-09,  2.38889e-09,  8.09731e-09,  2.93475e-10,  7.81525e-10,  3.49068e-09,  5.08622e-10,
00:02:54,    174644,   671.3645,  7.55186e-09,  1.36847e-09,  2.49758e-09,  8.19048e-09,  4.89125e-10,  9.77175e-10,  3.83929e-09,  6.78163e-10,
00:02:55,    175207,   673.7446,  7.32955e-09,  1.46630e-09,  2.17150e-09,  7.91097e-09,  2.93475e-10,  8.79350e-10,  3.76941e-09,  5.08622e-10,
00:02:55,    175770,   675.7280,  7.99652e-09,  1.27065e-09,  2.38889e-09,  8.00414e-09,  4.89125e-10,  9.77175e-10,  3.69954e-09,  6.78163e-10,
00:02:56,    176333,   677.9759,  7.32955e-09,  1.46630e-09,  2.38889e-09,  7.81781e-09,  4.89125e-10,  8.79350e-10,  3.76941e-09,  1.69541e-10,
00:02:56,    176896,   680.4881,  7.77420e-09,  1.17282e-09,  2.38889e-09,  8.00414e-09,  4.89125e-10,  7.81525e-10,  3.62966e-09,  8.47704e-10,
00:02:57,    177459,   683.0005,  7.32955e-09,  1.27065e-09,  2.38889e-09,  8.09731e-09,  2.93475e-10,  7.81525e-10,  3.90916e-09,  6.78163e-10,
00:02:58,    178022,   684.9838,  7.32955e-09,  1.36847e-09,  2.38889e-09,  8.28365e-09,  3.91300e-10,  8.79350e-10,  3.76941e-09,  5.08622e-10,
00:02:58,    178585,   686.9672,  7.55186e-09,  1.27065e-09,  2.38889e-09,  8.46998e-09,  4.89125e-10,  7.81525e-10,  3.76941e-09,  5.08622e-10,
00:02:59,    179148,   689.4795,  7.10720e-09,  1.46630e-09,  2.06280e-09,  7.72567e-09,  6.83700e-10,  8.79350e-10,  3.69954e-09,  6.78163e-10,
00:02:59,    179711,   691.5951,  7.55186e-09,  1.46630e-09,  2.49758e-09,  8.09731e-09,  4.89125e-10,  8.79350e-10,  3.83929e-09,  6.78163e-10,
00:03:00,    180274,   693.8430,  7.55186e-09,  1.27065e-09,  2.49758e-09,  7.63250e-09,  3.91300e-10,  7.81525e-10,  3.83929e-09,  6.78163e-10,
00:03:00,    180837,   696.2230,  7.10720e-09,  1.46630e-09,  2.17150e-09,  7.72567e-09,  4.89125e-10,  9.77175e-10,  3.56055e-09,  6.78163e-10,
00:03:01,    181400,   698.4709,  6.88489e-09,  1.56412e-09,  2.28019e-09,  7.63250e-09,  4.89125e-10,  7.81525e-10,  3.62966e-09,  5.08622e-10,
00:03:01,    181963,   700.8510,  7.77420e-09,  1.36847e-09,  2.28019e-09,  7.91097e-09,  3.91300e-10,  1.07500e-09,  3.49068e-09,  6.78163e-10,
00:03:02,    182526,   702.9666,  7.77420e-09,  1.36847e-09,  2.38889e-09,  7.81883e-09,  5.86950e-10,  8.79350e-10,  3.62966e-09,  3.39081e-10,
00:03:03,    183089,   704.9500,  7.32955e-09,  1.36847e-09,  2.38889e-09,  8.09731e-09,  4.89125e-10,  8.79350e-10,  3.69954e-09,  5.08622e-10,
00:03:03,    183652,   707.4623,  8.88584e-09,  1.36847e-09,  2.49758e-09,  7.81883e-09,  3.91300e-10,  1.07500e-09,  3.69954e-09,  5.08622e-10,
00:03:04,    184215,   709.8424,  7.10720e-09,  1.36847e-09,  2.28019e-09,  8.00414e-09,  3.91300e-10,  8.79350e-10,  3.42080e-09,  5.08622e-10,
00:03:04,    184778,   712.0902,  7.77420e-09,  1.27065e-09,  2.28019e-09,  8.00414e-09,  1.95650e-10,  8.79350e-10,  3.62966e-09,  6.78163e-10,
00:03:05,    185341,   714.3380,  7.32955e-09,  1.36847e-09,  2.38889e-09,  7.81883e-09,  5.86950e-10,  9.77175e-10,  3.55979e-09,  5.08622e-10,
00:03:05,    185904,   716.4536,  8.21886e-09,  1.46630e-09,  2.06280e-09,  8.19048e-09,  3.91300e-10,  8.79350e-10,  3.62966e-09,  6.78163e-10,
00:03:06,    186467,   718.8337,  7.77420e-09,  1.17282e-09,  2.60628e-09,  8.19048e-09,  3.91300e-10,  8.79350e-10,  3.69954e-09,  1.69541e-10,
00:03:07,    187030,   720.9494,  7.10720e-09,  1.36847e-09,  2.49758e-09,  8.00414e-09,  5.86950e-10,  8.79350e-10,  3.56055e-09,  6.78163e-10,
00:03:07,    187593,   723.1972,  7.77420e-09,  1.46630e-09,  2.38889e-09,  7.35300e-09,  2.93475e-10,  8.79350e-10,  3.56055e-09,  3.39081e-10,
00:03:08,    188156,   725.4450,  7.32955e-09,  1.46630e-09,  2.49758e-09,  8.19048e-09,  4.89125e-10,  8.79350e-10,  3.69954e-09,  6.78163e-10,
00:03:08,    188719,   727.5606,  7.32955e-09,  1.46630e-09,  2.38889e-09,  8.19048e-09,  5.86950e-10,  7.81525e-10,  3.76941e-09,  5.08622e-10,
00:03:09,    189282,   730.0730,  7.55186e-09,  1.27065e-09,  2.06280e-09,  8.09731e-09,  2.93475e-10,  7.81525e-10,  3.62966e-09,  6.78163e-10,
00:03:09,    189845,   732.4530,  7.10720e-09,  1.36847e-09,  2.49758e-09,  7.91097e-09,  3.91300e-10,  7.81525e-10,  3.69954e-09,  5.08622e-10,
00:03:10,    190408,   734.4364,  7.99652e-09,  1.46630e-09,  2.06280e-09,  7.81781e-09,  4.89125e-10,  7.81525e-10,  3.69954e-09,  5.08622e-10,
00:03:10,    190971,   736.5520,  6.66255e-09,  1.27065e-09,  2.49758e-09,  7.63250e-09,  3.91300e-10,  9.77175e-10,  3.49068e-09,  6.78163e-10,
00:03:11,    191534,   738.9321,  7.32955e-09,  1.27065e-09,  2.17150e-09,  8.00414e-09,  1.95650e-10,  9.77175e-10,  3.55979e-09,  3.39081e-10,
00:03:12,    192097,   741.0478,  7.55186e-09,  1.36847e-09,  2.60628e-09,  8.00414e-09,  3.91300e-10,  7.81525e-10,  3.49068e-09,  8.47704e-10,
00:03:12,    192660,   743.9567,  7.99652e-09,  1.36847e-09,  2.60628e-09,  8.19048e-09,  1.95650e-10,  6.84775e-10,  3.69954e-09,  3.39081e-10,
00:03:13,    193223,   746.0723,  7.32955e-09,  1.36847e-09,  2.28019e-09,  7.81883e-09,  2.93475e-10,  9.77175e-10,  3.76941e-09,  5.08622e-10,
00:03:13,    193786,   748.3202,  7.55186e-09,  1.27065e-09,  2.17150e-09,  8.09731e-09,  4.89125e-10,  8.79350e-10,  3.56055e-09,  8.47704e-10,
00:03:14,    194349,   750.3036,  7.10720e-09,  1.27065e-09,  2.28019e-09,  7.72567e-09,  4.89125e-10,  8.79350e-10,  3.42080e-09,  5.08622e-10,
00:03:14,    194912,   752.5514,  7.10720e-09,  1.27065e-09,  2.28019e-09,  7.81781e-09,  3.91300e-10,  7.81525e-10,  3.83929e-09,  5.08622e-10,
00:03:15,    195475,   754.7992,  7.32955e-09,  1.17282e-09,  2.28019e-09,  8.00414e-09,  3.91300e-10,  8.79350e-10,  3.83929e-09,  3.39081e-10,
00:03:16,    196038,   757.1793,  7.55186e-09,  1.56412e-09,  2.28019e-09,  7.91097e-09,  4.89125e-10,  7.81525e-10,  3.55979e-09,  5.08622e-10,
00:03:16,    196601,   759.2949,  6.88489e-09,  1.36847e-09,  2.49758e-09,  8.00414e-09,  4.89125e-10,  7.81525e-10,  3.69954e-09,  5.08622e-10,
00:03:17,    197164,   761.8072,  7.10720e-09,  1.36847e-09,  2.49758e-09,  7.91097e-09,  4.89125e-10,  8.79350e-10,  3.55979e-09,  3.39081e-10,
00:03:17,    197727,   764.0551,  7.32955e-09,  1.36847e-09,  2.38889e-09,  8.19048e-09,  3.91300e-10,  6.83700e-10,  3.49068e-09,  5.08622e-10,
00:03:18,    198290,   766.4351,  7.55186e-09,  1.46630e-09,  2.38889e-09,  8.09731e-09,  3.91300e-10,  8.79350e-10,  3.76941e-09,  5.08622e-10,
00:03:18,    198853,   768.4185,  7.10720e-09,  1.46630e-09,  2.28019e-09,  8.00414e-09,  3.91300e-10,  8.79350e-10,  3.55979e-09,  5.08622e-10,
00:03:19,    199416,   770.5341,  7.55186e-09,  1.36847e-09,  2.49758e-09,  7.81883e-09,  2.93475e-10,  7.81525e-10,  3.55979e-09,  5.08622e-10,
00:03:19,    199979,   772.7820,  7.77420e-09,  1.46630e-09,  2.38889e-09,  8.28365e-09,  4.89125e-10,  9.77175e-10,  3.42080e-09,  5.08622e-10,
00:03:20,    200542,   775.2943,  7.10720e-09,  1.27065e-09,  2.49758e-09,  7.63250e-09,  4.89125e-10,  8.79350e-10,  3.56055e-09,  8.47704e-10,
00:03:21,    201105,   777.2777,  7.77420e-09,  1.27065e-09,  2.60628e-09,  8.00414e-09,  3.91300e-10,  8.79350e-10,  3.49068e-09,  6.78163e-10,
00:03:21,    201668,   779.5255,  6.88489e-09,  1.27065e-09,  2.49758e-09,  7.91200e-09,  4.89125e-10,  8.79350e-10,  3.97904e-09,  6.78163e-10,
00:03:22,    202231,   781.9056,  7.10720e-09,  1.46630e-09,  2.49758e-09,  8.09731e-09,  2.93475e-10,  7.81525e-10,  3.62966e-09,  6.78163e-10,
00:03:22,    202794,   784.4179,  7.32955e-09,  1.36847e-09,  2.38889e-09,  7.91097e-09,  2.93475e-10,  6.83700e-10,  3.69954e-09,  5.08622e-10,
00:03:23,    203357,   786.6657,  5.99800e-09,  1.27065e-09,  2.49758e-09,  7.72567e-09,  3.91300e-10,  7.81525e-10,  3.69954e-09,  6.78163e-10,
00:03:23,    203920,   788.9136,  6.88489e-09,  1.27065e-09,  2.17150e-09,  8.37681e-09,  3.91300e-10,  8.79350e-10,  3.69954e-09,  5.08622e-10,
00:03:24,    204483,   791.0292,  8.21886e-09,  1.17282e-09,  2.60628e-09,  8.00414e-09,  3.91300e-10,  9.77175e-10,  3.62966e-09,  5.08622e-10,
00:03:25,    205046,   793.2771,  7.32955e-09,  1.36847e-09,  2.60628e-09,  8.09731e-09,  2.93475e-10,  6.84775e-10,  3.56055e-09,  8.47704e-10,
00:03:25,    205609,   795.3927,  6.66255e-09,  1.36847e-09,  2.49758e-09,  8.28365e-09,  4.89125e-10,  7.81525e-10,  3.56055e-09,  5.08622e-10,
00:03:26,    206172,   797.7727,  6.66255e-09,  1.46630e-09,  2.60628e-09,  8.28365e-09,  2.93475e-10,  7.81525e-10,  3.42080e-09,  5.08622e-10,
00:03:26,    206735,   800.0206,  7.32955e-09,  1.56412e-09,  2.71497e-09,  8.93479e-09,  3.91300e-10,  6.83700e-10,  3.35093e-09,  5.08622e-10,
00:03:27,    207298,   802.2685,  7.32955e-09,  1.17282e-09,  2.38889e-09,  8.09731e-09,  4.89125e-10,  7.81525e-10,  3.49068e-09,  5.08622e-10,
00:03:27,    207861,   804.6485,  7.55186e-09,  1.27065e-09,  2.49758e-09,  7.53933e-09,  3.91300e-10,  7.81525e-10,  3.49068e-09,  5.08622e-10,
00:03:28,    208424,   806.7641,  7.10720e-09,  1.17282e-09,  2.38889e-09,  8.19048e-09,  3.91300e-10,  8.79350e-10,  3.56055e-09,  6.78163e-10,
00:03:28,    208987,   808.8797,  7.32955e-09,  1.36847e-09,  2.28019e-09,  8.37681e-09,  2.93475e-10,  7.81525e-10,  3.42080e-09,  5.08622e-10,
00:03:29,    209550,   811.3921,  7.32955e-09,  1.17282e-09,  2.60628e-09,  8.28365e-09,  1.95650e-10,  8.79350e-10,  3.49068e-09,  3.39081e-10,
00:03:30,    210113,   813.5077,  7.55186e-09,  1.27065e-09,  2.49758e-09,  8.46998e-09,  3.91300e-10,  6.84775e-10,  3.49068e-09,  5.08622e-10,
00:03:30,    210676,   815.7555,  6.66255e-09,  1.17282e-09,  2.38889e-09,  8.37681e-09,  3.91300e-10,  7.81525e-10,  3.49068e-09,  3.39081e-10,
00:03:31,    211239,   818.1356,  7.10720e-09,  1.27065e-09,  2.71497e-09,  8.56314e-09,  4.89125e-10,  7.81525e-10,  3.69954e-09,  5.08622e-10,
00:03:31,    211802,   820.2512,  7.55186e-09,  1.46630e-09,  2.71497e-09,  8.56314e-09,  3.91300e-10,  7.81525e-10,  3.28105e-09,  1.69541e-10,
00:03:32,    212365,   822.4990,  7.32955e-09,  1.27065e-09,  2.49758e-09,  8.37681e-09,  3.91300e-10,  7.81525e-10,  3.49068e-09,  5.08622e-10,
00:03:32,    212928,   824.8791,  7.32955e-09,  1.36847e-09,  2.28019e-09,  8.37681e-09,  4.89125e-10,  5.86950e-10,  3.62966e-09,  5.08622e-10,
00:03:33,    213491,   827.2592,  7.32955e-09,  1.36847e-09,  2.71497e-09,  8.37681e-09,  4.89125e-10,  7.81525e-10,  3.28105e-09,  5.08622e-10,
00:03:34,    214054,   829.3748,  7.10720e-09,  1.27065e-09,  2.60628e-09,  8.37681e-09,  3.91300e-10,  7.81525e-10,  3.35093e-09,  5.08622e-10,
00:03:34,    214617,   831.4904,  7.55186e-09,  1.56412e-09,  2.60628e-09,  8.93479e-09,  4.89125e-10,  8.79350e-10,  3.42080e-09,  5.08622e-10,
00:03:35,    215180,   834.0027,  6.88489e-09,  1.17282e-09,  2.38889e-09,  8.28365e-09,  2.93475e-10,  6.84775e-10,  3.28105e-09,  5.08622e-10,
00:03:35,    215743,   836.1183,  7.10720e-09,  1.46630e-09,  2.28019e-09,  8.19048e-09,  3.91300e-10,  6.84775e-10,  3.28105e-09,  3.39081e-10,
00:03:36,    216306,   838.2340,  7.32955e-09,  1.46630e-09,  2.49758e-09,  8.37681e-09,  4.89125e-10,  6.83700e-10,  3.21118e-09,  5.08622e-10,
00:03:36,    216869,   840.6140,  8.21886e-09,  1.36847e-09,  2.71497e-09,  8.65631e-09,  4.89125e-10,  6.83700e-10,  3.35093e-09,  5.08622e-10,
00:03:37,    217432,   843.1263,  7.10720e-09,  1.36847e-09,  2.49758e-09,  8.56314e-09,  3.91300e-10,  8.79350e-10,  3.49068e-09,  3.39081e-10,
00:03:37,    217995,   845.1097,  6.66255e-09,  1.36847e-09,  2.49758e-09,  8.28365e-09,  3.91300e-10,  7.81525e-10,  3.49068e-09,  3.39081e-10,
00:03:38,    218558,   847.4898,  6.66255e-09,  1.36847e-09,  2.60628e-09,  8.46998e-09,  4.89125e-10,  7.81525e-10,  3.35093e-09,  6.78163e-10,
00:03:39,    219121,   849.7376,  7.10720e-09,  1.17282e-09,  2.82367e-09,  8.65631e-09,  3.91300e-10,  6.84775e-10,  3.35093e-09,  6.78163e-10,
00:03:39,    219684,   851.7210,  6.22034e-09,  1.17282e-09,  2.71497e-09,  8.84265e-09,  4.89125e-10,  7.81525e-10,  3.49068e-09,  5.08622e-10,
00:03:40,    220247,   853.9688,  6.66255e-09,  1.56412e-09,  2.49758e-09,  8.37681e-09,  4.89125e-10,  7.81525e-10,  3.56055e-09,  5.08622e-10,
00:03:40,    220810,   856.4812,  7.77420e-09,  1.36847e-09,  2.60628e-09,  8.74948e-09,  3.91300e-10,  7.81525e-10,  3.49068e-09,  3.39081e-10,
00:03:41,    221373,   858.5968,  7.99652e-09,  1.07500e-09,  2.93236e-09,  8.84162e-09,  3.91300e-10,  7.81525e-10,  3.35093e-09,  5.08622e-10,
00:03:41,    221936,   860.8446,  7.10720e-09,  1.17282e-09,  2.71497e-09,  8.84162e-09,  3.91300e-10,  6.84775e-10,  3.28105e-09,  3.39081e-10,
00:03:42,    222499,   863.2247,  7.77420e-09,  1.36847e-09,  2.71497e-09,  9.02795e-09,  3.91300e-10,  7.81525e-10,  3.21118e-09,  5.08622e-10,
00:03:43,    223062,   865.4726,  7.77420e-09,  1.07500e-09,  2.60628e-09,  8.74948e-09,  3.91300e-10,  7.81525e-10,  3.42080e-09,  3.39081e-10,
00:03:43,    223625,   867.9848,  7.55186e-09,  1.07500e-09,  2.71497e-09,  8.84265e-09,  4.89125e-10,  7.81525e-10,  3.35093e-09,  5.08622e-10,
00:03:44,    224188,   869.9682,  7.77420e-09,  1.17282e-09,  2.38889e-09,  9.12112e-09,  4.89125e-10,  6.83700e-10,  3.28105e-09,  6.78163e-10,
00:03:44,    224751,   872.2161,  7.55186e-09,  1.17282e-09,  2.49758e-09,  9.02795e-09,  5.86950e-10,  7.81525e-10,  3.42080e-09,  5.08622e-10,
00:03:45,    225314,   874.3317,  7.10720e-09,  1.27065e-09,  2.82367e-09,  9.30746e-09,  4.89125e-10,  7.81525e-10,  3.35093e-09,  5.08622e-10,
00:03:45,    225877,   876.8440,  7.77420e-09,  1.27065e-09,  2.93236e-09,  9.02795e-09,  3.91300e-10,  7.81525e-10,  3.42080e-09,  5.08622e-10,
00:03:46,    226440,   878.9596,  7.77420e-09,  1.36847e-09,  2.49758e-09,  9.30746e-09,  4.89125e-10,  7.81525e-10,  3.35093e-09,  6.78163e-10,
00:03:47,    227003,   881.4719,  7.99652e-09,  1.27065e-09,  2.60628e-09,  8.74948e-09,  4.89125e-10,  6.83700e-10,  3.56055e-09,  5.08622e-10,
00:03:47,    227566,   883.5876,  7.55186e-09,  1.27065e-09,  2.82367e-09,  9.02795e-09,  3.91300e-10,  9.77175e-10,  3.49068e-09,  5.08622e-10,
00:03:48,    228129,   885.7032,  7.77420e-09,  1.07500e-09,  2.93236e-09,  9.02795e-09,  2.93475e-10,  7.81525e-10,  3.49068e-09,  6.78163e-10,
00:03:48,    228692,   888.2154,  7.55186e-09,  1.27065e-09,  3.04106e-09,  9.02795e-09,  3.91300e-10,  6.83700e-10,  3.21118e-09,  5.08622e-10,
00:03:49,    229255,   890.3311,  7.10720e-09,  1.36847e-09,  2.71497e-09,  9.30746e-09,  3.91300e-10,  5.86950e-10,  3.42080e-09,  3.39081e-10,
00:03:49,    229818,   892.7112,  7.77420e-09,  1.36847e-09,  2.71497e-09,  8.84162e-09,  3.91300e-10,  8.79350e-10,  3.56055e-09,  5.08622e-10,
00:03:50,    230381,   894.6946,  6.44023e-09,  1.27065e-09,  2.71497e-09,  8.56314e-09,  5.86950e-10,  5.86950e-10,  3.35093e-09,  3.39081e-10,
00:03:50,    230944,   897.0746,  7.32955e-09,  1.36847e-09,  2.60628e-09,  9.40062e-09,  3.91300e-10,  6.83700e-10,  3.42080e-09,  5.08622e-10,
00:03:51,    231507,   899.4547,  7.32955e-09,  1.36847e-09,  2.82367e-09,  9.40062e-09,  3.91300e-10,  6.83700e-10,  3.56055e-09,  5.08622e-10,
00:03:52,    232070,   901.7025,  7.99652e-09,  1.27065e-09,  2.49758e-09,  9.58695e-09,  3.91300e-10,  6.84775e-10,  3.42080e-09,  6.78163e-10,
00:03:52,    232633,   904.2148,  6.44266e-09,  1.27065e-09,  2.82367e-09,  9.30746e-09,  2.93475e-10,  6.83700e-10,  3.21118e-09,  3.39081e-10,
00:03:53,    233196,   906.1982,  6.88489e-09,  1.27065e-09,  2.71497e-09,  9.30746e-09,  3.91300e-10,  6.83700e-10,  3.21118e-09,  5.08622e-10,
00:03:53,    233759,   908.3138,  7.32955e-09,  1.27065e-09,  3.04106e-09,  9.77324e-09,  4.89125e-10,  8.79350e-10,  3.35093e-09,  3.39081e-10,
00:03:54,    234322,   910.5617,  7.55186e-09,  1.27065e-09,  2.71497e-09,  9.21429e-09,  5.86950e-10,  6.83700e-10,  3.28105e-09,  6.78163e-10,
00:03:54,    234885,   913.0740,  6.88489e-09,  1.27065e-09,  2.71497e-09,  9.30746e-09,  3.91300e-10,  5.86950e-10,  3.35093e-09,  3.39081e-10,
00:03:55,    235448,   915.0573,  7.10720e-09,  1.36847e-09,  2.71497e-09,  8.65631e-09,  2.93475e-10,  7.81525e-10,  3.21118e-09,  5.08622e-10,
00:03:56,    236011,   917.3052,  6.66255e-09,  1.07500e-09,  3.04106e-09,  9.30746e-09,  3.91300e-10,  6.83700e-10,  3.42080e-09,  6.78163e-10,
00:03:56,    236574,   919.6853,  7.10720e-09,  1.27065e-09,  2.82367e-09,  9.30746e-09,  2.93475e-10,  7.81525e-10,  3.49068e-09,  5.08622e-10,
00:03:57,    237137,   921.6687,  6.66255e-09,  1.36847e-09,  2.82367e-09,  9.49379e-09,  4.89125e-10,  6.84775e-10,  3.21118e-09,  5.08622e-10,
00:03:57,    237700,   924.0487,  7.32955e-09,  9.77175e-10,  2.93236e-09,  8.93479e-09,  2.93475e-10,  8.79350e-10,  3.14130e-09,  5.08622e-10,
00:03:58,    238263,   926.5610,  6.88489e-09,  1.17282e-09,  2.71497e-09,  9.58695e-09,  2.93475e-10,  6.83700e-10,  3.42080e-09,  5.08622e-10,
00:03:58,    238826,   928.5444,  7.10720e-09,  1.27065e-09,  2.60628e-09,  8.93479e-09,  3.91300e-10,  6.83700e-10,  3.42080e-09,  6.78163e-10,
00:03:59,    239389,   930.7922,  7.55186e-09,  1.27065e-09,  2.82367e-09,  9.49379e-09,  4.89125e-10,  4.89125e-10,  3.35093e-09,  6.78163e-10,
00:03:59,    239952,   933.3046,  7.10720e-09,  1.17282e-09,  2.82367e-09,  9.40062e-09,  3.91300e-10,  7.81525e-10,  3.35093e-09,  5.08622e-10,
00:04:00,    240515,   935.4202,  7.10720e-09,  1.17282e-09,  2.93236e-09,  9.12112e-09,  4.89125e-10,  7.81525e-10,  3.42080e-09,  5.08622e-10,
00:04:01,    241078,   937.6680,  7.10720e-09,  1.17282e-09,  2.60628e-09,  9.49379e-09,  5.86950e-10,  5.86950e-10,  3.42080e-09,  3.39081e-10,
00:04:01,    241641,   939.7836,  7.99652e-09,  1.27065e-09,  3.04106e-09,  8.93479e-09,  4.89125e-10,  5.86950e-10,  3.42080e-09,  5.08622e-10,
00:04:02,    242204,   942.0314,  6.44023e-09,  1.36847e-09,  2.71497e-09,  8.93479e-09,  2.93475e-10,  5.86950e-10,  3.49068e-09,  6.78163e-10,
00:04:02,    242767,   944.5438,  7.32955e-09,  1.17282e-09,  3.14856e-09,  9.30746e-09,  4.89125e-10,  5.86950e-10,  3.56055e-09,  6.78163e-10,
00:04:03,    243330,   946.7916,  7.32955e-09,  1.36847e-09,  2.82367e-09,  9.02795e-09,  4.89125e-10,  6.83700e-10,  3.21118e-09,  5.08622e-10,
00:04:03,    243893,   949.0394,  7.32955e-09,  1.27065e-09,  2.82367e-09,  9.30746e-09,  3.91300e-10,  6.84775e-10,  3.28105e-09,  5.08622e-10,
00:04:04,    244456,   951.1551,  7.77420e-09,  1.27065e-09,  2.82367e-09,  8.93479e-09,  3.91300e-10,  6.84775e-10,  3.35093e-09,  6.78163e-10,
00:04:05,    245019,   953.4029,  7.32955e-09,  1.27065e-09,  2.93236e-09,  9.49379e-09,  2.93475e-10,  6.83700e-10,  3.35093e-09,  5.08622e-10,
00:04:05,    245582,   955.7830,  7.77420e-09,  1.36847e-09,  2.71497e-09,  8.74948e-09,  4.89125e-10,  6.83700e-10,  3.35093e-09,  5.08622e-10,
00:04:06,    246145,   957.7664,  6.22034e-09,  1.27065e-09,  2.93236e-09,  9.21429e-09,  3.91300e-10,  6.83700e-10,  3.21118e-09,  5.08622e-10,
00:04:06,    246708,   960.1464,  7.55186e-09,  1.36847e-09,  2.93236e-09,  8.84162e-09,  3.91300e-10,  7.81525e-10,  3.49068e-09,  6.78163e-10,
00:04:07,    247271,   962.3943,  7.32955e-09,  1.27065e-09,  2.93236e-09,  8.74948e-09,  3.91300e-10,  7.81525e-10,  3.28105e-09,  5.08622e-10,
00:04:07,    247834,   964.3777,  6.88489e-09,  1.17282e-09,  2.82367e-09,  8.65631e-09,  3.91300e-10,  6.83700e-10,  3.55979e-09,  3.39081e-10,
00:04:08,    248397,   966.6256,  6.88489e-09,  1.17282e-09,  3.04106e-09,  8.37681e-09,  4.89125e-10,  7.81525e-10,  3.21118e-09,  5.08622e-10,
00:04:08,    248960,   969.5345,  7.10720e-09,  1.07500e-09,  3.04106e-09,  8.74948e-09,  3.91300e-10,  5.86950e-10,  3.21118e-09,  5.08622e-10,
00:04:09,    249523,   971.5179,  6.66255e-09,  1.27065e-09,  2.71497e-09,  8.56314e-09,  5.86950e-10,  7.81525e-10,  3.49068e-09,  5.08622e-10,
00:04:10,    250086,   973.6335,  7.32955e-09,  1.17282e-09,  3.25724e-09,  8.74948e-09,  3.91300e-10,  9.77175e-10,  3.42080e-09,  3.39081e-10,
00:04:10,    250649,   976.0136,  6.88489e-09,  1.27065e-09,  2.93236e-09,  8.74948e-09,  4.89125e-10,  7.81525e-10,  3.42080e-09,  5.08622e-10,
00:04:11,    251212,   977.9970,  7.10720e-09,  1.27065e-09,  3.14974e-09,  8.74948e-09,  3.91300e-10,  5.86950e-10,  3.28105e-09,  5.08622e-10,
00:04:11,    251775,   980.7738,  7.55186e-09,  1.27065e-09,  3.36594e-09,  8.46998e-09,  3.91300e-10,  6.84775e-10,  3.62966e-09,  3.39081e-10,
00:04:12,    252338,   982.7572,  7.32955e-09,  1.17282e-09,  2.82367e-09,  8.84265e-09,  4.89125e-10,  7.81525e-10,  3.42080e-09,  6.78163e-10,
00:04:12,    252901,   985.2694,  6.88489e-09,  1.46630e-09,  2.93236e-09,  8.65631e-09,  3.91300e-10,  7.81525e-10,  3.49068e-09,  6.78163e-10,
00:04:13,    253464,   987.3850,  7.32955e-09,  1.17282e-09,  3.14974e-09,  8.09731e-09,  3.91300e-10,  6.83700e-10,  3.49068e-09,  5.08622e-10,
00:04:14,    254027,   989.6329,  7.55186e-09,  1.27065e-09,  3.04106e-09,  8.46998e-09,  4.89125e-10,  7.82600e-10,  3.35093e-09,  6.78163e-10,
00:04:14,    254590,   991.8808,  7.32955e-09,  1.27065e-09,  2.71497e-09,  8.19048e-09,  4.89125e-10,  6.83700e-10,  3.35093e-09,  5.08622e-10,
00:04:15,    255153,   994.1286,  7.32955e-09,  1.36847e-09,  3.25724e-09,  8.46998e-09,  4.89125e-10,  6.83700e-10,  3.56055e-09,  5.08622e-10,
00:04:15,    255716,   996.2442,  7.10720e-09,  1.27065e-09,  3.14974e-09,  8.56314e-09,  2.93475e-10,  7.81525e-10,  3.28105e-09,  5.08622e-10,
00:04:16,    256279,   998.6243,  6.44266e-09,  1.27065e-09,  3.25724e-09,  8.00414e-09,  3.91300e-10,  8.79350e-10,  3.28105e-09,  5.08622e-10,
00:04:16,    256842,  1000.8722,  7.32955e-09,  1.27065e-09,  3.14856e-09,  8.19048e-09,  4.89125e-10,  9.77175e-10,  3.28105e-09,  6.78163e-10,
00:04:17,    257405,  1003.2522,  7.55186e-09,  1.27065e-09,  2.82367e-09,  8.46998e-09,  4.89125e-10,  9.77175e-10,  3.56055e-09,  1.69541e-10,
00:04:17,    257968,  1005.2356,  7.10720e-09,  1.27065e-09,  3.14974e-09,  8.28365e-09,  2.93475e-10,  8.79350e-10,  3.42080e-09,  6.78163e-10,
00:04:18,    258531,  1007.6157,  6.88489e-09,  1.07500e-09,  2.93236e-09,  8.65631e-09,  2.93475e-10,  6.83700e-10,  3.21118e-09,  5.08622e-10,
00:04:19,    259094,  1009.8635,  7.10720e-09,  1.17282e-09,  3.04106e-09,  8.09731e-09,  3.91300e-10,  7.81525e-10,  3.42080e-09,  5.08622e-10,
