0000000625,scans,0000000104,DataLength
"header",0000000025,"lines"
"Date",4/24/2016,"Time",7:21:49 PM
"ID","HAL RC RGA 301 #14852","Version",3
"Scans",6
"Scan ID","Mode","Input","Scanned","Start","Stop","Increment","Dwell","Settle","RS","RelSEM"
"Scan 1","RGA","Temperature","none",0.40,0.40,0.01,10.000,8.000,1.000000,1.000000,
"Scan 2","RGA","SEM","mass",2.00,2.00,0.01,10.000,8.000,0.440000,1.000000,
"Scan 3","RGA","SEM","mass",16.00,16.00,0.01,10.000,8.000,0.098000,1.000000,
"Scan 4","RGA","SEM","mass",18.00,18.00,0.01,10.000,8.000,0.900000,1.000000,
"Scan 5","RGA","SEM","mass",28.00,28.00,0.01,10.000,8.000,1.050000,1.000000,
"Scan 6","RGA","SEM","mass",44.00,44.00,0.01,10.000,8.000,1.400000,1.000000,
"Environment",
"Global","RGA"
"F1",1,"( 1 = on, 0 = off )"
"F2",0,"( 1 = on, 0 = off )"
"cage",3.3,"V"
"delta-m",0,"%"
"electron-energy",70.0,"V"
"emission",1000.000,"uA"
"focus",-90,"V"
"mass",5.50,"amu"
"mode-change-delay",1000,"ms"
"multiplier",1000,"V"
"resolution",0,"%"
"Data",6
"Time","ms","Scan 1 : none 0.40","Hydrogen","Oxygen-16","Water","Carbon monoxide","Carbon dioxide",
00:00:01,      1219,   170.3596,  0.00000e+00,  5.48469e-11,  1.67222e-11,  3.07143e-12, -5.37500e-12,
00:00:01,      1651,   170.4918,  2.44318e-10,  3.18112e-10,  1.88722e-10,  1.92476e-10,  8.36964e-11,
00:00:02,      2083,   170.4918,  9.03977e-09,  5.79184e-09,  1.25297e-09,  2.14590e-09,  7.13339e-10,
00:00:02,      2514,   170.3596,  1.17273e-08,  5.44082e-09,  1.04156e-09,  2.12748e-09,  6.45000e-10,
00:00:02,      2946,   170.3596,  1.19716e-08,  5.10077e-09,  1.02364e-09,  2.14386e-09,  5.01411e-10,
00:00:03,      3378,   170.3596,  1.22159e-08,  5.58342e-09,  7.78778e-10,  2.09573e-09,  5.02179e-10,
00:00:03,      3809,   170.3596,  1.19716e-08,  3.95995e-09,  6.85611e-10,  2.05786e-09,  5.21375e-10,
00:00:04,      4241,   170.4918,  1.19716e-08,  3.95995e-09,  6.98750e-10,  2.09983e-09,  4.86054e-10,
00:00:04,      4673,   170.4918,  1.22159e-08,  4.15740e-09,  5.54222e-10,  2.14283e-09,  4.13875e-10,
00:00:05,      5104,   170.2274,  1.27045e-08,  4.39872e-09,  5.54222e-10,  2.10597e-09,  4.33071e-10,
00:00:05,      5536,   170.3596,  1.22159e-08,  3.47730e-09,  5.82889e-10,  2.08550e-09,  4.05429e-10,
00:00:05,      5968,   170.3596,  1.24602e-08,  3.77347e-09,  5.02861e-10,  2.01383e-09,  3.87768e-10,
00:00:06,      6399,   170.4918,  1.27045e-08,  4.28903e-09,  4.92111e-10,  2.11826e-09,  4.31536e-10,
00:00:06,      6831,   170.4918,  1.24602e-08,  4.45357e-09,  4.53889e-10,  1.99233e-09,  3.53214e-10,
00:00:07,      7263,   170.3596,  1.22159e-08,  4.34388e-09,  4.53889e-10,  1.99643e-09,  3.47839e-10,
00:00:07,      7694,   170.7563,  1.14830e-08,  3.95995e-09,  5.06444e-10,  1.99438e-09,  3.64732e-10,
00:00:08,      8126,   170.6241,  1.24602e-08,  4.20128e-09,  4.51500e-10,  2.02202e-09,  3.30179e-10,
00:00:08,      8558,   170.4918,  1.27045e-08,  4.20128e-09,  4.70611e-10,  2.00973e-09,  3.91607e-10,
00:00:08,      8989,   170.6241,  1.24602e-08,  4.36582e-09,  4.35972e-10,  1.89405e-09,  3.68571e-10,
00:00:09,      9421,   170.3596,  1.31932e-08,  4.40969e-09,  4.64639e-10,  1.96878e-09,  3.24036e-10,
00:00:09,      9853,   170.3596,  1.29489e-08,  4.70587e-09,  4.57472e-10,  2.07935e-09,  3.22500e-10,
00:00:10,     10284,   170.4918,  1.24602e-08,  3.86122e-09,  4.53889e-10,  2.05171e-09,  3.47839e-10,
00:00:10,     10716,   170.4918,  1.29489e-08,  3.86122e-09,  4.75389e-10,  2.03226e-09,  3.20964e-10,
00:00:11,     11148,   170.6241,  1.27045e-08,  4.15740e-09,  3.76250e-10,  2.07833e-09,  2.94857e-10,
00:00:11,     11579,   170.3596,  1.24602e-08,  3.11531e-09,  3.52361e-10,  2.01895e-09,  3.16357e-10,
00:00:11,     11993,   170.4918,  1.24602e-08,  3.94898e-09,  3.63111e-10,  2.06502e-09,  3.38625e-10,
00:00:12,     12424,   170.4918,  1.22159e-08,  3.99286e-09,  4.34778e-10,  1.96264e-09,  3.34786e-10,
00:00:12,     12856,   170.3596,  1.24602e-08,  3.65281e-09,  4.31194e-10,  1.92476e-09,  3.33250e-10,
00:00:13,     13288,   170.3596,  1.27045e-08,  3.95995e-09,  3.65500e-10,  2.07629e-09,  3.59357e-10,
00:00:13,     13719,   170.4918,  1.22159e-08,  3.70765e-09,  3.89389e-10,  2.04352e-09,  3.17125e-10,
00:00:14,     14151,   170.6241,  1.24602e-08,  4.16837e-09,  4.52694e-10,  2.10086e-09,  3.04071e-10,
00:00:14,     14583,   170.4918,  1.27045e-08,  3.85026e-09,  3.36833e-10,  1.95957e-09,  3.07143e-10,
00:00:15,     15014,   170.3596,  1.27045e-08,  4.00383e-09,  4.02528e-10,  2.03021e-09,  3.37857e-10,
00:00:15,     15446,   170.6241,  1.27045e-08,  3.44439e-09,  3.55944e-10,  2.09369e-09,  2.97929e-10,
00:00:15,     15878,   170.3596,  1.29489e-08,  3.60893e-09,  4.44333e-10,  1.93910e-09,  3.08679e-10,
00:00:16,     16309,   170.4918,  1.27045e-08,  3.66378e-09,  4.09694e-10,  2.09267e-09,  3.81625e-10,
00:00:16,     16741,   170.6241,  1.27045e-08,  3.37857e-09,  3.63111e-10,  2.03021e-09,  2.87946e-10,
00:00:17,     17173,   170.4918,  1.22159e-08,  3.52117e-09,  3.61917e-10,  2.05478e-09,  3.20196e-10,
00:00:17,     17604,   170.4918,  1.27045e-08,  3.45536e-09,  3.53556e-10,  2.03943e-09,  3.40161e-10,
00:00:18,     18036,   170.3596,  1.19716e-08,  3.08240e-09,  3.16528e-10,  2.01383e-09,  3.19429e-10,
00:00:18,     18468,   170.3596,  1.24602e-08,  3.26888e-09,  3.46389e-10,  1.85207e-09,  3.41696e-10,
00:00:18,     18899,   170.6241,  1.27045e-08,  4.25612e-09,  4.14472e-10,  1.98311e-09,  3.12518e-10,
00:00:19,     19331,   170.3596,  1.22159e-08,  4.58520e-09,  3.71472e-10,  2.11724e-09,  3.13286e-10,
00:00:19,     19763,   170.3596,  1.22159e-08,  3.81735e-09,  3.64306e-10,  2.17048e-09,  3.50911e-10,
00:00:20,     20194,   170.4918,  1.17273e-08,  4.15740e-09,  3.73861e-10,  2.10495e-09,  3.34018e-10,
00:00:20,     20626,   170.4918,  1.24602e-08,  4.14643e-09,  3.90583e-10,  2.07935e-09,  3.31714e-10,
00:00:21,     21058,   170.6241,  1.24602e-08,  4.58520e-09,  3.63111e-10,  1.91248e-09,  3.30179e-10,
00:00:21,     21489,   170.3596,  1.17273e-08,  3.19209e-09,  3.82222e-10,  1.99233e-09,  2.84875e-10,
00:00:21,     21921,   170.6241,  1.19716e-08,  3.99286e-09,  3.64306e-10,  1.91554e-09,  3.07143e-10,
00:00:22,     22334,   170.4918,  1.24602e-08,  3.66378e-09,  3.22500e-10,  1.95650e-09,  3.37857e-10,
00:00:22,     22766,   170.3596,  1.24602e-08,  3.80638e-09,  4.04917e-10,  1.89814e-09,  2.73357e-10,
00:00:23,     23198,   170.3596,  1.17273e-08,  3.02755e-09,  3.79833e-10,  1.94830e-09,  3.32482e-10,
00:00:23,     23629,   170.4918,  1.19716e-08,  3.42245e-09,  3.84611e-10,  1.92783e-09,  3.19429e-10,
00:00:24,     24061,   170.4918,  1.22159e-08,  3.87219e-09,  3.72667e-10,  2.03124e-09,  3.57821e-10,
00:00:24,     24493,   170.6241,  1.22159e-08,  3.30179e-09,  2.75917e-10,  2.00769e-09,  3.31714e-10,
00:00:24,     24924,   170.2274,  1.22159e-08,  4.09158e-09,  3.83417e-10,  2.56669e-09,  3.01000e-10,
00:00:25,     25356,   170.4918,  1.24602e-08,  4.32194e-09,  4.06111e-10,  2.94038e-09,  2.85643e-10,
00:00:25,     25788,   170.7563,  1.22159e-08,  4.47551e-09,  3.44000e-10,  2.95983e-09,  3.70107e-10,
00:00:26,     26219,   170.3596,  1.29489e-08,  3.89413e-09,  4.02528e-10,  3.00078e-09,  3.59357e-10,
00:00:26,     26651,   170.6241,  1.24602e-08,  3.89413e-09,  3.94167e-10,  2.61378e-09,  3.08679e-10,
00:00:27,     27083,   170.3596,  1.29489e-08,  3.93801e-09,  3.44000e-10,  2.33735e-09,  3.26339e-10,
00:00:27,     27514,   170.2274,  1.22159e-08,  3.60893e-09,  4.27611e-10,  2.20119e-09,  2.83339e-10,
00:00:27,     27928,   170.0952,  1.22159e-08,  3.85026e-09,  4.08500e-10,  2.24930e-09,  3.41696e-10,
00:00:28,     28359,   170.2274,  1.27045e-08,  3.00561e-09,  3.88194e-10,  2.23190e-09,  3.57821e-10,
00:00:28,     28791,   170.0952,  1.27045e-08,  3.91607e-09,  3.75056e-10,  2.01690e-09,  2.87946e-10,
00:00:29,     29223,   170.2274,  1.27045e-08,  3.38954e-09,  3.73861e-10,  2.29845e-09,  3.27875e-10,
00:00:29,     29654,   170.2274,  1.22159e-08,  4.12449e-09,  3.30861e-10,  2.06502e-09,  2.75661e-10,
00:00:30,     30086,   170.4918,  1.36818e-08,  3.93801e-09,  3.33250e-10,  2.20630e-09,  3.60125e-10,
00:00:30,     30518,   170.3596,  1.24602e-08,  3.63087e-09,  3.15333e-10,  2.03430e-09,  3.83929e-10,
00:00:30,     30949,   170.3596,  1.22159e-08,  3.98189e-09,  4.10889e-10,  2.04250e-09,  2.54929e-10,
00:00:31,     31381,   170.6241,  1.27045e-08,  3.98189e-09,  4.01333e-10,  2.00359e-09,  3.13286e-10,
00:00:31,     31813,   170.4918,  1.27045e-08,  3.13724e-09,  3.42806e-10,  2.01383e-09,  3.07911e-10,
00:00:32,     32244,   170.6241,  1.24602e-08,  3.10434e-09,  3.53556e-10,  2.18173e-09,  3.03304e-10,
00:00:32,     32676,   170.4918,  1.27045e-08,  3.58699e-09,  3.75056e-10,  2.16638e-09,  3.12518e-10,
00:00:33,     33108,   170.4918,  1.27045e-08,  3.36760e-09,  3.88194e-10,  2.25135e-09,  2.92554e-10,
00:00:33,     33539,   170.3596,  1.27045e-08,  3.42245e-09,  3.42806e-10,  2.12850e-09,  2.96393e-10,
00:00:33,     33971,   170.3596,  1.24602e-08,  2.68750e-09,  3.64306e-10,  2.15511e-09,  3.43232e-10,
00:00:34,     34403,   170.4918,  1.19716e-08,  3.30179e-09,  4.22833e-10,  2.15205e-09,  3.09446e-10,
00:00:34,     34834,   170.4918,  1.22159e-08,  3.34566e-09,  3.52361e-10,  2.00871e-09,  3.44000e-10,
00:00:35,     35266,   170.6241,  1.27045e-08,  3.37857e-09,  3.90583e-10,  2.11314e-09,  3.47071e-10,
00:00:35,     35698,   170.3596,  1.22159e-08,  3.33469e-09,  3.70278e-10,  2.07526e-09,  3.12518e-10,
00:00:36,     36129,   170.3596,  1.24602e-08,  3.83929e-09,  3.76250e-10,  1.95548e-09,  2.94089e-10,
00:00:36,     36561,   170.3596,  1.24602e-08,  4.00383e-09,  3.65500e-10,  1.95240e-09,  2.74125e-10,
00:00:36,     36974,   170.2274,  1.22159e-08,  3.10434e-09,  3.90583e-10,  1.95752e-09,  2.76429e-10,
00:00:37,     37388,   170.3596,  1.22159e-08,  3.45536e-09,  3.24889e-10,  2.04864e-09,  3.14821e-10,
00:00:37,     37819,   170.4918,  1.19716e-08,  3.41148e-09,  3.20111e-10,  2.04045e-09,  3.12518e-10,
00:00:38,     38251,   170.4918,  1.19716e-08,  3.58699e-09,  2.99806e-10,  1.94830e-09,  3.22500e-10,
00:00:38,     38683,   170.4918,  1.24602e-08,  3.92704e-09,  3.87000e-10,  1.95035e-09,  3.44768e-10,
00:00:39,     39114,   170.3596,  1.19716e-08,  3.67474e-09,  3.06972e-10,  1.99233e-09,  3.14821e-10,
00:00:39,     39546,   170.4918,  1.24602e-08,  3.93801e-09,  3.75056e-10,  1.96878e-09,  3.29411e-10,
00:00:39,     39978,   170.4918,  1.29489e-08,  3.85026e-09,  3.27278e-10,  1.96264e-09,  3.00232e-10,
00:00:40,     40409,   170.3596,  1.22159e-08,  3.47730e-09,  3.15333e-10,  2.04557e-09,  3.10214e-10,
00:00:40,     40841,   170.3596,  1.24602e-08,  3.63087e-09,  4.03722e-10,  2.00973e-09,  3.10982e-10,
00:00:41,     41273,   170.3596,  1.27045e-08,  4.37679e-09,  3.42806e-10,  1.93807e-09,  2.90250e-10,
00:00:41,     41704,   170.3596,  1.24602e-08,  3.34566e-09,  4.31194e-10,  2.16024e-09,  3.01768e-10,
00:00:42,     42136,   170.3596,  1.17273e-08,  4.00383e-09,  3.47583e-10,  1.96673e-09,  3.12518e-10,
00:00:42,     42568,   170.2274,  1.22159e-08,  3.69668e-09,  3.82222e-10,  2.09573e-09,  2.80268e-10,
00:00:42,     42999,   170.3596,  1.14830e-08,  3.47730e-09,  2.87861e-10,  2.13157e-09,  2.95625e-10,
00:00:43,     43431,   170.3596,  1.14830e-08,  3.02755e-09,  3.51167e-10,  2.01383e-09,  2.88714e-10,
00:00:43,     43863,   170.2274,  1.17273e-08,  3.18112e-09,  3.46389e-10,  1.94626e-09,  2.91786e-10,
00:00:44,     44294,   170.3596,  1.17273e-08,  3.34566e-09,  3.22500e-10,  1.94319e-09,  3.52446e-10,
00:00:44,     44726,   170.2274,  1.17273e-08,  2.89592e-09,  2.59194e-10,  1.99643e-09,  3.61661e-10,
00:00:45,     45158,   170.6241,  1.19716e-08,  3.01658e-09,  3.14139e-10,  2.01997e-09,  3.63964e-10,
00:00:45,     45589,   170.6241,  1.17273e-08,  3.72959e-09,  3.33250e-10,  2.41721e-09,  3.09446e-10,
00:00:46,     46021,   170.6241,  1.17273e-08,  3.61990e-09,  2.96222e-10,  2.98338e-09,  3.87768e-10,
00:00:46,     46453,   170.8885,  1.17273e-08,  3.44439e-09,  4.64639e-10,  2.68954e-09,  3.91607e-10,
00:00:46,     46884,   171.9463,  1.24602e-08,  4.79362e-09,  5.45861e-10,  2.48990e-09,  3.70107e-10,
00:00:47,     47316,   172.4752,  1.27045e-08,  4.08061e-09,  5.92444e-10,  2.43257e-09,  3.78554e-10,
00:00:47,     47748,   174.0619,  1.44148e-08,  4.06964e-09,  5.72139e-10,  2.21450e-09,  3.83929e-10,
00:00:48,     48179,   175.5164,  1.88125e-08,  3.49923e-09,  6.52167e-10,  2.19914e-09,  3.95446e-10,
00:00:48,     48611,   178.4254,  2.41875e-08,  4.22321e-09,  5.96028e-10,  2.09164e-09,  3.83161e-10,
00:00:49,     49043,   180.8055,  3.24943e-08,  3.91607e-09,  4.70611e-10,  1.96571e-09,  4.10804e-10,
00:00:49,     49474,   183.8467,  3.76250e-08,  2.95077e-09,  4.98083e-10,  1.96162e-09,  3.79321e-10,
00:00:49,     49906,   187.2846,  3.95795e-08,  2.84107e-09,  5.10028e-10,  1.93807e-09,  3.41696e-10,
00:00:50,     50338,   190.7224,  3.93352e-08,  3.81735e-09,  4.83750e-10,  1.82954e-09,  3.70875e-10,
00:00:50,     50769,   194.0281,  3.83580e-08,  3.80638e-09,  4.15667e-10,  2.05171e-09,  3.40929e-10,
00:00:51,     51201,   197.3337,  3.54261e-08,  3.26888e-09,  4.13278e-10,  1.88483e-09,  3.87768e-10,
00:00:51,     51633,   200.3750,  3.22500e-08,  3.67474e-09,  3.88194e-10,  2.10188e-09,  3.51679e-10,
00:00:52,     52064,   202.8872,  2.98068e-08,  3.19209e-09,  3.18917e-10,  1.83262e-09,  2.69518e-10,
00:00:52,     52478,   205.5318,  2.56534e-08,  3.18112e-09,  3.81028e-10,  1.85719e-09,  2.97161e-10,
00:00:52,     52909,   207.9118,  2.56534e-08,  3.67474e-09,  4.27611e-10,  1.98311e-09,  3.47071e-10,
00:00:53,     53341,   210.0275,  2.34545e-08,  3.74056e-09,  3.54750e-10,  1.89200e-09,  3.20196e-10,
00:00:53,     53773,   212.1431,  2.29659e-08,  3.00561e-09,  3.20111e-10,  1.74969e-09,  3.05607e-10,
00:00:54,     54204,   213.7298,  2.22330e-08,  3.09337e-09,  3.02194e-10,  1.85105e-09,  3.50911e-10,
00:00:54,     54636,   215.7132,  2.15000e-08,  3.48827e-09,  3.71472e-10,  1.92373e-09,  3.39393e-10,
00:00:55,     55068,   216.6388,  2.24773e-08,  2.90689e-09,  3.52361e-10,  1.94319e-09,  3.23268e-10,
00:00:55,     55499,   218.0932,  2.12557e-08,  3.53214e-09,  3.46389e-10,  1.77835e-09,  3.34018e-10,
00:00:55,     55931,   219.6800,  2.17443e-08,  3.66378e-09,  3.49972e-10,  1.83364e-09,  2.91786e-10,
00:00:56,     56363,   220.7378,  2.15000e-08,  2.90689e-09,  3.44000e-10,  1.85514e-09,  2.97929e-10,
00:00:56,     56794,   222.0600,  2.12557e-08,  4.01480e-09,  3.90583e-10,  1.88688e-09,  3.18661e-10,
00:00:57,     57226,   223.1178,  2.22330e-08,  3.30179e-09,  3.34444e-10,  1.89405e-09,  3.59357e-10,
00:00:57,     57658,   224.3079,  2.24773e-08,  3.23597e-09,  3.23694e-10,  1.80600e-09,  3.35554e-10,
00:00:58,     58089,   225.4979,  2.36989e-08,  3.60893e-09,  5.06444e-10,  1.95138e-09,  2.85643e-10,
00:00:58,     58503,   226.5557,  2.39432e-08,  3.20306e-09,  4.55083e-10,  1.77835e-09,  2.65679e-10,
00:00:58,     58934,   228.1424,  2.61420e-08,  2.61071e-09,  3.76250e-10,  1.81521e-09,  3.20964e-10,
00:00:59,     59366,   229.9936,  2.61420e-08,  3.17015e-09,  3.64306e-10,  1.95240e-09,  3.31714e-10,
00:00:59,     59798,   231.3159,  2.61420e-08,  3.91607e-09,  4.31194e-10,  1.80395e-09,  3.86232e-10,
00:01:00,     60229,   233.1670,  2.46761e-08,  3.38954e-09,  3.73861e-10,  1.95445e-09,  3.37857e-10,
00:01:00,     60661,   234.6215,  2.44318e-08,  3.61990e-09,  4.71806e-10,  1.96878e-09,  3.85464e-10,
00:01:01,     61093,   236.2082,  2.39432e-08,  3.14821e-09,  4.04917e-10,  1.81419e-09,  4.03893e-10,
00:01:01,     61524,   238.0594,  2.32102e-08,  3.58699e-09,  4.41944e-10,  1.83569e-09,  3.24804e-10,
00:01:01,     61956,   240.0428,  2.27216e-08,  3.36760e-09,  4.06111e-10,  1.93602e-09,  3.65500e-10,
00:01:02,     62388,   242.2906,  2.12557e-08,  3.35663e-09,  3.79833e-10,  1.95035e-09,  3.73179e-10,
00:01:02,     62819,   244.0096,  2.15000e-08,  3.51020e-09,  3.79833e-10,  1.76505e-09,  3.39393e-10,
00:01:03,     63251,   246.2574,  2.02784e-08,  3.65281e-09,  5.04056e-10,  1.93192e-09,  3.14054e-10,
00:01:03,     63683,   248.3730,  1.97898e-08,  3.30179e-09,  5.32722e-10,  1.80805e-09,  3.42464e-10,
00:01:04,     64114,   250.2242,  2.02784e-08,  3.13724e-09,  4.07306e-10,  1.82033e-09,  3.20964e-10,
00:01:04,     64546,   252.0754,  1.88125e-08,  3.52117e-09,  4.78972e-10,  1.94114e-09,  3.67036e-10,
00:01:04,     64978,   254.1910,  1.88125e-08,  3.99286e-09,  4.78972e-10,  1.92067e-09,  3.37089e-10,
00:01:05,     65409,   255.6455,  1.80795e-08,  3.56505e-09,  4.80167e-10,  1.88892e-09,  4.07732e-10,
00:01:05,     65841,   257.7611,  1.78352e-08,  3.24694e-09,  5.14806e-10,  1.86333e-09,  3.59357e-10,
00:01:06,     66273,   259.7445,  1.85682e-08,  3.36760e-09,  4.53889e-10,  1.82852e-09,  3.58589e-10,
00:01:06,     66704,   261.3312,  1.68580e-08,  2.75332e-09,  4.92111e-10,  1.87869e-09,  3.95446e-10,
00:01:07,     67136,   263.1824,  1.80795e-08,  3.40051e-09,  5.50639e-10,  1.84797e-09,  3.45536e-10,
00:01:07,     67568,   264.6369,  1.75909e-08,  3.21403e-09,  5.64972e-10,  1.86948e-09,  3.59357e-10,
00:01:07,     67999,   266.3558,  1.75909e-08,  3.10434e-09,  5.20778e-10,  1.87357e-09,  3.44000e-10,
00:01:08,     68431,   268.0748,  1.73466e-08,  3.55408e-09,  5.19583e-10,  1.80088e-09,  3.67036e-10,
00:01:08,     68863,   269.5292,  1.73466e-08,  2.90689e-09,  5.66167e-10,  1.87459e-09,  3.83929e-10,
00:01:09,     69294,   271.1160,  1.75909e-08,  4.33291e-09,  5.24361e-10,  1.87050e-09,  3.23268e-10,
00:01:09,     69726,   272.8349,  1.78352e-08,  3.95995e-09,  5.31528e-10,  1.88995e-09,  3.30946e-10,
00:01:10,     70158,   274.4216,  1.80795e-08,  3.66378e-09,  5.82889e-10,  1.76300e-09,  4.03893e-10,
00:01:10,     70589,   276.0083,  1.71023e-08,  3.36760e-09,  6.02000e-10,  1.88688e-09,  3.73179e-10,
00:01:11,     71021,   277.9917,  1.80795e-08,  3.46633e-09,  6.10361e-10,  1.91554e-09,  4.07732e-10,
00:01:11,     71453,   279.4462,  1.85682e-08,  3.87219e-09,  5.18389e-10,  1.82443e-09,  3.86232e-10,
00:01:11,     71884,   281.1651,  1.75909e-08,  3.57602e-09,  5.44667e-10,  1.79269e-09,  3.63964e-10,
00:01:12,     72316,   282.7518,  1.83239e-08,  3.83929e-09,  6.17528e-10,  1.82545e-09,  3.36321e-10,
00:01:12,     72748,   284.7352,  1.80795e-08,  3.52117e-09,  5.35111e-10,  1.92886e-09,  3.49375e-10,
00:01:13,     73179,   286.1897,  1.78352e-08,  3.40051e-09,  5.75722e-10,  1.89302e-09,  3.77786e-10,
00:01:13,     73611,   287.7764,  1.80795e-08,  3.48827e-09,  6.43806e-10,  1.78143e-09,  3.50143e-10,
00:01:14,     74024,   289.7598,  1.88125e-08,  4.05867e-09,  5.92444e-10,  1.89916e-09,  3.53214e-10,
00:01:14,     74438,   291.6110,  1.75909e-08,  2.98367e-09,  5.72139e-10,  1.82033e-09,  3.98518e-10,
00:01:14,     74869,   293.3299,  1.78352e-08,  3.63087e-09,  4.98083e-10,  1.85821e-09,  3.92375e-10,
00:01:15,     75301,   295.0489,  1.85682e-08,  3.41148e-09,  6.15139e-10,  1.96673e-09,  3.07143e-10,
00:01:15,     75733,   296.7678,  1.78352e-08,  3.95995e-09,  5.36306e-10,  1.97697e-09,  3.80089e-10,
00:01:16,     76164,   298.7512,  1.83239e-08,  3.81735e-09,  5.42278e-10,  1.91248e-09,  3.53982e-10,
00:01:16,     76596,   300.3379,  1.83239e-08,  3.77347e-09,  6.27083e-10,  1.78962e-09,  3.67036e-10,
00:01:17,     77028,   302.3213,  1.90568e-08,  3.43342e-09,  6.07972e-10,  1.86129e-09,  3.83161e-10,
00:01:17,     77459,   303.6436,  2.00341e-08,  3.27985e-09,  5.27944e-10,  1.79269e-09,  4.00821e-10,
00:01:17,     77891,   305.4947,  1.88125e-08,  3.42245e-09,  5.23167e-10,  1.80088e-09,  3.82393e-10,
00:01:18,     78323,   307.3459,  1.95455e-08,  3.35663e-09,  5.11222e-10,  1.93705e-09,  3.80089e-10,
00:01:18,     78754,   309.0649,  1.93011e-08,  4.19031e-09,  5.08833e-10,  1.84592e-09,  3.90839e-10,
00:01:19,     79186,   310.6516,  2.00341e-08,  3.51020e-09,  5.14806e-10,  1.83467e-09,  3.96214e-10,
00:01:19,     79618,   312.3705,  2.10114e-08,  3.57602e-09,  4.80167e-10,  1.77938e-09,  3.69339e-10,
00:01:20,     80049,   314.0894,  2.10114e-08,  3.52117e-09,  4.88528e-10,  1.76811e-09,  3.43232e-10,
00:01:20,     80481,   315.8084,  2.12557e-08,  3.71862e-09,  4.61056e-10,  1.80805e-09,  3.60893e-10,
00:01:20,     80913,   317.6596,  2.07670e-08,  3.31276e-09,  3.65500e-10,  1.87562e-09,  3.92375e-10,
00:01:21,     81344,   319.3785,  2.17443e-08,  2.90689e-09,  4.94500e-10,  1.81829e-09,  3.67036e-10,
00:01:21,     81776,   321.2297,  2.32102e-08,  4.02577e-09,  4.59861e-10,  1.88995e-09,  3.67804e-10,
00:01:22,     82208,   322.8164,  2.32102e-08,  3.71862e-09,  4.46722e-10,  1.88995e-09,  3.98518e-10,
00:01:22,     82639,   324.4031,  2.36989e-08,  3.33469e-09,  4.75389e-10,  1.88176e-09,  3.87768e-10,
00:01:23,     83071,   325.9898,  2.41875e-08,  3.42245e-09,  4.14472e-10,  1.76505e-09,  3.44000e-10,
00:01:23,     83503,   327.8410,  2.49205e-08,  3.18112e-09,  4.49111e-10,  1.84388e-09,  3.93911e-10,
00:01:23,     83934,   329.4277,  2.49205e-08,  3.34566e-09,  4.43139e-10,  1.87459e-09,  3.60125e-10,
00:01:24,     84366,   331.5433,  2.49205e-08,  2.57781e-09,  4.07306e-10,  1.84490e-09,  3.83929e-10,
00:01:24,     84798,   333.1300,  2.51648e-08,  3.42245e-09,  3.88194e-10,  1.84388e-09,  3.67036e-10,
00:01:25,     85211,   334.8490,  2.56534e-08,  3.32372e-09,  3.64306e-10,  1.74048e-09,  4.20018e-10,
00:01:25,     85643,   336.3035,  2.66307e-08,  3.51020e-09,  3.58333e-10,  1.91862e-09,  3.50911e-10,
00:01:26,     86074,   338.1546,  2.66307e-08,  3.51020e-09,  4.33583e-10,  1.81419e-09,  3.96982e-10,
00:01:26,     86506,   339.7413,  2.63864e-08,  3.90510e-09,  4.21639e-10,  1.89200e-09,  3.22500e-10,
00:01:26,     86938,   341.7247,  2.73636e-08,  3.90510e-09,  3.20111e-10,  1.81419e-09,  3.65500e-10,
00:01:27,     87369,   343.3114,  2.71193e-08,  3.55408e-09,  3.98944e-10,  1.86538e-09,  4.02357e-10,
00:01:27,     87801,   345.0304,  2.83409e-08,  3.54311e-09,  4.63444e-10,  1.80805e-09,  3.87000e-10,
00:01:28,     88233,   346.8815,  2.83409e-08,  4.45357e-09,  4.07306e-10,  1.73229e-09,  3.79321e-10,
00:01:28,     88664,   348.4682,  3.02955e-08,  3.09337e-09,  4.13278e-10,  1.85924e-09,  3.63196e-10,
00:01:29,     89096,   350.4516,  2.95625e-08,  3.36760e-09,  3.77444e-10,  1.88073e-09,  3.90839e-10,
00:01:29,     89528,   352.4350,  3.05398e-08,  2.81913e-09,  3.94167e-10,  1.84900e-09,  3.50911e-10,
00:01:29,     89959,   354.0217,  3.22500e-08,  3.54311e-09,  4.07306e-10,  1.74969e-09,  3.78554e-10,
00:01:30,     90391,   355.7407,  3.49375e-08,  3.00561e-09,  3.64306e-10,  1.74559e-09,  3.86232e-10,
00:01:30,     90823,   357.3274,  3.61591e-08,  2.87398e-09,  3.78639e-10,  1.69440e-09,  4.11571e-10,
00:01:31,     91254,   359.1786,  3.71364e-08,  3.51020e-09,  4.45528e-10,  1.60021e-09,  3.46304e-10,
00:01:31,     91686,   360.8975,  3.78693e-08,  3.95995e-09,  4.04917e-10,  1.68929e-09,  3.73946e-10,
00:01:32,     92118,   362.4842,  3.88466e-08,  3.71862e-09,  3.67889e-10,  1.75173e-09,  4.16946e-10,
00:01:32,     92531,   364.3354,  3.88466e-08,  3.08240e-09,  4.44333e-10,  1.64730e-09,  4.26929e-10,
00:01:32,     92963,   366.1865,  3.95795e-08,  3.58699e-09,  4.43139e-10,  1.73535e-09,  3.34786e-10,
00:01:33,     93394,   367.6410,  3.86023e-08,  2.91786e-09,  4.28806e-10,  1.84797e-09,  3.83161e-10,
00:01:33,     93826,   369.4922,  3.95795e-08,  3.07143e-09,  4.38361e-10,  1.78757e-09,  4.11571e-10,
00:01:34,     94258,   370.9467,  3.90909e-08,  3.37857e-09,  4.41944e-10,  1.80497e-09,  4.01589e-10,
00:01:34,     94689,   372.7979,  3.73807e-08,  3.47730e-09,  3.76250e-10,  1.80088e-09,  3.94679e-10,
00:01:35,     95121,   374.5168,  3.61591e-08,  3.76250e-09,  3.88194e-10,  1.80292e-09,  3.87768e-10,
00:01:35,     95553,   376.3680,  3.37159e-08,  4.11352e-09,  3.54750e-10,  1.82852e-09,  3.77786e-10,
00:01:35,     95984,   377.9547,  3.05398e-08,  3.75153e-09,  3.90583e-10,  1.69543e-09,  3.62429e-10,
00:01:36,     96416,   379.8058,  2.76080e-08,  3.74056e-09,  3.89389e-10,  1.83467e-09,  3.70875e-10,
00:01:36,     96848,   381.6570,  2.49205e-08,  3.47730e-09,  3.83417e-10,  1.82033e-09,  3.63964e-10,
00:01:37,     97279,   383.3760,  2.24773e-08,  3.75153e-09,  3.78639e-10,  1.72511e-09,  4.20018e-10,
00:01:37,     97711,   385.0949,  2.05227e-08,  4.11352e-09,  4.37167e-10,  1.66471e-09,  3.66268e-10,
00:01:38,     98143,   386.6816,  1.78352e-08,  3.93801e-09,  3.79833e-10,  1.76914e-09,  3.60125e-10,
00:01:38,     98574,   388.4006,  1.58807e-08,  3.59796e-09,  4.68222e-10,  1.82033e-09,  3.40161e-10,
00:01:39,     99006,   390.2517,  1.58807e-08,  3.45536e-09,  3.95361e-10,  1.82648e-09,  4.29232e-10,
00:01:39,     99438,   391.8384,  1.49034e-08,  4.37679e-09,  4.07306e-10,  1.82852e-09,  3.99286e-10,
00:01:39,     99869,   393.6896,  1.31932e-08,  4.24515e-09,  4.18056e-10,  1.92271e-09,  3.60125e-10,
00:01:40,    100301,   395.4085,  1.34375e-08,  4.21224e-09,  3.46389e-10,  1.94933e-09,  4.18482e-10,
00:01:40,    100714,   396.8630,  1.31932e-08,  4.04770e-09,  4.15667e-10,  1.89814e-09,  4.21554e-10,
00:01:41,    101146,   398.7142,  1.24602e-08,  3.78444e-09,  3.96556e-10,  1.83773e-09,  4.06196e-10,
00:01:41,    101578,   400.4331,  1.24602e-08,  3.48827e-09,  3.29667e-10,  1.84286e-09,  4.00054e-10,
00:01:42,    102009,   402.2843,  1.17273e-08,  3.95995e-09,  3.76250e-10,  1.77630e-09,  4.29232e-10,
00:01:42,    102441,   404.0032,  1.19716e-08,  3.09337e-09,  3.94167e-10,  1.76914e-09,  4.40750e-10,
00:01:42,    102873,   405.7222,  1.14830e-08,  4.21224e-09,  2.96222e-10,  1.88586e-09,  3.95446e-10,
00:01:43,    103286,   407.1767,  1.07500e-08,  3.82832e-09,  3.35639e-10,  1.84183e-09,  4.08500e-10,
00:01:43,    103718,   409.0278,  1.09943e-08,  3.54311e-09,  4.32389e-10,  1.87152e-09,  3.67804e-10,
00:01:44,    104149,   410.8790,  1.07500e-08,  3.63087e-09,  3.65500e-10,  1.83773e-09,  3.62429e-10,
00:01:44,    104581,   412.4657,  1.05057e-08,  3.87219e-09,  3.22500e-10,  1.82750e-09,  3.83161e-10,
00:01:45,    105013,   414.3169,  1.07500e-08,  3.24694e-09,  3.83417e-10,  1.83978e-09,  3.83161e-10,
00:01:45,    105444,   416.0358,  1.07500e-08,  3.54311e-09,  3.47583e-10,  1.91759e-09,  4.75304e-10,
00:01:45,    105876,   417.4903,  1.07500e-08,  3.86122e-09,  3.95361e-10,  1.91350e-09,  4.96804e-10,
00:01:46,    106308,   419.3415,  1.05057e-08,  3.26888e-09,  3.84611e-10,  2.01486e-09,  3.90071e-10,
00:01:46,    106739,   421.3249,  9.77273e-09,  3.37857e-09,  3.40417e-10,  1.86948e-09,  3.92375e-10,
00:01:47,    107171,   423.1760,  1.09943e-08,  3.46633e-09,  3.23694e-10,  1.99643e-09,  4.26161e-10,
00:01:47,    107603,   424.6305,  9.77273e-09,  3.77347e-09,  3.34444e-10,  1.88688e-09,  4.30768e-10,
00:01:48,    108034,   426.3495,  1.02614e-08,  3.92704e-09,  3.83417e-10,  1.99335e-09,  3.66268e-10,
00:01:48,    108466,   428.0684,  1.02614e-08,  3.51020e-09,  3.92972e-10,  1.86333e-09,  4.16179e-10,
00:01:48,    108898,   429.9196,  1.02614e-08,  3.77347e-09,  3.82222e-10,  2.04352e-09,  4.08500e-10,
00:01:49,    109329,   431.5063,  1.00170e-08,  3.41148e-09,  4.15667e-10,  2.04148e-09,  4.42286e-10,
00:01:49,    109761,   433.3574,  1.02614e-08,  3.25791e-09,  4.02528e-10,  2.08754e-09,  4.36143e-10,
00:01:50,    110193,   434.6797,  1.00170e-08,  3.89413e-09,  3.96556e-10,  2.04659e-09,  4.21554e-10,
00:01:50,    110624,   436.9275,  9.77273e-09,  3.42245e-09,  3.40417e-10,  2.12133e-09,  4.17714e-10,
00:01:51,    111056,   438.2498,  1.00170e-08,  3.65281e-09,  3.51167e-10,  1.96059e-09,  4.13875e-10,
00:01:51,    111488,   440.1010,  1.02614e-08,  3.41148e-09,  3.91778e-10,  2.07014e-09,  4.33839e-10,
00:01:51,    111919,   441.9521,  9.52841e-09,  3.36760e-09,  3.75056e-10,  2.17969e-09,  4.30000e-10,
00:01:52,    112351,   443.8033,  1.02614e-08,  3.20306e-09,  3.46389e-10,  2.04045e-09,  4.46893e-10,
00:01:52,    112783,   445.3900,  9.77273e-09,  3.20306e-09,  3.70278e-10,  2.13464e-09,  4.20018e-10,
00:01:53,    113214,   447.2412,  9.77273e-09,  3.52117e-09,  3.69083e-10,  2.15410e-09,  3.71643e-10,
00:01:53,    113646,   448.9601,  1.00170e-08,  3.32372e-09,  3.24889e-10,  2.22167e-09,  4.26161e-10,
00:01:54,    114078,   450.4146,  1.02614e-08,  3.88316e-09,  3.82222e-10,  2.26671e-09,  4.34607e-10,
00:01:54,    114491,   452.1336,  1.07500e-08,  3.59796e-09,  3.84611e-10,  2.48478e-09,  4.08500e-10,
00:01:54,    114923,   453.7203,  1.00170e-08,  3.17015e-09,  3.18917e-10,  2.45714e-09,  3.83161e-10,
00:01:55,    115354,   455.5714,  1.00170e-08,  3.58699e-09,  4.03722e-10,  2.40697e-09,  4.02357e-10,
00:01:55,    115786,   457.4226,  1.00170e-08,  3.47730e-09,  4.51500e-10,  2.62914e-09,  4.06196e-10,
00:01:56,    116218,   459.2738,  1.05057e-08,  3.99286e-09,  3.85806e-10,  2.78783e-09,  4.40750e-10,
00:01:56,    116649,   460.9927,  1.02614e-08,  3.36760e-09,  3.97750e-10,  2.68750e-09,  4.41518e-10,
00:01:57,    117081,   462.8439,  1.05057e-08,  4.02577e-09,  3.63111e-10,  2.77759e-09,  3.90839e-10,
00:01:57,    117513,   464.1661,  1.02614e-08,  3.32372e-09,  4.07306e-10,  2.80216e-09,  4.08500e-10,
00:01:57,    117944,   466.1495,  9.77273e-09,  4.14643e-09,  3.42806e-10,  2.90454e-09,  4.33839e-10,
00:01:58,    118376,   467.6040,  9.77273e-09,  3.86122e-09,  3.42806e-10,  2.89021e-09,  3.53982e-10,
00:01:58,    118808,   469.3230,  1.05057e-08,  3.85026e-09,  3.15333e-10,  3.14411e-09,  4.42286e-10,
00:01:59,    119239,   471.3064,  1.02614e-08,  3.70765e-09,  3.60722e-10,  2.95573e-09,  4.24625e-10,
00:01:59,    119671,   472.8931,  1.00170e-08,  3.60893e-09,  4.09694e-10,  3.05811e-09,  3.82393e-10,
00:02:00,    120103,   474.4798,  9.77273e-09,  3.52117e-09,  3.77444e-10,  3.22090e-09,  3.86232e-10,
00:02:00,    120534,   476.1987,  9.77273e-09,  3.40051e-09,  3.76250e-10,  3.11135e-09,  3.76250e-10,
00:02:00,    120966,   478.1821,  1.05057e-08,  3.60893e-09,  3.20111e-10,  3.13081e-09,  4.39214e-10,
00:02:01,    121398,   480.1655,  1.02614e-08,  3.66378e-09,  4.18056e-10,  3.41133e-09,  4.47661e-10,
00:02:01,    121829,   481.7522,  9.77273e-09,  3.71862e-09,  3.87000e-10,  3.35605e-09,  4.20786e-10,
00:02:02,    122243,   483.3390,  9.77273e-09,  4.12449e-09,  3.65500e-10,  3.29667e-09,  4.40750e-10,
00:02:02,    122674,   485.0579,  1.00170e-08,  3.60893e-09,  2.71139e-10,  3.38881e-09,  3.98518e-10,
00:02:03,    123106,   486.6446,  9.52841e-09,  3.57602e-09,  3.51167e-10,  3.33659e-09,  3.92375e-10,
00:02:03,    123538,   488.4958,  1.02614e-08,  4.19031e-09,  3.63111e-10,  3.35400e-09,  4.40750e-10,
00:02:03,    123969,   490.0825,  9.77273e-09,  3.99286e-09,  3.69083e-10,  3.14207e-09,  4.73000e-10,
00:02:04,    124401,   491.8014,  9.77273e-09,  3.65281e-09,  3.32056e-10,  3.37652e-09,  4.47661e-10,
00:02:04,    124833,   493.6526,  1.00170e-08,  3.13724e-09,  4.44333e-10,  3.36116e-09,  4.23857e-10,
00:02:05,    125246,   495.3715,  1.00170e-08,  4.13546e-09,  3.57139e-10,  3.36730e-09,  4.02357e-10,
00:02:05,    125678,   496.9582,  9.77273e-09,  3.22500e-09,  4.20444e-10,  3.42259e-09,  4.66089e-10,
00:02:06,    126109,   498.8094,  1.00170e-08,  3.76250e-09,  4.31194e-10,  3.40110e-09,  4.03893e-10,
00:02:06,    126541,   500.6606,  1.00170e-08,  3.70765e-09,  3.61917e-10,  3.46969e-09,  4.62250e-10,
00:02:06,    126973,   502.3795,  9.77273e-09,  3.52117e-09,  3.69083e-10,  3.24343e-09,  3.66268e-10,
00:02:07,    127404,   504.2307,  9.77273e-09,  3.94898e-09,  4.10889e-10,  3.26186e-09,  3.91607e-10,
00:02:07,    127836,   505.6852,  1.00170e-08,  3.66378e-09,  4.10889e-10,  3.17278e-09,  4.28464e-10,
00:02:08,    128268,   507.6685,  1.00170e-08,  3.42245e-09,  3.29667e-10,  3.21067e-09,  3.70875e-10,
00:02:08,    128699,   509.1230,  9.77273e-09,  3.27985e-09,  3.61917e-10,  3.08883e-09,  4.66089e-10,
00:02:09,    129113,   510.8420,  1.00170e-08,  3.22500e-09,  2.77111e-10,  3.04378e-09,  4.48429e-10,
00:02:09,    129544,   512.2965,  9.52841e-09,  4.04770e-09,  3.77444e-10,  3.13797e-09,  3.97750e-10,
00:02:09,    129976,   514.0154,  9.77273e-09,  3.12628e-09,  3.55944e-10,  2.92605e-09,  4.31536e-10,
00:02:10,    130389,   516.1310,  9.77273e-09,  3.35663e-09,  3.59528e-10,  3.07348e-09,  4.19250e-10,
00:02:10,    130821,   517.9822,  9.52841e-09,  4.23418e-09,  4.01333e-10,  2.76121e-09,  4.82982e-10,
00:02:11,    131253,   519.5689,  9.77273e-09,  3.24694e-09,  4.24028e-10,  2.67624e-09,  4.51500e-10,
00:02:11,    131684,   521.1556,  9.52841e-09,  3.66378e-09,  3.11750e-10,  2.68545e-09,  4.48429e-10,
00:02:12,    132098,   523.0068,  9.28409e-09,  3.30179e-09,  4.55083e-10,  2.78886e-09,  3.92375e-10,
00:02:12,    132529,   524.7257,  9.52841e-09,  2.89592e-09,  4.08500e-10,  2.69671e-09,  4.11571e-10,
00:02:12,    132961,   526.3125,  9.52841e-09,  3.00561e-09,  3.23694e-10,  2.67010e-09,  4.30768e-10,
00:02:13,    133393,   528.0314,  9.77273e-09,  3.35663e-09,  3.38028e-10,  2.59843e-09,  3.93143e-10,
00:02:13,    133806,   530.0148,  9.52841e-09,  2.98367e-09,  3.85806e-10,  2.55748e-09,  4.21554e-10,
00:02:14,    134238,   531.6015,  9.52841e-09,  3.33469e-09,  3.66694e-10,  2.44997e-09,  5.07554e-10,
00:02:14,    134669,   533.3204,  9.28409e-09,  3.08240e-09,  4.13278e-10,  2.47352e-09,  4.15411e-10,
00:02:15,    135101,   535.1716,  9.52841e-09,  3.14821e-09,  3.36833e-10,  2.37319e-09,  4.28464e-10,
00:02:15,    135533,   536.7583,  9.28409e-09,  3.45536e-09,  4.01333e-10,  2.21962e-09,  3.86232e-10,
00:02:15,    135964,   538.2128,  1.00170e-08,  3.46633e-09,  3.65500e-10,  2.27695e-09,  3.86232e-10,
00:02:16,    136396,   540.0640,  9.52841e-09,  3.20306e-09,  4.02528e-10,  2.33019e-09,  3.76250e-10,
00:02:16,    136828,   541.7829,  9.77273e-09,  3.09337e-09,  3.88194e-10,  2.21962e-09,  3.85464e-10,
00:02:17,    137259,   543.6341,  9.77273e-09,  3.98189e-09,  3.91778e-10,  2.19095e-09,  4.39982e-10,
00:02:17,    137673,   545.2208,  9.52841e-09,  3.29082e-09,  3.67889e-10,  2.19197e-09,  4.56107e-10,
00:02:18,    138104,   547.0719,  9.52841e-09,  3.66378e-09,  3.73861e-10,  2.10700e-09,  4.22321e-10,
00:02:18,    138536,   548.5265,  9.52841e-09,  3.13724e-09,  3.96556e-10,  2.12133e-09,  4.34607e-10,
00:02:18,    138968,   550.3776,  9.77273e-09,  3.48827e-09,  3.70278e-10,  2.07424e-09,  4.23089e-10,
00:02:19,    139399,   552.0965,  9.03977e-09,  3.57602e-09,  4.80167e-10,  2.06092e-09,  4.01589e-10,
00:02:19,    139831,   553.9477,  1.02614e-08,  3.67474e-09,  3.81028e-10,  2.07935e-09,  4.30000e-10,
00:02:20,    140244,   555.6666,  9.28409e-09,  3.21403e-09,  3.48778e-10,  2.01383e-09,  4.40750e-10,
00:02:20,    140676,   557.3856,  9.28409e-09,  3.67474e-09,  4.04917e-10,  2.21143e-09,  3.70107e-10,
00:02:21,    141108,   558.9723,  9.77273e-09,  3.67474e-09,  3.28472e-10,  2.04864e-09,  4.21554e-10,
00:02:21,    141539,   560.9557,  9.03977e-09,  3.99286e-09,  4.10889e-10,  2.15000e-09,  3.96982e-10,
00:02:21,    141953,   562.2780,  9.28409e-09,  3.79541e-09,  3.54750e-10,  2.13567e-09,  4.19250e-10,
00:02:22,    142384,   564.1291,  9.52841e-09,  3.09337e-09,  3.85806e-10,  2.10802e-09,  3.79321e-10,
00:02:22,    142816,   565.7158,  9.03977e-09,  3.86122e-09,  3.47583e-10,  2.10495e-09,  4.03125e-10,
00:02:23,    143248,   567.4348,  9.52841e-09,  3.60893e-09,  4.38361e-10,  1.96162e-09,  4.43821e-10,
00:02:23,    143679,   569.4182,  1.00170e-08,  3.55408e-09,  3.20111e-10,  2.07730e-09,  4.23857e-10,
00:02:24,    144111,   570.7404,  9.28409e-09,  3.30179e-09,  3.73861e-10,  2.20835e-09,  4.23857e-10,
00:02:24,    144543,   572.9882,  9.28409e-09,  3.86122e-09,  3.63111e-10,  2.03021e-09,  4.06964e-10,
00:02:24,    144974,   574.1783,  9.52841e-09,  3.63087e-09,  3.49972e-10,  2.15511e-09,  4.30000e-10,
00:02:25,    145406,   576.1617,  9.52841e-09,  3.46633e-09,  4.38361e-10,  2.04352e-09,  4.64554e-10,
00:02:25,    145838,   578.0128,  9.28409e-09,  3.42245e-09,  3.71472e-10,  1.96059e-09,  4.03125e-10,
00:02:26,    146251,   579.7318,  9.03977e-09,  3.95995e-09,  3.88194e-10,  1.99438e-09,  4.39214e-10,
00:02:26,    146683,   581.0540,  9.03977e-09,  4.09158e-09,  3.52361e-10,  1.98619e-09,  4.50732e-10,
00:02:27,    147114,   582.9052,  9.03977e-09,  3.18112e-09,  3.96556e-10,  1.99233e-09,  4.45357e-10,
00:02:27,    147546,   584.8886,  9.52841e-09,  3.22500e-09,  3.49972e-10,  1.84183e-09,  4.39214e-10,
00:02:27,    147959,   586.3431,  9.52841e-09,  3.34566e-09,  3.27278e-10,  1.94421e-09,  4.36143e-10,
00:02:28,    148391,   588.3265,  8.79545e-09,  3.43342e-09,  3.87000e-10,  2.05273e-09,  4.15411e-10,
00:02:28,    148823,   589.6488,  8.79545e-09,  3.45536e-09,  4.45528e-10,  2.01690e-09,  4.46125e-10,
00:02:29,    149254,   591.3677,  8.55114e-09,  3.25791e-09,  4.08500e-10,  1.85411e-09,  4.20018e-10,
00:02:29,    149632,   593.0866,  9.77273e-09,  3.80638e-09,  4.02528e-10,  2.00359e-09,  4.48429e-10,
00:02:30,    150064,   594.8056,  9.52841e-09,  3.66378e-09,  4.07306e-10,  1.92169e-09,  4.55339e-10,
00:02:30,    150496,   596.5246,  9.52841e-09,  3.33469e-09,  4.12083e-10,  2.06297e-09,  4.42286e-10,
00:02:30,    150928,   598.2435,  9.52841e-09,  3.38954e-09,  4.35972e-10,  1.87562e-09,  4.53804e-10,
00:02:31,    151341,   599.9624,  1.00170e-08,  3.26888e-09,  4.26417e-10,  1.95548e-09,  4.66089e-10,
00:02:31,    151773,   601.5491,  9.28409e-09,  3.19209e-09,  3.83417e-10,  2.01997e-09,  4.30768e-10,
00:02:32,    152204,   603.4003,  9.28409e-09,  3.71862e-09,  3.82222e-10,  1.95240e-09,  4.19250e-10,
00:02:32,    152636,   605.1192,  9.28409e-09,  3.18112e-09,  4.19250e-10,  1.94011e-09,  4.18482e-10,
00:02:33,    153049,   606.7060,  9.03977e-09,  3.23597e-09,  3.60722e-10,  1.98516e-09,  4.39214e-10,
00:02:33,    153481,   608.2927,  9.28409e-09,  3.69668e-09,  3.67889e-10,  1.94011e-09,  4.56107e-10,
00:02:33,    153913,   610.4083,  9.03977e-09,  3.02755e-09,  3.30861e-10,  1.94011e-09,  4.39214e-10,
00:02:34,    154344,   612.1272,  9.28409e-09,  4.13546e-09,  4.08500e-10,  2.02407e-09,  4.51500e-10,
00:02:34,    154776,   613.9784,  9.52841e-09,  3.89413e-09,  3.67889e-10,  2.03635e-09,  3.93911e-10,
00:02:35,    155208,   615.4329,  9.28409e-09,  4.23418e-09,  4.14472e-10,  1.98619e-09,  4.15411e-10,
00:02:35,    155639,   617.4163,  9.52841e-09,  3.31276e-09,  4.21639e-10,  2.10495e-09,  4.41518e-10,
00:02:36,    156071,   619.0030,  9.03977e-09,  3.80638e-09,  3.82222e-10,  1.94216e-09,  4.42286e-10,
00:02:36,    156503,   620.7219,  8.79545e-09,  3.43342e-09,  3.98944e-10,  1.96264e-09,  4.36143e-10,
00:02:36,    156934,   622.3086,  9.28409e-09,  3.88316e-09,  3.69083e-10,  1.98414e-09,  4.78375e-10,
00:02:37,    157366,   624.1598,  8.79545e-09,  3.09337e-09,  3.90583e-10,  1.82750e-09,  4.69161e-10,
00:02:37,    157798,   625.7465,  8.79545e-09,  3.92704e-09,  4.22833e-10,  2.01588e-09,  4.52268e-10,
00:02:38,    158229,   627.4655,  8.30682e-09,  4.03673e-09,  3.98944e-10,  1.83671e-09,  4.36911e-10,
00:02:38,    158643,   629.4488,  9.28409e-09,  3.97092e-09,  4.00139e-10,  1.99233e-09,  4.50732e-10,
00:02:39,    159074,   631.3000,  9.28409e-09,  3.71862e-09,  4.39556e-10,  1.83978e-09,  4.17714e-10,
00:02:39,    159506,   632.8867,  8.30682e-09,  3.86122e-09,  4.01333e-10,  1.88995e-09,  4.53804e-10,
00:02:39,    159938,   634.6057,  8.79545e-09,  3.19209e-09,  4.19250e-10,  1.85207e-09,  4.70696e-10,
00:02:40,    160369,   636.3246,  9.28409e-09,  3.61990e-09,  4.40750e-10,  2.03635e-09,  4.03893e-10,
00:02:40,    160801,   638.0435,  9.03977e-09,  3.38954e-09,  3.45194e-10,  1.93705e-09,  4.62250e-10,
00:02:41,    161233,   639.7625,  9.03977e-09,  4.01480e-09,  3.63111e-10,  2.02407e-09,  4.51500e-10,
00:02:41,    161664,   641.6137,  9.52841e-09,  3.33469e-09,  3.87000e-10,  2.02202e-09,  3.95446e-10,
00:02:42,    162096,   643.2003,  9.28409e-09,  3.12628e-09,  4.63444e-10,  1.98005e-09,  4.17714e-10,
00:02:42,    162528,   644.7871,  9.28409e-09,  3.48827e-09,  4.47917e-10,  2.00871e-09,  4.26929e-10,
00:02:42,    162959,   646.7705,  9.03977e-09,  3.85026e-09,  3.69083e-10,  1.98311e-09,  4.50732e-10,
00:02:43,    163373,   648.2249,  9.03977e-09,  3.58699e-09,  3.87000e-10,  2.01076e-09,  4.63786e-10,
00:02:43,    163804,   650.0761,  9.28409e-09,  3.33469e-09,  3.89389e-10,  2.01792e-09,  4.87589e-10,
00:02:44,    164236,   651.7951,  9.03977e-09,  3.46633e-09,  4.01333e-10,  2.00667e-09,  4.93732e-10,
00:02:44,    164668,   653.5140,  8.79545e-09,  3.86122e-09,  4.08500e-10,  2.04148e-09,  4.59946e-10,
00:02:45,    165099,   655.1007,  8.79545e-09,  3.68571e-09,  4.53889e-10,  1.90429e-09,  5.07554e-10,
00:02:45,    165531,   656.6875,  8.79545e-09,  3.24694e-09,  3.90583e-10,  2.06195e-09,  4.82982e-10,
00:02:45,    165963,   658.6708,  9.03977e-09,  3.80638e-09,  3.81028e-10,  2.05376e-09,  4.75304e-10,
00:02:46,    166394,   660.2575,  9.03977e-09,  3.65281e-09,  3.87000e-10,  2.07935e-09,  4.94500e-10,
00:02:46,    166826,   662.1087,  8.79545e-09,  3.34566e-09,  4.33583e-10,  1.93705e-09,  4.88357e-10,
00:02:47,    167258,   663.6954,  9.28409e-09,  2.97270e-09,  4.10889e-10,  1.99848e-09,  4.71464e-10,
00:02:47,    167689,   665.4143,  9.03977e-09,  3.63087e-09,  4.06111e-10,  2.00052e-09,  4.63018e-10,
00:02:48,    168121,   667.2655,  8.79545e-09,  3.18112e-09,  3.95361e-10,  2.05376e-09,  4.56875e-10,
00:02:48,    168553,   668.9845,  9.03977e-09,  3.47730e-09,  4.49111e-10,  2.00154e-09,  4.82214e-10,
00:02:48,    168984,   670.8357,  9.03977e-09,  3.35663e-09,  3.75056e-10,  2.01178e-09,  4.59946e-10,
00:02:49,    169416,   672.5546,  9.03977e-09,  3.27985e-09,  4.15667e-10,  1.96776e-09,  4.51500e-10,
00:02:49,    169848,   674.2735,  9.03977e-09,  3.25791e-09,  4.35972e-10,  2.12030e-09,  4.65321e-10,
00:02:50,    170279,   675.9925,  9.03977e-09,  3.71862e-09,  4.04917e-10,  2.06911e-09,  4.66089e-10,
00:02:50,    170711,   677.4469,  9.03977e-09,  3.18112e-09,  4.26417e-10,  2.00667e-09,  4.74536e-10,
00:02:51,    171143,   679.2981,  8.79545e-09,  2.97270e-09,  4.25222e-10,  2.00052e-09,  4.94500e-10,
00:02:51,    171574,   681.0171,  8.79545e-09,  4.13546e-09,  4.59861e-10,  1.96571e-09,  4.54571e-10,
00:02:52,    172006,   682.7360,  8.55114e-09,  3.76250e-09,  3.59528e-10,  1.95548e-09,  5.14464e-10,
00:02:52,    172438,   684.4549,  8.55114e-09,  3.33469e-09,  3.84611e-10,  1.98619e-09,  4.68393e-10,
00:02:52,    172869,   686.4383,  9.28409e-09,  3.78444e-09,  4.16861e-10,  2.04967e-09,  5.16768e-10,
00:02:53,    173301,   688.1573,  8.55114e-09,  3.66378e-09,  4.16861e-10,  1.96776e-09,  4.17714e-10,
00:02:53,    173733,   690.0084,  8.79545e-09,  3.53214e-09,  4.35972e-10,  1.93705e-09,  5.02179e-10,
00:02:54,    174164,   691.4629,  8.79545e-09,  3.58699e-09,  4.30000e-10,  1.98107e-09,  4.32304e-10,
00:02:54,    174596,   693.3140,  9.03977e-09,  3.78444e-09,  3.70278e-10,  2.02407e-09,  4.74536e-10,
00:02:55,    175028,   694.7686,  9.03977e-09,  3.57602e-09,  4.22833e-10,  1.96981e-09,  4.67625e-10,
00:02:55,    175459,   696.6197,  8.79545e-09,  3.98189e-09,  4.38361e-10,  2.08140e-09,  4.79143e-10,
00:02:55,    175891,   698.3386,  8.55114e-09,  4.02577e-09,  4.93306e-10,  2.04148e-09,  4.83750e-10,
00:02:56,    176323,   699.9254,  9.28409e-09,  3.25791e-09,  4.78972e-10,  2.07730e-09,  4.62250e-10,
00:02:56,    176754,   701.9088,  8.30682e-09,  3.64184e-09,  4.09694e-10,  1.97288e-09,  4.99875e-10,
00:02:57,    177186,   703.3632,  8.55114e-09,  3.24694e-09,  4.89722e-10,  2.16638e-09,  5.19839e-10,
00:02:57,    177618,   705.2144,  9.03977e-09,  3.64184e-09,  4.26417e-10,  2.13259e-09,  4.73000e-10,
00:02:58,    178049,   707.1978,  9.03977e-09,  3.43342e-09,  3.45194e-10,  1.96981e-09,  4.99875e-10,
00:02:58,    178481,   708.7846,  9.28409e-09,  3.31276e-09,  4.78972e-10,  2.10597e-09,  4.47661e-10,
00:02:58,    178894,   710.6357,  9.03977e-09,  3.80638e-09,  4.33583e-10,  2.10290e-09,  4.31536e-10,
00:02:59,    179326,   712.2224,  8.55114e-09,  3.85026e-09,  4.98083e-10,  2.05888e-09,  4.54571e-10,
00:02:59,    179758,   713.9414,  8.55114e-09,  3.34566e-09,  5.00472e-10,  1.96264e-09,  5.70518e-10,
00:03:00,    180189,   715.5281,  8.30682e-09,  3.59796e-09,  4.32389e-10,  2.01997e-09,  4.83750e-10,
00:03:00,    180621,   717.3792,  8.30682e-09,  3.21403e-09,  4.69417e-10,  2.08038e-09,  4.66857e-10,
00:03:01,    181053,   718.8337,  8.79545e-09,  3.18112e-09,  4.83750e-10,  2.09267e-09,  5.32125e-10,
00:03:01,    181484,   720.6849,  8.79545e-09,  3.32372e-09,  4.02528e-10,  2.14692e-09,  4.86054e-10,
00:03:01,    181916,   722.4038,  9.03977e-09,  3.41148e-09,  3.54750e-10,  2.05786e-09,  4.95268e-10,
00:03:02,    182348,   724.1228,  9.28409e-09,  3.07143e-09,  4.25222e-10,  1.99335e-09,  4.73000e-10,
00:03:02,    182779,   726.1062,  8.79545e-09,  3.33469e-09,  4.65833e-10,  2.16433e-09,  5.10625e-10,
00:03:03,    183211,   727.5606,  8.06250e-09,  3.43342e-09,  3.82222e-10,  2.25340e-09,  4.91429e-10,
00:03:03,    183643,   729.5440,  8.79545e-09,  3.31276e-09,  4.21639e-10,  2.09573e-09,  4.86821e-10,
00:03:04,    184074,   731.2630,  8.79545e-09,  4.13546e-09,  3.67889e-10,  2.14386e-09,  4.92196e-10,
00:03:04,    184506,   733.1142,  8.79545e-09,  3.57602e-09,  4.70611e-10,  2.10700e-09,  4.38446e-10,
00:03:04,    184938,   734.8331,  8.06250e-09,  3.21403e-09,  4.40750e-10,  2.20938e-09,  5.05250e-10,
00:03:05,    185369,   736.2876,  9.28409e-09,  3.87219e-09,  5.19583e-10,  2.16638e-09,  5.09089e-10,
00:03:05,    185801,   738.0065,  9.03977e-09,  3.83929e-09,  4.27611e-10,  1.99335e-09,  5.27518e-10,
00:03:06,    186233,   739.4610,  8.79545e-09,  3.33469e-09,  4.33583e-10,  2.07219e-09,  4.88357e-10,
00:03:06,    186664,   741.4444,  8.79545e-09,  3.80638e-09,  4.07306e-10,  2.24521e-09,  5.26750e-10,
00:03:07,    187096,   743.6922,  8.55114e-09,  3.90510e-09,  5.16000e-10,  2.01486e-09,  4.70696e-10,
00:03:07,    187528,   745.2790,  8.55114e-09,  4.17934e-09,  4.86139e-10,  2.12235e-09,  4.89125e-10,
00:03:07,    187941,   746.6012,  8.30682e-09,  3.37857e-09,  4.19250e-10,  2.13362e-09,  5.12929e-10,
00:03:08,    188373,   748.7168,  9.03977e-09,  3.48827e-09,  4.70611e-10,  2.25033e-09,  5.54393e-10,
00:03:08,    188804,   750.3036,  8.79545e-09,  4.12449e-09,  3.90583e-10,  2.18890e-09,  5.12161e-10,
00:03:09,    189236,   751.8903,  8.55114e-09,  3.49923e-09,  4.71806e-10,  2.34350e-09,  4.53036e-10,
00:03:09,    189668,   753.6092,  8.55114e-09,  3.72959e-09,  4.45528e-10,  2.13054e-09,  5.25982e-10,
00:03:10,    190099,   755.3281,  8.55114e-09,  3.67474e-09,  4.30000e-10,  2.15307e-09,  5.55161e-10,
00:03:10,    190531,   757.0471,  8.79545e-09,  3.83929e-09,  4.62250e-10,  2.26978e-09,  5.42107e-10,
00:03:10,    190963,   758.7660,  8.55114e-09,  4.03673e-09,  4.09694e-10,  2.18992e-09,  5.52089e-10,
00:03:11,    191394,   760.6172,  8.30682e-09,  3.41148e-09,  4.40750e-10,  2.03635e-09,  5.34429e-10,
00:03:11,    191826,   762.3361,  8.79545e-09,  3.95995e-09,  5.30333e-10,  2.22883e-09,  5.06786e-10,
00:03:12,    192258,   764.1873,  8.55114e-09,  4.11352e-09,  4.51500e-10,  2.24829e-09,  5.36732e-10,
00:03:12,    192689,   766.0385,  8.79545e-09,  3.93801e-09,  4.51500e-10,  2.24930e-09,  5.04482e-10,
00:03:13,    193121,   767.6252,  8.79545e-09,  3.41148e-09,  4.84944e-10,  2.31483e-09,  4.96804e-10,
00:03:13,    193553,   769.4763,  8.79545e-09,  3.71862e-09,  5.06444e-10,  2.24111e-09,  5.53625e-10,
00:03:13,    193984,   771.1953,  9.03977e-09,  3.23597e-09,  4.53889e-10,  2.22473e-09,  4.92196e-10,
00:03:14,    194416,   772.9142,  8.30682e-09,  3.40051e-09,  4.32389e-10,  2.34759e-09,  5.09857e-10,
00:03:14,    194848,   774.6331,  8.79545e-09,  3.41148e-09,  4.92111e-10,  2.17559e-09,  4.99875e-10,
00:03:15,    195279,   776.3521,  8.30682e-09,  3.70765e-09,  4.76583e-10,  2.25340e-09,  5.33661e-10,
00:03:15,    195711,   778.0711,  8.79545e-09,  3.25791e-09,  5.01667e-10,  2.33121e-09,  5.22911e-10,
00:03:16,    196143,   779.6577,  8.06250e-09,  3.75153e-09,  4.50306e-10,  2.30562e-09,  5.32893e-10,
00:03:16,    196574,   781.3767,  8.30682e-09,  3.59796e-09,  4.86139e-10,  2.30869e-09,  4.61482e-10,
00:03:17,    197006,   783.0957,  8.55114e-09,  3.45536e-09,  4.49111e-10,  2.25443e-09,  5.40571e-10,
00:03:17,    197438,   784.8146,  8.55114e-09,  3.86122e-09,  4.38361e-10,  2.28616e-09,  5.11393e-10,
00:03:17,    197869,   786.4013,  8.55114e-09,  3.65281e-09,  4.38361e-10,  2.18583e-09,  4.76839e-10,
00:03:18,    198301,   788.1203,  8.55114e-09,  3.40051e-09,  4.19250e-10,  2.18378e-09,  4.89125e-10,
00:03:18,    198733,   789.9714,  8.55114e-09,  3.65281e-09,  5.30333e-10,  2.22473e-09,  5.60536e-10,
00:03:19,    199164,   791.6903,  8.30682e-09,  3.34566e-09,  4.94500e-10,  2.14181e-09,  5.22143e-10,
00:03:19,    199596,   793.5415,  8.79545e-09,  3.48827e-09,  4.61056e-10,  2.24111e-09,  5.53625e-10,
00:03:20,    200028,   795.1282,  8.30682e-09,  3.40051e-09,  4.95694e-10,  2.23292e-09,  4.89125e-10,
00:03:20,    200459,   796.7149,  8.30682e-09,  3.14821e-09,  4.57472e-10,  2.18173e-09,  5.45179e-10,
00:03:20,    200891,   798.6983,  8.30682e-09,  3.22500e-09,  4.92111e-10,  2.21348e-09,  5.13696e-10,
00:03:21,    201323,   800.4173,  8.79545e-09,  3.03852e-09,  5.10028e-10,  2.18378e-09,  4.96804e-10,
00:03:21,    201754,   802.2685,  7.81818e-09,  3.63087e-09,  4.73000e-10,  2.13976e-09,  4.79911e-10,
00:03:22,    202186,   803.9874,  8.55114e-09,  4.40969e-09,  4.20444e-10,  2.33735e-09,  5.42875e-10,
00:03:22,    202618,   805.4419,  8.55114e-09,  3.93801e-09,  4.02528e-10,  2.12543e-09,  5.62071e-10,
00:03:23,    203049,   807.0286,  8.06250e-09,  3.89413e-09,  4.81361e-10,  2.08754e-09,  5.34429e-10,
00:03:23,    203463,   809.0120,  8.30682e-09,  3.90510e-09,  5.48250e-10,  2.13567e-09,  4.99875e-10,
00:03:23,    203894,   810.7309,  8.55114e-09,  3.98189e-09,  5.06444e-10,  2.14078e-09,  5.39804e-10,
00:03:24,    204326,   812.4499,  8.55114e-09,  3.91607e-09,  4.81361e-10,  2.27286e-09,  5.08321e-10,
00:03:24,    204758,   814.3010,  8.30682e-09,  3.97092e-09,  5.00472e-10,  2.20016e-09,  5.34429e-10,
00:03:25,    205190,   816.0200,  8.30682e-09,  4.05867e-09,  4.65833e-10,  1.98721e-09,  5.52857e-10,
00:03:25,    205621,   817.7389,  8.30682e-09,  3.36760e-09,  5.06444e-10,  2.02714e-09,  5.32125e-10,
00:03:26,    206053,   819.1934,  8.30682e-09,  3.76250e-09,  5.02861e-10,  2.22781e-09,  5.62839e-10,
00:03:26,    206484,   821.0446,  8.30682e-09,  3.57602e-09,  5.50639e-10,  2.21962e-09,  5.58232e-10,
00:03:26,    206916,   822.7635,  7.81818e-09,  3.85026e-09,  4.71806e-10,  2.25545e-09,  6.05839e-10,
00:03:27,    207348,   824.6146,  9.28409e-09,  4.11352e-09,  5.29139e-10,  2.05581e-09,  5.71286e-10,
00:03:27,    207779,   826.4658,  8.30682e-09,  4.76071e-09,  4.39556e-10,  1.96673e-09,  5.37500e-10,
00:03:28,    208211,   828.0525,  8.79545e-09,  3.80638e-09,  4.46722e-10,  2.07219e-09,  5.35964e-10,
00:03:28,    208624,   829.5070,  7.81818e-09,  4.58520e-09,  4.56278e-10,  2.04250e-09,  5.37500e-10,
00:03:29,    209056,   831.4904,  8.06250e-09,  3.78444e-09,  5.18389e-10,  2.03738e-09,  5.35196e-10,
00:03:29,    209488,   833.2094,  8.30682e-09,  4.01480e-09,  4.56278e-10,  2.13157e-09,  5.99696e-10,
00:03:29,    209919,   834.7960,  8.30682e-09,  3.90510e-09,  4.51500e-10,  2.14181e-09,  5.55929e-10,
00:03:30,    210351,   836.7794,  7.81818e-09,  3.64184e-09,  4.32389e-10,  2.10086e-09,  5.83571e-10,
00:03:30,    210783,   838.3662,  7.81818e-09,  3.86122e-09,  5.00472e-10,  2.05273e-09,  5.73589e-10,
00:03:31,    211214,   840.2174,  8.55114e-09,  3.64184e-09,  4.80167e-10,  2.14897e-09,  5.63607e-10,
00:03:31,    211646,   841.5396,  8.06250e-09,  3.36760e-09,  5.53028e-10,  2.14488e-09,  5.92018e-10,
00:03:32,    212078,   843.3908,  8.06250e-09,  2.84107e-09,  4.55083e-10,  2.03840e-09,  5.79732e-10,
00:03:32,    212509,   845.1097,  8.55114e-09,  4.04770e-09,  5.13611e-10,  2.15000e-09,  5.49786e-10,
00:03:32,    212941,   846.8286,  8.30682e-09,  3.63087e-09,  4.98083e-10,  2.19811e-09,  6.22732e-10,
00:03:33,    213373,   848.6798,  8.30682e-09,  3.79541e-09,  5.00472e-10,  2.20529e-09,  5.50554e-10,
00:03:33,    213804,   850.3988,  8.06250e-09,  3.29082e-09,  5.30333e-10,  2.04967e-09,  6.28875e-10,
00:03:34,    214236,   851.9855,  7.57386e-09,  3.59796e-09,  5.13611e-10,  1.98824e-09,  5.68982e-10,
00:03:34,    214668,   853.4400,  8.06250e-09,  3.74056e-09,  4.90917e-10,  1.96878e-09,  6.39625e-10,
00:03:35,    215099,   855.6878,  8.55114e-09,  3.90510e-09,  5.59000e-10,  2.04967e-09,  5.05250e-10,
00:03:35,    215531,   857.5390,  8.55114e-09,  4.09158e-09,  4.98083e-10,  2.02816e-09,  5.05250e-10,
00:03:35,    215963,   858.9934,  8.55114e-09,  3.80638e-09,  5.35111e-10,  2.11211e-09,  5.45946e-10,
00:03:36,    216394,   860.8446,  8.30682e-09,  3.42245e-09,  4.46722e-10,  2.00462e-09,  5.48250e-10,
00:03:36,    216826,   862.8280,  8.30682e-09,  4.06964e-09,  4.86139e-10,  2.19095e-09,  5.62071e-10,
00:03:37,    217258,   864.4148,  8.30682e-09,  4.03673e-09,  4.99278e-10,  2.10188e-09,  6.01232e-10,
00:03:37,    217689,   865.8692,  7.81818e-09,  3.83929e-09,  4.15667e-10,  2.08959e-09,  6.20429e-10,
00:03:38,    218121,   867.9848,  8.06250e-09,  3.49923e-09,  5.57806e-10,  2.08857e-09,  5.51321e-10,
00:03:38,    218553,   869.3071,  7.81818e-09,  3.34566e-09,  5.05250e-10,  2.10700e-09,  5.82804e-10,
00:03:38,    218984,   871.1583,  7.81818e-09,  4.40969e-09,  4.68222e-10,  2.01997e-09,  5.85107e-10,
00:03:39,    219416,   872.8772,  7.81818e-09,  3.68571e-09,  5.79306e-10,  2.12338e-09,  6.11982e-10,
00:03:39,    219848,   874.4639,  8.30682e-09,  3.46633e-09,  4.74194e-10,  1.83671e-09,  5.59768e-10,
00:03:40,    220279,   876.1829,  8.55114e-09,  3.76250e-09,  5.44667e-10,  2.02510e-09,  6.15821e-10,
00:03:40,    220711,   877.9018,  8.06250e-09,  3.71862e-09,  5.23167e-10,  2.16945e-09,  5.64375e-10,
00:03:41,    221143,   879.7530,  7.81818e-09,  3.21403e-09,  4.74194e-10,  2.20426e-09,  5.89714e-10,
00:03:41,    221574,   881.4719,  8.06250e-09,  3.22500e-09,  5.23167e-10,  2.08243e-09,  6.08911e-10,
00:03:42,    222006,   883.0586,  8.06250e-09,  4.21224e-09,  5.36306e-10,  2.02919e-09,  5.71286e-10,
00:03:42,    222438,   885.0420,  8.06250e-09,  3.77347e-09,  5.90056e-10,  1.95445e-09,  5.95857e-10,
00:03:42,    222869,   886.7610,  8.55114e-09,  3.97092e-09,  5.68556e-10,  2.15819e-09,  5.90482e-10,
00:03:43,    223301,   888.4799,  8.06250e-09,  4.10255e-09,  5.38694e-10,  2.14181e-09,  6.24268e-10,
00:03:43,    223733,   890.3311,  7.81818e-09,  3.99286e-09,  5.69750e-10,  2.15102e-09,  6.08911e-10,
00:03:44,    224164,   892.0500,  8.06250e-09,  2.75332e-09,  5.17194e-10,  2.10392e-09,  6.12750e-10,
00:03:44,    224596,   893.5045,  8.06250e-09,  3.23597e-09,  5.21972e-10,  2.08140e-09,  6.03536e-10,
00:03:45,    225028,   895.3557,  8.06250e-09,  4.08061e-09,  5.26750e-10,  2.14897e-09,  6.61893e-10,
00:03:45,    225459,   897.0746,  8.30682e-09,  4.05867e-09,  5.02861e-10,  2.26569e-09,  6.51143e-10,
00:03:45,    225891,   898.9258,  8.30682e-09,  4.05867e-09,  5.02861e-10,  2.14181e-09,  6.25036e-10,
00:03:46,    226323,   900.3803,  8.06250e-09,  3.67474e-09,  5.23167e-10,  2.15102e-09,  5.49018e-10,
00:03:46,    226754,   902.2314,  7.57386e-09,  4.02577e-09,  4.74194e-10,  2.04045e-09,  5.72054e-10,
00:03:47,    227186,   903.9504,  8.06250e-09,  3.55408e-09,  5.75722e-10,  2.15614e-09,  6.14286e-10,
00:03:47,    227618,   905.6693,  8.55114e-09,  4.45357e-09,  5.81694e-10,  2.17457e-09,  6.08911e-10,
00:03:48,    228049,   907.6527,  8.30682e-09,  3.34566e-09,  5.23167e-10,  2.06195e-09,  5.60536e-10,
00:03:48,    228481,   908.9750,  7.57386e-09,  3.83929e-09,  5.04056e-10,  2.08959e-09,  5.68214e-10,
00:03:48,    228913,   910.9583,  8.06250e-09,  3.97092e-09,  5.56611e-10,  2.00359e-09,  6.72643e-10,
00:03:49,    229344,   912.8095,  7.81818e-09,  3.42245e-09,  5.37500e-10,  2.15307e-09,  6.04304e-10,
00:03:49,    229758,   914.2640,  7.57386e-09,  3.56505e-09,  5.12417e-10,  2.09471e-09,  6.75714e-10,
00:03:50,    230189,   915.8507,  7.81818e-09,  3.81735e-09,  4.99278e-10,  2.07424e-09,  5.94321e-10,
00:03:50,    230621,   917.9663,  8.06250e-09,  3.93801e-09,  5.31528e-10,  1.99745e-09,  6.13518e-10,
00:03:51,    231053,   919.4208,  8.30682e-09,  3.56505e-09,  5.66167e-10,  2.18992e-09,  6.32714e-10,
00:03:51,    231484,   921.0075,  7.81818e-09,  3.61990e-09,  5.21972e-10,  2.16945e-09,  5.97393e-10,
00:03:51,    231916,   923.1231,  8.30682e-09,  3.32372e-09,  5.23167e-10,  2.08243e-09,  6.26571e-10,
00:03:52,    232348,   924.8421,  8.06250e-09,  4.22321e-09,  5.21972e-10,  2.06400e-09,  6.23500e-10,
00:03:52,    232779,   926.8255,  7.81818e-09,  3.70765e-09,  5.00472e-10,  2.09676e-09,  6.30411e-10,
00:03:53,    233211,   928.5444,  8.06250e-09,  4.45357e-09,  4.74194e-10,  2.01178e-09,  6.04304e-10,
00:03:53,    233643,   930.2633,  7.32955e-09,  4.31097e-09,  5.16000e-10,  1.97800e-09,  6.10446e-10,
00:03:54,    234074,   931.9823,  7.81818e-09,  4.19031e-09,  5.75722e-10,  2.15000e-09,  6.38089e-10,
00:03:54,    234506,   933.5690,  7.81818e-09,  4.03673e-09,  5.17194e-10,  2.26978e-09,  6.28875e-10,
00:03:54,    234938,   935.2879,  8.30682e-09,  4.16837e-09,  4.88528e-10,  2.15511e-09,  5.92018e-10,
00:03:55,    235369,   937.0069,  8.30682e-09,  3.25791e-09,  6.00806e-10,  2.11724e-09,  6.64196e-10,
00:03:55,    235801,   938.5936,  8.55114e-09,  4.59617e-09,  5.41083e-10,  2.22781e-09,  6.40393e-10,
00:03:56,    236233,   940.5770,  7.57386e-09,  4.69490e-09,  6.28278e-10,  2.04148e-09,  6.26571e-10,
00:03:56,    236664,   942.0314,  8.06250e-09,  2.93980e-09,  5.67361e-10,  2.16843e-09,  6.54982e-10,
00:03:57,    237096,   943.8826,  8.06250e-09,  4.02577e-09,  6.05583e-10,  2.23292e-09,  6.12750e-10,
00:03:57,    237528,   945.7338,  8.06250e-09,  3.54311e-09,  5.60194e-10,  2.11110e-09,  6.68804e-10,
00:03:57,    237959,   947.4528,  7.81818e-09,  4.00383e-09,  5.08833e-10,  2.20835e-09,  6.35018e-10,
00:03:58,    238391,   949.4362,  8.06250e-09,  4.11352e-09,  5.24361e-10,  2.11211e-09,  6.82625e-10,
00:03:58,    238823,   951.1551,  7.57386e-09,  4.35485e-09,  5.70944e-10,  2.06297e-09,  6.48071e-10,
00:03:59,    239254,   953.0062,  8.06250e-09,  3.81735e-09,  5.10028e-10,  2.13157e-09,  6.07375e-10,
00:03:59,    239686,   954.4607,  7.57386e-09,  3.67474e-09,  4.80167e-10,  2.12952e-09,  7.15643e-10,
00:04:00,    240118,   956.0474,  8.06250e-09,  4.28903e-09,  5.36306e-10,  2.29129e-09,  6.35018e-10,
00:04:00,    240549,   957.6342,  8.30682e-09,  4.43163e-09,  5.82889e-10,  2.12440e-09,  6.41161e-10,
00:04:00,    240981,   959.6176,  7.81818e-09,  3.86122e-09,  5.98417e-10,  2.09881e-09,  7.20250e-10,
00:04:01,    241413,   961.2043,  8.30682e-09,  3.82832e-09,  5.00472e-10,  2.10905e-09,  6.84161e-10,
00:04:01,    241844,   962.6588,  8.55114e-09,  3.82832e-09,  5.90056e-10,  2.29435e-09,  6.04304e-10,
00:04:02,    242276,   964.3777,  7.81818e-09,  3.92704e-09,  5.90056e-10,  2.19505e-09,  6.63429e-10,
00:04:02,    242708,   965.8322,  8.06250e-09,  3.92704e-09,  5.50639e-10,  2.15716e-09,  6.72643e-10,
00:04:03,    243139,   967.8156,  7.57386e-09,  4.31097e-09,  5.96028e-10,  2.13259e-09,  6.98750e-10,
00:04:03,    243571,   969.6668,  7.08523e-09,  4.33291e-09,  5.62583e-10,  2.13362e-09,  6.58821e-10,
00:04:04,    244003,   971.6502,  7.57386e-09,  4.17934e-09,  6.47389e-10,  2.24214e-09,  6.44232e-10,
00:04:04,    244434,   973.1046,  8.06250e-09,  3.68571e-09,  6.12750e-10,  2.15921e-09,  6.48839e-10,
00:04:04,    244866,   974.8236,  8.06250e-09,  3.72959e-09,  5.30333e-10,  2.00769e-09,  6.91839e-10,
00:04:05,    245298,   976.5425,  8.06250e-09,  4.00383e-09,  6.04389e-10,  2.11519e-09,  6.37321e-10,
00:04:05,    245729,   978.2614,  8.06250e-09,  4.51939e-09,  5.47056e-10,  2.11211e-09,  6.68804e-10,
00:04:06,    246161,   979.9804,  8.30682e-09,  3.33469e-09,  5.32722e-10,  2.11110e-09,  6.45768e-10,
00:04:06,    246593,   981.8316,  7.57386e-09,  3.82832e-09,  5.74528e-10,  2.13362e-09,  7.13339e-10,
00:04:07,    247024,   983.6827,  7.81818e-09,  4.31097e-09,  5.31528e-10,  2.15410e-09,  6.88768e-10,
00:04:07,    247456,   985.4017,  8.06250e-09,  4.37679e-09,  5.87667e-10,  2.03840e-09,  6.94911e-10,
00:04:07,    247888,   987.1206,  8.06250e-09,  4.13546e-09,  5.76917e-10,  2.24010e-09,  6.99518e-10,
00:04:08,    248319,   988.9718,  7.32955e-09,  4.59617e-09,  6.07972e-10,  2.18992e-09,  7.25621e-10,
00:04:08,    248751,   990.8230,  7.32955e-09,  3.86122e-09,  5.53028e-10,  2.07833e-09,  6.55750e-10,
00:04:09,    249183,   992.6741,  8.06250e-09,  4.33291e-09,  5.69750e-10,  2.18890e-09,  6.63429e-10,
00:04:09,    249614,   993.9964,  7.57386e-09,  3.97092e-09,  5.91250e-10,  2.26159e-09,  6.76482e-10,
00:04:10,    250046,   995.7153,  8.06250e-09,  4.13546e-09,  5.81694e-10,  2.25852e-09,  6.75714e-10,
00:04:10,    250478,   997.6987,  7.81818e-09,  4.15740e-09,  5.41083e-10,  2.16843e-09,  6.44232e-10,
00:04:10,    250909,   999.2854,  7.57386e-09,  3.66378e-09,  6.21111e-10,  2.09573e-09,  6.61893e-10,
00:04:11,    251341,  1000.6077,  7.57386e-09,  4.17934e-09,  5.69750e-10,  2.22678e-09,  6.74179e-10,
00:04:11,    251773,  1002.4588,  8.30682e-09,  4.23418e-09,  6.12750e-10,  2.30664e-09,  6.52679e-10,
00:04:12,    252204,  1004.1778,  7.57386e-09,  3.58699e-09,  5.61389e-10,  2.27490e-09,  7.05661e-10,
00:04:12,    252636,  1005.7645,  8.06250e-09,  3.94898e-09,  6.40222e-10,  2.12338e-09,  7.47121e-10,
00:04:13,    253068,  1007.8801,  8.06250e-09,  4.69490e-09,  6.70083e-10,  2.13873e-09,  6.78786e-10,
00:04:13,    253499,  1009.4668,  7.81818e-09,  4.49745e-09,  6.31861e-10,  2.35169e-09,  6.15821e-10,
00:04:13,    253931,  1011.3180,  8.30682e-09,  4.19031e-09,  6.42611e-10,  2.23395e-09,  7.01054e-10,
00:04:14,    254363,  1012.9047,  7.81818e-09,  4.35485e-09,  5.94833e-10,  2.22473e-09,  7.37143e-10,
00:04:14,    254794,  1015.1526,  7.32955e-09,  4.15740e-09,  6.56944e-10,  2.15921e-09,  7.21786e-10,
00:04:15,    255226,  1016.7393,  8.06250e-09,  4.54133e-09,  6.74861e-10,  2.10392e-09,  7.36371e-10,
00:04:15,    255658,  1018.3260,  7.81818e-09,  3.90510e-09,  6.07972e-10,  2.08345e-09,  7.19479e-10,
00:04:16,    256089,  1019.9127,  7.32955e-09,  4.67296e-09,  6.39028e-10,  2.09778e-09,  7.40979e-10,
00:04:16,    256521,  1021.8961,  7.81818e-09,  4.44260e-09,  5.53028e-10,  2.22576e-09,  6.93375e-10,
00:04:16,    256953,  1023.7473,  7.81818e-09,  3.78444e-09,  6.29472e-10,  2.22678e-09,  6.83393e-10,
00:04:17,    257384,  1025.3340,  7.32955e-09,  4.23418e-09,  6.39028e-10,  2.28310e-09,  6.55750e-10,
00:04:17,    257816,  1027.0530,  7.32955e-09,  3.99286e-09,  6.42611e-10,  2.19402e-09,  7.64014e-10,
00:04:18,    258248,  1028.7718,  7.81818e-09,  3.83929e-09,  6.23500e-10,  2.13976e-09,  6.96446e-10,
00:04:18,    258679,  1030.2263,  8.06250e-09,  4.53036e-09,  5.85278e-10,  2.22781e-09,  7.56336e-10,
00:04:19,    259111,  1031.8131,  7.32955e-09,  3.54311e-09,  6.64111e-10,  2.31176e-09,  6.89536e-10,
00:04:19,    259543,  1033.5320,  7.32955e-09,  3.87219e-09,  6.34250e-10,  2.11621e-09,  7.04125e-10,
00:04:19,    259974,  1035.5154,  7.57386e-09,  4.45357e-09,  6.41417e-10,  2.25340e-09,  7.69393e-10,
00:04:20,    260406,  1037.1021,  7.32955e-09,  4.19031e-09,  6.59333e-10,  2.20630e-09,  7.43286e-10,
00:04:20,    260838,  1039.0855,  7.57386e-09,  4.09158e-09,  6.79639e-10,  2.21552e-09,  7.01821e-10,
00:04:21,    261269,  1040.8044,  7.32955e-09,  4.66199e-09,  5.55417e-10,  2.14897e-09,  7.40979e-10,
00:04:21,    261701,  1042.3912,  7.57386e-09,  4.22321e-09,  6.18722e-10,  2.23702e-09,  7.19479e-10,
00:04:22,    262133,  1044.3745,  7.81818e-09,  4.82653e-09,  6.35444e-10,  2.13669e-09,  7.14107e-10,
00:04:22,    262564,  1045.9613,  7.81818e-09,  5.14464e-09,  6.76056e-10,  2.34452e-09,  7.21786e-10,
00:04:22,    262996,  1047.6802,  8.06250e-09,  4.03673e-09,  5.97222e-10,  2.30869e-09,  7.09500e-10,
00:04:23,    263428,  1049.5313,  7.81818e-09,  4.51939e-09,  6.29472e-10,  2.30152e-09,  6.99518e-10,
00:04:23,    263859,  1050.7214,  7.81818e-09,  3.79541e-09,  6.30667e-10,  2.41619e-09,  7.24086e-10,
00:04:24,    264291,  1052.9692,  7.08523e-09,  4.50842e-09,  6.19917e-10,  2.41210e-09,  7.52500e-10,
00:04:24,    264723,  1054.6882,  7.08523e-09,  4.31097e-09,  6.28278e-10,  2.25238e-09,  6.81089e-10,
00:04:25,    265154,  1056.4071,  7.32955e-09,  4.36582e-09,  5.82889e-10,  2.32610e-09,  7.04893e-10,
00:04:25,    265586,  1058.1260,  7.32955e-09,  3.78444e-09,  5.56611e-10,  2.16843e-09,  7.44050e-10,
00:04:26,    266018,  1059.9772,  7.57386e-09,  4.60714e-09,  6.37833e-10,  2.28105e-09,  7.16407e-10,
00:04:26,    266449,  1061.4317,  7.32955e-09,  4.49745e-09,  6.74861e-10,  2.34043e-09,  7.28693e-10,
00:04:26,    266881,  1063.2829,  7.08523e-09,  4.05867e-09,  5.96028e-10,  2.29845e-09,  7.35607e-10,
00:04:27,    267313,  1064.8696,  7.57386e-09,  4.23418e-09,  7.34583e-10,  2.27592e-09,  7.61714e-10,
00:04:27,    267744,  1066.5886,  7.08523e-09,  4.40969e-09,  6.45000e-10,  2.32507e-09,  6.88768e-10,
00:04:28,    268176,  1068.4396,  7.32955e-09,  3.46633e-09,  6.28278e-10,  2.31278e-09,  8.04714e-10,
00:04:28,    268608,  1069.8941,  7.81818e-09,  4.33291e-09,  6.24694e-10,  2.41824e-09,  7.86286e-10,
00:04:29,    269039,  1071.4809,  7.81818e-09,  4.85944e-09,  6.83222e-10,  2.37729e-09,  7.32536e-10,
00:04:29,    269471,  1073.0676,  7.57386e-09,  4.01480e-09,  6.59333e-10,  2.23600e-09,  7.70157e-10,
00:04:29,    269903,  1075.1832,  7.32955e-09,  4.10255e-09,  6.07972e-10,  2.30459e-09,  7.14107e-10,
