0000000701,scans,0000000090,DataLength
"header",0000000024,"lines"
"Date",5/7/2016,"Time",12:16:47 AM
"ID","HAL RC RGA 301 #14852","Version",3
"Scans",5
"Scan ID","Mode","Input","Scanned","Start","Stop","Increment","Dwell","Settle","RS","RelSEM"
"Scan 1","RGA","Temperature","none",0.40,0.40,0.01,10.000,8.000,1.000000,1.000000,
"Scan 2","RGA","SEM","mass",2.00,2.00,0.01,10.000,8.000,0.440000,1.000000,
"Scan 3","RGA","SEM","mass",18.00,18.00,0.01,10.000,8.000,0.900000,1.000000,
"Scan 4","RGA","SEM","mass",28.00,28.00,0.01,10.000,8.000,1.050000,1.000000,
"Scan 5","RGA","SEM","mass",44.00,44.00,0.01,10.000,8.000,1.400000,1.000000,
"Environment",
"Global","RGA"
"F1",1,"( 1 = on, 0 = off )"
"F2",0,"( 1 = on, 0 = off )"
"cage",3.3,"V"
"delta-m",0,"%"
"electron-energy",70.0,"V"
"emission",1000.000,"uA"
"focus",-90,"V"
"mass",5.50,"amu"
"mode-change-delay",1000,"ms"
"multiplier",1100,"V"
"resolution",0,"%"
"Data",5
"Time","ms","Scan 1 : none 0.40","Hydrogen","Water","Carbon monoxide","Carbon dioxide",
00:00:01,      1239,   170.3596,  0.00000e+00,  0.00000e+00,  0.00000e+00,  0.00000e+00,
00:00:01,      1616,   170.2274,  4.88636e-10,  2.38889e-10,  1.02381e-10,  7.67857e-11,
00:00:01,      1993,   170.6241,  4.64205e-09,  3.10556e-09,  2.45714e-09,  1.22857e-09,
00:00:02,      2370,   170.3596,  1.22159e-08,  4.65833e-09,  3.27619e-09,  1.07500e-09,
00:00:02,      2747,   170.6241,  1.39261e-08,  4.53889e-09,  3.37857e-09,  8.44643e-10,
00:00:03,      3124,   170.3596,  1.27045e-08,  3.70278e-09,  3.27619e-09,  9.21429e-10,
00:00:03,      3501,   170.4918,  1.22159e-08,  3.58333e-09,  3.27619e-09,  7.67857e-10,
00:00:03,      3878,   170.4918,  1.31932e-08,  3.22500e-09,  3.37857e-09,  7.67857e-10,
00:00:04,      4255,   170.4918,  1.36818e-08,  3.10556e-09,  3.27619e-09,  9.21429e-10,
00:00:04,      4632,   170.4918,  1.29489e-08,  2.86667e-09,  3.17381e-09,  8.44643e-10,
00:00:05,      5009,   170.4918,  1.39261e-08,  2.38889e-09,  2.96905e-09,  9.21429e-10,
00:00:05,      5386,   170.4918,  1.29489e-08,  2.62778e-09,  3.17381e-09,  6.91071e-10,
00:00:05,      5763,   170.3596,  1.29489e-08,  2.50833e-09,  3.17381e-09,  6.91071e-10,
00:00:06,      6140,   170.3596,  1.24602e-08,  2.26944e-09,  3.07143e-09,  6.14286e-10,
00:00:06,      6517,   170.4918,  1.27045e-08,  2.38889e-09,  3.27619e-09,  8.44643e-10,
00:00:06,      6894,   170.3596,  1.34375e-08,  2.62778e-09,  3.07143e-09,  7.67857e-10,
00:00:07,      7271,   170.6241,  1.31932e-08,  2.50833e-09,  3.17381e-09,  7.67857e-10,
00:00:07,      7648,   170.6241,  1.27045e-08,  2.26944e-09,  2.86667e-09,  6.91071e-10,
00:00:08,      8025,   170.6241,  1.44148e-08,  2.03056e-09,  3.27619e-09,  6.91071e-10,
00:00:08,      8402,   170.4918,  1.29489e-08,  2.15000e-09,  3.58333e-09,  7.67857e-10,
00:00:08,      8779,   170.6241,  1.27045e-08,  2.26944e-09,  3.27619e-09,  6.14286e-10,
00:00:09,      9156,   170.3596,  1.31932e-08,  2.03056e-09,  3.37857e-09,  4.60714e-10,
00:00:09,      9533,   170.4918,  1.31932e-08,  2.15000e-09,  3.27619e-09,  7.67857e-10,
00:00:09,      9910,   170.4918,  1.34375e-08,  2.38889e-09,  3.37857e-09,  6.14286e-10,
00:00:10,     10287,   170.3596,  1.34375e-08,  2.26944e-09,  3.27619e-09,  7.67857e-10,
00:00:10,     10664,   170.6241,  1.34375e-08,  2.26944e-09,  3.27619e-09,  6.14286e-10,
00:00:11,     11041,   170.4918,  1.31932e-08,  2.15000e-09,  3.27619e-09,  7.67857e-10,
00:00:11,     11418,   170.4918,  1.36818e-08,  2.15000e-09,  3.48095e-09,  6.14286e-10,
00:00:11,     11795,   170.4918,  1.36818e-08,  2.03056e-09,  3.27619e-09,  8.44643e-10,
00:00:12,     12172,   170.3596,  1.31932e-08,  2.26944e-09,  3.27619e-09,  6.91071e-10,
00:00:12,     12549,   170.4918,  1.34375e-08,  2.03056e-09,  3.17381e-09,  6.91071e-10,
00:00:12,     12926,   170.4918,  1.27045e-08,  2.03056e-09,  3.17381e-09,  6.91071e-10,
00:00:13,     13303,   170.4918,  1.24602e-08,  2.26944e-09,  3.37857e-09,  6.14286e-10,
00:00:13,     13680,   170.2274,  1.29489e-08,  2.15000e-09,  3.27619e-09,  6.91071e-10,
00:00:14,     14057,   170.4918,  1.34375e-08,  2.03056e-09,  3.27619e-09,  6.91071e-10,
00:00:14,     14434,   170.4918,  1.31932e-08,  2.03056e-09,  3.27619e-09,  6.14286e-10,
00:00:14,     14811,   170.4918,  1.39261e-08,  2.15000e-09,  3.37857e-09,  6.91071e-10,
00:00:15,     15188,   170.4918,  1.24602e-08,  2.15000e-09,  3.17381e-09,  6.91071e-10,
00:00:15,     15565,   170.3596,  1.36818e-08,  2.38889e-09,  3.48095e-09,  7.67857e-10,
00:00:15,     15942,   170.3596,  1.34375e-08,  1.91111e-09,  3.17381e-09,  7.67857e-10,
00:00:16,     16319,   170.4918,  1.29489e-08,  1.91111e-09,  3.17381e-09,  6.91071e-10,
00:00:16,     16696,   170.3596,  1.34375e-08,  2.15000e-09,  3.27619e-09,  5.37500e-10,
00:00:17,     17073,   170.2274,  1.27045e-08,  2.15000e-09,  3.27619e-09,  5.37500e-10,
00:00:17,     17450,   170.3596,  1.31932e-08,  2.15000e-09,  3.37857e-09,  5.37500e-10,
00:00:17,     17827,   170.4918,  1.29489e-08,  2.03056e-09,  3.58333e-09,  6.14286e-10,
00:00:18,     18204,   170.0952,  1.22159e-08,  2.26944e-09,  3.17381e-09,  6.91071e-10,
00:00:18,     18581,   170.2274,  1.34375e-08,  2.15000e-09,  3.37857e-09,  6.14286e-10,
00:00:18,     18958,   170.0952,  1.24602e-08,  2.15000e-09,  3.48095e-09,  6.14286e-10,
00:00:19,     19335,   170.3596,  1.39261e-08,  2.26944e-09,  3.48095e-09,  4.60714e-10,
00:00:19,     19712,   170.2274,  1.31932e-08,  2.15000e-09,  3.48095e-09,  6.91071e-10,
00:00:20,     20089,   170.4918,  1.29489e-08,  2.03056e-09,  3.58333e-09,  6.14286e-10,
00:00:20,     20466,   170.2274,  1.41705e-08,  2.03056e-09,  3.27619e-09,  7.67857e-10,
00:00:20,     20843,   170.2274,  1.34375e-08,  2.15000e-09,  3.78810e-09,  6.14286e-10,
00:00:21,     21220,   170.3596,  1.29489e-08,  2.26944e-09,  3.37857e-09,  6.14286e-10,
00:00:21,     21597,   170.3596,  1.24602e-08,  2.15000e-09,  3.27619e-09,  6.14286e-10,
00:00:21,     21974,   170.2274,  1.27045e-08,  2.26944e-09,  3.17381e-09,  5.37500e-10,
00:00:22,     22351,   170.4918,  1.39261e-08,  2.15000e-09,  3.37857e-09,  6.91071e-10,
00:00:22,     22728,   170.3596,  1.34375e-08,  2.03056e-09,  3.27619e-09,  5.37500e-10,
00:00:23,     23105,   170.4918,  1.29489e-08,  2.03056e-09,  3.48095e-09,  5.37500e-10,
00:00:23,     23482,   170.4918,  1.24602e-08,  2.15000e-09,  3.37857e-09,  6.91071e-10,
00:00:23,     23859,   170.4918,  1.22159e-08,  2.03056e-09,  3.68571e-09,  6.91071e-10,
00:00:24,     24236,   170.6241,  1.34375e-08,  2.15000e-09,  3.37857e-09,  5.37500e-10,
00:00:24,     24613,   170.3596,  1.22159e-08,  1.91111e-09,  3.37857e-09,  6.91071e-10,
00:00:24,     24990,   170.4918,  1.17273e-08,  2.15000e-09,  3.27619e-09,  6.91071e-10,
00:00:25,     25367,   170.3596,  1.29489e-08,  2.15000e-09,  3.27619e-09,  6.14286e-10,
00:00:25,     25744,   170.4918,  1.27045e-08,  2.03056e-09,  3.17381e-09,  4.60714e-10,
00:00:26,     26121,   170.3596,  1.19716e-08,  2.03056e-09,  3.07143e-09,  6.14286e-10,
00:00:26,     26498,   170.7563,  1.24602e-08,  2.15000e-09,  3.37857e-09,  6.91071e-10,
00:00:26,     26875,   170.6241,  1.22159e-08,  2.26944e-09,  3.17381e-09,  6.14286e-10,
00:00:27,     27252,   170.2274,  1.27045e-08,  2.15000e-09,  3.17381e-09,  6.14286e-10,
00:00:27,     27629,   170.3596,  1.31932e-08,  2.38889e-09,  3.07143e-09,  6.14286e-10,
00:00:28,     28006,   170.3596,  1.29489e-08,  1.91111e-09,  3.07143e-09,  6.91071e-10,
00:00:28,     28383,   170.4918,  1.27045e-08,  2.15000e-09,  3.37857e-09,  6.14286e-10,
00:00:28,     28760,   170.3596,  1.19716e-08,  1.91111e-09,  3.17381e-09,  6.91071e-10,
00:00:29,     29137,   170.4918,  1.27045e-08,  2.26944e-09,  3.48095e-09,  6.91071e-10,
00:00:29,     29514,   170.4918,  1.22159e-08,  1.91111e-09,  3.27619e-09,  6.14286e-10,
00:00:29,     29891,   170.6241,  1.27045e-08,  2.15000e-09,  3.27619e-09,  6.14286e-10,
00:00:30,     30268,   170.3596,  1.24602e-08,  1.91111e-09,  3.37857e-09,  6.14286e-10,
00:00:30,     30645,   170.2274,  1.19716e-08,  1.79167e-09,  3.48095e-09,  8.44643e-10,
00:00:31,     31022,   170.6241,  1.12386e-08,  2.15000e-09,  3.37857e-09,  6.14286e-10,
00:00:31,     31399,   170.4918,  1.19716e-08,  1.79167e-09,  3.58333e-09,  6.91071e-10,
00:00:31,     31776,   170.4918,  1.24602e-08,  1.91111e-09,  3.37857e-09,  6.14286e-10,
00:00:32,     32153,   170.4918,  1.36818e-08,  2.15000e-09,  3.48095e-09,  6.91071e-10,
00:00:32,     32530,   170.4918,  1.29489e-08,  1.91111e-09,  3.17381e-09,  5.37500e-10,
00:00:32,     32907,   170.4918,  1.27045e-08,  2.26944e-09,  3.58333e-09,  6.91071e-10,
00:00:33,     33284,   170.3596,  1.27045e-08,  2.03056e-09,  3.68571e-09,  6.14286e-10,
00:00:33,     33661,   170.0952,  1.22159e-08,  1.79167e-09,  2.86667e-09,  6.91071e-10,
00:00:34,     34038,   170.4918,  1.24602e-08,  1.91111e-09,  3.17381e-09,  8.44643e-10,
00:00:34,     34415,   170.3596,  1.19716e-08,  2.15000e-09,  3.17381e-09,  6.14286e-10,
00:00:34,     34792,   170.4918,  1.14830e-08,  2.03056e-09,  3.17381e-09,  6.14286e-10,
00:00:35,     35169,   170.6241,  1.19716e-08,  1.79167e-09,  3.27619e-09,  6.14286e-10,
00:00:35,     35546,   170.3596,  1.17273e-08,  2.03056e-09,  3.37857e-09,  6.14286e-10,
00:00:35,     35923,   170.2274,  1.29489e-08,  2.03056e-09,  5.11905e-09,  6.91071e-10,
00:00:36,     36300,   170.4918,  1.34375e-08,  1.91111e-09,  6.24524e-09,  6.14286e-10,
00:00:36,     36677,   170.6241,  1.36818e-08,  2.26944e-09,  5.01667e-09,  5.37500e-10,
00:00:37,     37054,   170.3596,  1.29489e-08,  1.91111e-09,  4.50476e-09,  6.14286e-10,
00:00:37,     37431,   170.3596,  1.29489e-08,  1.91111e-09,  4.40238e-09,  6.14286e-10,
00:00:37,     37808,   170.3596,  1.29489e-08,  2.15000e-09,  3.89048e-09,  4.60714e-10,
00:00:38,     38185,   170.3596,  1.27045e-08,  1.79167e-09,  3.68571e-09,  6.91071e-10,
00:00:38,     38562,   170.3596,  1.22159e-08,  1.91111e-09,  3.99286e-09,  5.37500e-10,
00:00:38,     38939,   170.2274,  1.19716e-08,  2.03056e-09,  4.09524e-09,  6.14286e-10,
00:00:39,     39316,   170.3596,  1.24602e-08,  1.79167e-09,  3.99286e-09,  4.60714e-10,
00:00:39,     39693,   170.4918,  1.31932e-08,  1.67222e-09,  3.48095e-09,  6.91071e-10,
00:00:40,     40070,   170.0952,  1.31932e-08,  2.15000e-09,  3.78810e-09,  5.37500e-10,
00:00:40,     40447,   170.2274,  1.27045e-08,  1.91111e-09,  3.58333e-09,  5.37500e-10,
00:00:40,     40824,   170.4918,  1.24602e-08,  2.26944e-09,  3.17381e-09,  6.91071e-10,
00:00:41,     41201,   170.4918,  1.24602e-08,  2.03056e-09,  3.17381e-09,  5.37500e-10,
00:00:41,     41578,   170.6241,  1.27045e-08,  2.03056e-09,  3.37857e-09,  6.14286e-10,
00:00:41,     41955,   170.6241,  1.19716e-08,  1.91111e-09,  3.58333e-09,  6.14286e-10,
00:00:42,     42332,   170.2274,  1.24602e-08,  1.79167e-09,  3.37857e-09,  6.91071e-10,
00:00:42,     42709,   170.2274,  1.19716e-08,  2.03056e-09,  3.48095e-09,  6.91071e-10,
00:00:43,     43086,   170.3596,  1.29489e-08,  2.26944e-09,  3.37857e-09,  6.14286e-10,
00:00:43,     43463,   170.3596,  1.27045e-08,  1.91111e-09,  3.37857e-09,  5.37500e-10,
00:00:43,     43840,   170.3596,  1.27045e-08,  2.26944e-09,  3.68571e-09,  5.37500e-10,
00:00:44,     44217,   170.6241,  1.09943e-08,  1.91111e-09,  3.27619e-09,  6.14286e-10,
00:00:44,     44594,   170.3596,  1.36818e-08,  1.79167e-09,  3.68571e-09,  6.14286e-10,
00:00:44,     44971,   170.4918,  1.24602e-08,  1.91111e-09,  3.48095e-09,  6.14286e-10,
00:00:45,     45348,   170.6241,  1.22159e-08,  2.03056e-09,  3.17381e-09,  6.14286e-10,
00:00:45,     45725,   170.6241,  1.22159e-08,  1.79167e-09,  3.58333e-09,  6.91071e-10,
00:00:46,     46102,   170.6241,  1.22159e-08,  2.15000e-09,  3.37857e-09,  6.91071e-10,
00:00:46,     46479,   170.4918,  1.29489e-08,  2.03056e-09,  3.48095e-09,  5.37500e-10,
00:00:46,     46856,   170.4918,  1.19716e-08,  1.91111e-09,  3.48095e-09,  6.91071e-10,
00:00:47,     47233,   170.6241,  1.24602e-08,  1.79167e-09,  3.58333e-09,  5.37500e-10,
00:00:47,     47610,   170.4918,  1.12386e-08,  1.91111e-09,  3.17381e-09,  5.37500e-10,
00:00:47,     47987,   170.2274,  1.19716e-08,  2.15000e-09,  3.48095e-09,  5.37500e-10,
00:00:48,     48364,   170.4918,  1.19716e-08,  1.91111e-09,  3.27619e-09,  5.37500e-10,
00:00:48,     48741,   170.4918,  1.27045e-08,  2.26944e-09,  3.17381e-09,  5.37500e-10,
00:00:49,     49118,   170.6241,  1.19716e-08,  1.91111e-09,  3.07143e-09,  6.91071e-10,
00:00:49,     49495,   170.6241,  1.22159e-08,  2.15000e-09,  3.27619e-09,  6.91071e-10,
00:00:49,     49872,   170.3596,  1.24602e-08,  1.79167e-09,  3.58333e-09,  6.14286e-10,
00:00:50,     50249,   170.2274,  1.19716e-08,  2.03056e-09,  3.27619e-09,  6.14286e-10,
00:00:50,     50626,   170.6241,  1.24602e-08,  1.91111e-09,  3.17381e-09,  5.37500e-10,
00:00:51,     51003,   170.3596,  1.24602e-08,  1.91111e-09,  3.48095e-09,  6.14286e-10,
00:00:51,     51380,   170.6241,  1.22159e-08,  2.03056e-09,  3.37857e-09,  6.14286e-10,
00:00:51,     51757,   170.2274,  1.09943e-08,  1.91111e-09,  3.17381e-09,  7.67857e-10,
00:00:52,     52134,   170.4918,  1.24602e-08,  2.15000e-09,  3.68571e-09,  6.91071e-10,
00:00:52,     52511,   170.3596,  1.22159e-08,  2.03056e-09,  3.27619e-09,  5.37500e-10,
00:00:52,     52888,   170.4918,  1.22159e-08,  1.67222e-09,  3.17381e-09,  6.14286e-10,
00:00:53,     53265,   170.3596,  1.17273e-08,  1.79167e-09,  3.27619e-09,  6.14286e-10,
00:00:53,     53642,   170.2274,  1.19716e-08,  1.91111e-09,  3.27619e-09,  5.37500e-10,
00:00:54,     54019,   170.6241,  1.29489e-08,  2.03056e-09,  3.27619e-09,  5.37500e-10,
00:00:54,     54396,   170.3596,  1.12386e-08,  1.79167e-09,  2.96905e-09,  6.14286e-10,
00:00:54,     54773,   170.2274,  1.12386e-08,  1.67222e-09,  3.37857e-09,  6.14286e-10,
00:00:55,     55150,   170.3596,  1.24602e-08,  1.79167e-09,  3.37857e-09,  6.14286e-10,
00:00:55,     55527,   170.0952,  1.19716e-08,  2.03056e-09,  3.27619e-09,  5.37500e-10,
00:00:55,     55904,   170.3596,  1.14830e-08,  1.91111e-09,  3.27619e-09,  6.91071e-10,
00:00:56,     56281,   170.3596,  1.17273e-08,  1.79167e-09,  3.07143e-09,  6.91071e-10,
00:00:56,     56658,   170.2274,  1.24602e-08,  1.91111e-09,  3.37857e-09,  6.14286e-10,
00:00:57,     57035,   170.2274,  1.19716e-08,  1.67222e-09,  3.27619e-09,  6.91071e-10,
00:00:57,     57412,   170.6241,  1.14830e-08,  2.03056e-09,  3.37857e-09,  6.91071e-10,
00:00:57,     57789,   170.3596,  1.22159e-08,  2.15000e-09,  3.17381e-09,  5.37500e-10,
00:00:58,     58166,   170.7563,  1.22159e-08,  2.03056e-09,  3.78810e-09,  6.14286e-10,
00:00:58,     58543,   171.0207,  1.24602e-08,  2.03056e-09,  4.09524e-09,  7.67857e-10,
00:00:58,     58920,   171.4174,  1.39261e-08,  2.38889e-09,  3.58333e-09,  6.14286e-10,
00:00:59,     59297,   172.0786,  1.49034e-08,  3.22500e-09,  3.37857e-09,  6.91071e-10,
00:00:59,     59674,   173.0041,  1.78352e-08,  3.10556e-09,  3.27619e-09,  6.91071e-10,
00:01:00,     60051,   174.0619,  2.36989e-08,  3.10556e-09,  3.68571e-09,  6.91071e-10,
00:01:00,     60428,   176.0453,  3.56705e-08,  3.10556e-09,  3.27619e-09,  8.44643e-10,
00:01:00,     60805,   177.8965,  5.15511e-08,  2.38889e-09,  3.48095e-09,  7.67857e-10,
00:01:01,     61182,   180.2766,  6.71875e-08,  2.50833e-09,  3.58333e-09,  6.91071e-10,
00:01:01,     61559,   182.7889,  8.42898e-08,  2.38889e-09,  3.07143e-09,  7.67857e-10,
00:01:01,     61936,   185.6978,  9.03977e-08,  2.26944e-09,  3.17381e-09,  6.14286e-10,
00:01:02,     62313,   188.7390,  9.25966e-08,  2.03056e-09,  3.17381e-09,  6.14286e-10,
00:01:02,     62690,   191.6480,  8.50227e-08,  2.03056e-09,  2.86667e-09,  7.67857e-10,
00:01:03,     63067,   194.8214,  7.64716e-08,  2.15000e-09,  2.96905e-09,  6.14286e-10,
00:01:03,     63444,   197.7304,  6.96307e-08,  2.03056e-09,  3.07143e-09,  6.14286e-10,
00:01:03,     63821,   200.5072,  6.15682e-08,  2.03056e-09,  3.27619e-09,  5.37500e-10,
00:01:04,     64198,   203.1517,  5.57045e-08,  1.91111e-09,  3.17381e-09,  6.14286e-10,
00:01:04,     64575,   205.6640,  4.95966e-08,  1.91111e-09,  2.96905e-09,  6.91071e-10,
00:01:04,     64952,   207.9118,  4.71534e-08,  2.03056e-09,  3.07143e-09,  5.37500e-10,
00:01:05,     65329,   209.7630,  4.27557e-08,  1.91111e-09,  3.07143e-09,  6.91071e-10,
00:01:05,     65706,   211.6142,  4.03125e-08,  1.91111e-09,  2.96905e-09,  6.14286e-10,
00:01:06,     66083,   213.3331,  3.98239e-08,  1.79167e-09,  2.96905e-09,  8.44643e-10,
00:01:06,     66460,   214.9198,  3.93352e-08,  1.91111e-09,  2.66190e-09,  7.67857e-10,
00:01:06,     66837,   216.3743,  3.86023e-08,  1.91111e-09,  2.96905e-09,  6.14286e-10,
00:01:07,     67214,   217.5643,  3.56705e-08,  1.79167e-09,  3.07143e-09,  6.91071e-10,
00:01:07,     67591,   218.8866,  3.66477e-08,  1.91111e-09,  2.96905e-09,  6.14286e-10,
00:01:07,     67968,   219.8122,  3.68920e-08,  2.15000e-09,  2.76429e-09,  6.91071e-10,
00:01:08,     68345,   221.0022,  3.64034e-08,  2.03056e-09,  2.96905e-09,  6.91071e-10,
00:01:08,     68722,   221.9278,  3.81136e-08,  2.03056e-09,  2.96905e-09,  6.91071e-10,
00:01:09,     69099,   222.9856,  3.78693e-08,  1.79167e-09,  3.17381e-09,  6.91071e-10,
00:01:09,     69476,   223.7790,  3.76250e-08,  1.91111e-09,  3.17381e-09,  6.14286e-10,
00:01:09,     69853,   224.7046,  4.00682e-08,  2.03056e-09,  3.17381e-09,  6.91071e-10,
00:01:10,     70230,   225.8946,  4.00682e-08,  2.03056e-09,  3.27619e-09,  5.37500e-10,
00:01:10,     70607,   226.8202,  4.20227e-08,  2.03056e-09,  2.76429e-09,  7.67857e-10,
00:01:10,     70984,   228.0102,  4.25114e-08,  2.15000e-09,  2.96905e-09,  5.37500e-10,
00:01:11,     71361,   229.4647,  4.08011e-08,  2.26944e-09,  2.96905e-09,  5.37500e-10,
00:01:11,     71738,   230.6547,  4.22670e-08,  1.91111e-09,  2.96905e-09,  6.91071e-10,
00:01:12,     72115,   232.1092,  4.15341e-08,  2.15000e-09,  2.86667e-09,  6.91071e-10,
00:01:12,     72492,   233.4315,  3.95795e-08,  2.03056e-09,  3.17381e-09,  6.91071e-10,
00:01:12,     72869,   234.6215,  3.73807e-08,  2.38889e-09,  2.96905e-09,  6.91071e-10,
00:01:13,     73246,   236.3405,  3.86023e-08,  2.03056e-09,  2.96905e-09,  5.37500e-10,
00:01:13,     73623,   238.0594,  3.61591e-08,  2.50833e-09,  3.07143e-09,  5.37500e-10,
00:01:14,     74000,   239.6461,  3.49375e-08,  2.26944e-09,  2.96905e-09,  5.37500e-10,
00:01:14,     74377,   241.4973,  3.49375e-08,  2.15000e-09,  3.07143e-09,  6.91071e-10,
00:01:14,     74754,   243.4807,  3.27386e-08,  2.50833e-09,  3.07143e-09,  6.14286e-10,
00:01:15,     75131,   244.9352,  3.29830e-08,  2.26944e-09,  3.17381e-09,  6.91071e-10,
00:01:15,     75508,   247.0508,  3.20057e-08,  2.26944e-09,  2.76429e-09,  7.67857e-10,
00:01:15,     75885,   248.9019,  3.07841e-08,  2.50833e-09,  2.96905e-09,  6.14286e-10,
00:01:16,     76262,   250.4887,  3.07841e-08,  2.50833e-09,  3.07143e-09,  5.37500e-10,
00:01:16,     76639,   252.3398,  2.85852e-08,  2.50833e-09,  3.07143e-09,  5.37500e-10,
00:01:17,     77016,   253.7943,  2.68750e-08,  2.62778e-09,  2.86667e-09,  7.67857e-10,
00:01:17,     77393,   255.3810,  2.88295e-08,  2.62778e-09,  2.96905e-09,  5.37500e-10,
00:01:17,     77770,   257.2322,  2.88295e-08,  2.62778e-09,  3.07143e-09,  6.14286e-10,
00:01:18,     78147,   259.0834,  2.61420e-08,  2.74722e-09,  3.37857e-09,  6.14286e-10,
00:01:18,     78524,   260.6701,  2.61420e-08,  2.38889e-09,  3.17381e-09,  6.91071e-10,
00:01:18,     78901,   262.1246,  2.61420e-08,  2.50833e-09,  3.37857e-09,  8.44643e-10,
00:01:19,     79278,   263.3146,  2.54091e-08,  2.98611e-09,  2.96905e-09,  7.67857e-10,
00:01:19,     79655,   265.0336,  2.49205e-08,  2.74722e-09,  3.17381e-09,  6.91071e-10,
00:01:20,     80032,   266.3558,  2.54091e-08,  2.62778e-09,  3.07143e-09,  6.91071e-10,
00:01:20,     80409,   267.8103,  2.39432e-08,  2.74722e-09,  2.96905e-09,  6.91071e-10,
00:01:20,     80786,   269.2648,  2.56534e-08,  2.74722e-09,  3.27619e-09,  7.67857e-10,
00:01:21,     81163,   270.4548,  2.61420e-08,  2.74722e-09,  3.07143e-09,  6.14286e-10,
00:01:21,     81540,   272.0415,  2.49205e-08,  2.62778e-09,  3.07143e-09,  6.91071e-10,
00:01:21,     81917,   273.4960,  2.58977e-08,  2.74722e-09,  3.07143e-09,  5.37500e-10,
00:01:22,     82294,   274.8183,  2.56534e-08,  2.62778e-09,  3.17381e-09,  6.91071e-10,
00:01:22,     82671,   276.1406,  2.56534e-08,  2.62778e-09,  2.96905e-09,  6.91071e-10,
00:01:23,     83048,   277.5950,  2.76080e-08,  2.98611e-09,  3.17381e-09,  6.91071e-10,
00:01:23,     83425,   279.1817,  2.54091e-08,  2.98611e-09,  3.17381e-09,  6.14286e-10,
00:01:23,     83802,   280.5040,  2.66307e-08,  2.98611e-09,  3.07143e-09,  6.91071e-10,
00:01:24,     84179,   281.9585,  2.73636e-08,  2.62778e-09,  3.27619e-09,  7.67857e-10,
00:01:24,     84556,   283.5452,  2.56534e-08,  2.74722e-09,  3.07143e-09,  7.67857e-10,
00:01:24,     84933,   284.9997,  2.61420e-08,  2.50833e-09,  2.96905e-09,  5.37500e-10,
00:01:25,     85310,   286.3219,  2.78523e-08,  2.50833e-09,  2.96905e-09,  6.91071e-10,
00:01:25,     85687,   288.0409,  2.85852e-08,  3.10556e-09,  3.27619e-09,  7.67857e-10,
00:01:26,     86064,   290.0243,  2.78523e-08,  2.98611e-09,  3.07143e-09,  7.67857e-10,
00:01:26,     86441,   291.4788,  2.80966e-08,  2.86667e-09,  3.27619e-09,  6.91071e-10,
00:01:26,     86818,   292.6688,  2.98068e-08,  2.86667e-09,  2.96905e-09,  6.91071e-10,
00:01:27,     87195,   294.2555,  2.98068e-08,  2.38889e-09,  3.07143e-09,  7.67857e-10,
00:01:27,     87572,   295.8422,  2.83409e-08,  2.98611e-09,  3.17381e-09,  7.67857e-10,
00:01:27,     87949,   297.6934,  2.90739e-08,  2.98611e-09,  3.07143e-09,  7.67857e-10,
00:01:28,     88326,   299.0157,  3.02955e-08,  2.74722e-09,  3.27619e-09,  6.14286e-10,
00:01:28,     88703,   300.6024,  3.22500e-08,  2.74722e-09,  2.86667e-09,  6.91071e-10,
00:01:29,     89080,   302.0569,  3.05398e-08,  2.50833e-09,  3.27619e-09,  7.67857e-10,
00:01:29,     89457,   303.5113,  3.02955e-08,  2.62778e-09,  2.96905e-09,  6.91071e-10,
00:01:29,     89834,   304.9658,  3.12727e-08,  2.62778e-09,  3.48095e-09,  6.14286e-10,
00:01:30,     90211,   306.6848,  3.34716e-08,  2.62778e-09,  3.07143e-09,  6.14286e-10,
00:01:30,     90588,   308.1393,  3.27386e-08,  2.26944e-09,  3.07143e-09,  6.14286e-10,
00:01:30,     90965,   309.5938,  3.44489e-08,  2.38889e-09,  2.96905e-09,  7.67857e-10,
00:01:31,     91342,   311.0482,  3.56705e-08,  2.50833e-09,  3.17381e-09,  5.37500e-10,
00:01:31,     91719,   312.5027,  3.51818e-08,  2.62778e-09,  3.07143e-09,  6.14286e-10,
00:01:32,     92096,   314.0894,  3.71364e-08,  2.38889e-09,  3.07143e-09,  6.91071e-10,
00:01:32,     92473,   315.4117,  3.93352e-08,  2.38889e-09,  3.27619e-09,  8.44643e-10,
00:01:32,     92850,   316.9984,  4.10455e-08,  2.38889e-09,  3.17381e-09,  6.14286e-10,
00:01:33,     93227,   318.3207,  4.03125e-08,  2.62778e-09,  3.27619e-09,  6.14286e-10,
00:01:33,     93604,   320.0396,  4.12898e-08,  2.50833e-09,  3.27619e-09,  6.14286e-10,
00:01:33,     93981,   321.6263,  4.30000e-08,  2.50833e-09,  3.37857e-09,  6.91071e-10,
00:01:34,     94358,   323.3453,  4.47102e-08,  2.26944e-09,  3.27619e-09,  5.37500e-10,
00:01:34,     94735,   324.5353,  4.25114e-08,  1.91111e-09,  2.96905e-09,  5.37500e-10,
00:01:35,     95112,   325.9898,  4.59318e-08,  2.38889e-09,  3.07143e-09,  7.67857e-10,
00:01:35,     95489,   327.4443,  4.56875e-08,  2.26944e-09,  3.27619e-09,  6.14286e-10,
00:01:35,     95866,   329.0310,  4.61761e-08,  2.26944e-09,  3.07143e-09,  6.14286e-10,
00:01:36,     96243,   330.6177,  4.73977e-08,  2.15000e-09,  2.96905e-09,  5.37500e-10,
00:01:36,     96620,   332.2044,  4.69091e-08,  2.38889e-09,  2.86667e-09,  6.91071e-10,
00:01:36,     96997,   333.5267,  4.98409e-08,  2.50833e-09,  2.96905e-09,  6.14286e-10,
00:01:37,     97374,   335.2456,  4.91080e-08,  2.15000e-09,  3.27619e-09,  6.91071e-10,
00:01:37,     97751,   336.7001,  5.03295e-08,  2.38889e-09,  3.27619e-09,  6.14286e-10,
00:01:38,     98128,   338.1546,  5.22841e-08,  2.03056e-09,  3.17381e-09,  6.91071e-10,
00:01:38,     98505,   339.6091,  5.37500e-08,  2.26944e-09,  3.07143e-09,  7.67857e-10,
00:01:38,     98882,   341.1958,  5.25284e-08,  2.03056e-09,  2.96905e-09,  6.91071e-10,
00:01:39,     99259,   342.6503,  5.44830e-08,  2.15000e-09,  3.17381e-09,  6.14286e-10,
00:01:39,     99636,   344.3692,  5.61932e-08,  2.03056e-09,  3.37857e-09,  7.67857e-10,
00:01:40,    100013,   345.6915,  5.57045e-08,  2.15000e-09,  3.37857e-09,  5.37500e-10,
00:01:40,    100390,   347.2782,  5.96136e-08,  2.26944e-09,  2.96905e-09,  5.37500e-10,
00:01:40,    100767,   348.8649,  6.25455e-08,  2.26944e-09,  2.96905e-09,  6.91071e-10,
00:01:41,    101144,   350.3194,  6.57216e-08,  2.03056e-09,  2.96905e-09,  7.67857e-10,
00:01:41,    101521,   351.7739,  6.86534e-08,  2.15000e-09,  3.07143e-09,  6.91071e-10,
00:01:41,    101898,   353.3606,  7.54943e-08,  2.15000e-09,  3.27619e-09,  6.91071e-10,
00:01:42,    102275,   354.9473,  8.06250e-08,  2.15000e-09,  2.86667e-09,  6.91071e-10,
00:01:42,    102652,   356.5340,  7.81818e-08,  2.26944e-09,  2.96905e-09,  7.67857e-10,
00:01:43,    103029,   357.9885,  8.52670e-08,  2.15000e-09,  3.07143e-09,  6.14286e-10,
00:01:43,    103406,   359.4430,  8.99091e-08,  2.15000e-09,  3.07143e-09,  6.14286e-10,
00:01:43,    103783,   360.8975,  9.18636e-08,  2.03056e-09,  3.27619e-09,  6.91071e-10,
00:01:44,    104160,   362.4842,  9.06420e-08,  2.03056e-09,  2.96905e-09,  6.91071e-10,
00:01:44,    104537,   364.3354,  9.23523e-08,  2.03056e-09,  3.07143e-09,  8.44643e-10,
00:01:44,    104914,   365.9221,  9.06420e-08,  2.26944e-09,  2.96905e-09,  6.14286e-10,
00:01:45,    105291,   367.2444,  8.96648e-08,  2.03056e-09,  2.86667e-09,  6.91071e-10,
00:01:45,    105668,   368.6988,  8.64886e-08,  1.91111e-09,  3.27619e-09,  6.14286e-10,
00:01:46,    106045,   370.2856,  8.03807e-08,  2.15000e-09,  3.27619e-09,  6.91071e-10,
00:01:46,    106422,   371.4756,  8.08693e-08,  2.15000e-09,  3.17381e-09,  6.14286e-10,
00:01:46,    106799,   372.9301,  7.08523e-08,  2.26944e-09,  2.96905e-09,  5.37500e-10,
00:01:47,    107176,   374.3846,  6.62102e-08,  2.15000e-09,  2.86667e-09,  6.14286e-10,
00:01:47,    107553,   376.1035,  5.71705e-08,  2.15000e-09,  2.86667e-09,  6.91071e-10,
00:01:47,    107930,   377.5580,  4.81307e-08,  2.15000e-09,  2.86667e-09,  6.91071e-10,
00:01:48,    108307,   379.1447,  4.27557e-08,  2.26944e-09,  3.27619e-09,  6.91071e-10,
00:01:48,    108684,   380.7314,  3.46932e-08,  1.79167e-09,  3.17381e-09,  6.91071e-10,
00:01:49,    109061,   382.1859,  3.12727e-08,  2.03056e-09,  3.27619e-09,  6.14286e-10,
00:01:49,    109438,   383.6404,  2.68750e-08,  1.79167e-09,  2.96905e-09,  6.91071e-10,
00:01:49,    109815,   385.0949,  2.34545e-08,  2.15000e-09,  2.86667e-09,  5.37500e-10,
00:01:50,    110192,   386.5494,  2.05227e-08,  2.03056e-09,  2.96905e-09,  6.14286e-10,
00:01:50,    110569,   388.0039,  2.02784e-08,  2.26944e-09,  2.86667e-09,  7.67857e-10,
00:01:50,    110946,   389.5906,  1.88125e-08,  1.91111e-09,  2.96905e-09,  7.67857e-10,
00:01:51,    111323,   391.0451,  1.73466e-08,  1.91111e-09,  3.37857e-09,  6.91071e-10,
00:01:51,    111700,   392.6318,  1.58807e-08,  2.26944e-09,  3.07143e-09,  7.67857e-10,
00:01:52,    112077,   394.2185,  1.71023e-08,  2.03056e-09,  3.27619e-09,  6.91071e-10,
00:01:52,    112454,   395.6730,  1.51477e-08,  1.91111e-09,  2.86667e-09,  6.14286e-10,
00:01:52,    112831,   397.2597,  1.44148e-08,  1.91111e-09,  2.76429e-09,  6.14286e-10,
00:01:53,    113208,   398.7142,  1.39261e-08,  2.26944e-09,  3.07143e-09,  6.91071e-10,
00:01:53,    113585,   400.1687,  1.27045e-08,  1.91111e-09,  2.96905e-09,  6.91071e-10,
00:01:53,    113962,   401.7554,  1.19716e-08,  1.79167e-09,  2.86667e-09,  6.14286e-10,
00:01:54,    114339,   403.3421,  1.17273e-08,  2.26944e-09,  3.27619e-09,  7.67857e-10,
00:01:54,    114716,   404.9288,  1.19716e-08,  2.03056e-09,  2.86667e-09,  6.91071e-10,
00:01:55,    115093,   406.3833,  1.19716e-08,  2.15000e-09,  2.76429e-09,  6.14286e-10,
00:01:55,    115470,   407.7056,  1.12386e-08,  1.91111e-09,  3.17381e-09,  6.14286e-10,
00:01:55,    115847,   409.1601,  1.19716e-08,  2.03056e-09,  3.27619e-09,  6.91071e-10,
00:01:56,    116224,   410.8790,  1.07500e-08,  2.03056e-09,  2.86667e-09,  6.14286e-10,
00:01:56,    116601,   412.4657,  1.14830e-08,  2.26944e-09,  3.07143e-09,  6.91071e-10,
00:01:56,    116978,   414.0524,  1.07500e-08,  2.15000e-09,  2.96905e-09,  6.91071e-10,
00:01:57,    117355,   415.5069,  1.09943e-08,  2.15000e-09,  3.17381e-09,  6.14286e-10,
00:01:57,    117732,   416.8292,  1.07500e-08,  2.03056e-09,  3.07143e-09,  7.67857e-10,
00:01:58,    118109,   418.2836,  1.05057e-08,  2.15000e-09,  3.07143e-09,  6.91071e-10,
00:01:58,    118486,   419.8704,  1.05057e-08,  2.03056e-09,  3.07143e-09,  7.67857e-10,
00:01:58,    118863,   421.1927,  1.02614e-08,  2.15000e-09,  2.86667e-09,  6.91071e-10,
00:01:59,    119240,   422.7794,  1.09943e-08,  2.15000e-09,  3.27619e-09,  7.67857e-10,
00:01:59,    119617,   424.3661,  1.05057e-08,  2.15000e-09,  3.17381e-09,  6.91071e-10,
00:01:59,    119994,   425.8205,  1.05057e-08,  2.03056e-09,  3.27619e-09,  6.91071e-10,
00:02:00,    120371,   427.4073,  1.00170e-08,  1.91111e-09,  3.27619e-09,  6.91071e-10,
00:02:00,    120748,   428.8617,  1.07500e-08,  2.15000e-09,  3.27619e-09,  6.91071e-10,
00:02:01,    121125,   430.4485,  9.77273e-09,  2.15000e-09,  3.07143e-09,  6.91071e-10,
00:02:01,    121502,   432.0352,  9.77273e-09,  2.03056e-09,  3.27619e-09,  7.67857e-10,
00:02:01,    121879,   433.4897,  1.09943e-08,  2.15000e-09,  2.96905e-09,  6.91071e-10,
00:02:02,    122256,   434.8119,  1.02614e-08,  2.26944e-09,  3.17381e-09,  7.67857e-10,
00:02:02,    122633,   436.3986,  9.77273e-09,  2.15000e-09,  3.37857e-09,  7.67857e-10,
00:02:03,    123010,   437.7209,  1.05057e-08,  1.91111e-09,  3.27619e-09,  7.67857e-10,
00:02:03,    123387,   439.7043,  9.28409e-09,  1.91111e-09,  3.37857e-09,  7.67857e-10,
00:02:03,    123764,   441.0266,  1.00170e-08,  2.15000e-09,  3.07143e-09,  7.67857e-10,
00:02:04,    124141,   442.6133,  1.02614e-08,  2.15000e-09,  3.48095e-09,  7.67857e-10,
00:02:04,    124518,   444.2000,  1.02614e-08,  2.03056e-09,  3.37857e-09,  7.67857e-10,
00:02:04,    124895,   445.2578,  9.77273e-09,  2.26944e-09,  3.17381e-09,  7.67857e-10,
00:02:05,    125272,   447.1090,  9.28409e-09,  2.26944e-09,  3.37857e-09,  7.67857e-10,
00:02:05,    125649,   448.4312,  1.02614e-08,  2.15000e-09,  3.27619e-09,  8.44643e-10,
00:02:06,    126026,   450.2824,  1.02614e-08,  2.38889e-09,  3.27619e-09,  8.44643e-10,
00:02:06,    126403,   451.6047,  9.77273e-09,  2.26944e-09,  3.58333e-09,  6.91071e-10,
00:02:06,    126780,   452.9269,  9.77273e-09,  2.03056e-09,  3.48095e-09,  7.67857e-10,
00:02:07,    127157,   454.5136,  1.05057e-08,  2.15000e-09,  3.37857e-09,  6.91071e-10,
00:02:07,    127534,   455.8359,  1.02614e-08,  2.15000e-09,  3.27619e-09,  8.44643e-10,
00:02:07,    127911,   457.4226,  1.00170e-08,  2.03056e-09,  3.68571e-09,  6.91071e-10,
00:02:08,    128288,   458.8771,  9.77273e-09,  2.26944e-09,  3.48095e-09,  8.44643e-10,
00:02:08,    128665,   460.7283,  1.05057e-08,  2.26944e-09,  3.78810e-09,  7.67857e-10,
00:02:09,    129042,   462.1828,  1.07500e-08,  2.03056e-09,  3.68571e-09,  6.91071e-10,
00:02:09,    129419,   463.9017,  1.05057e-08,  2.26944e-09,  4.09524e-09,  7.67857e-10,
00:02:09,    129796,   464.9595,  9.77273e-09,  2.15000e-09,  3.78810e-09,  8.44643e-10,
00:02:10,    130173,   466.6784,  1.02614e-08,  2.03056e-09,  3.78810e-09,  8.44643e-10,
00:02:10,    130550,   468.0007,  1.05057e-08,  2.15000e-09,  4.19762e-09,  7.67857e-10,
00:02:10,    130927,   469.8519,  9.52841e-09,  2.03056e-09,  3.99286e-09,  6.91071e-10,
00:02:11,    131304,   471.3064,  9.52841e-09,  2.26944e-09,  4.19762e-09,  7.67857e-10,
00:02:11,    131681,   472.7609,  9.28409e-09,  2.26944e-09,  4.40238e-09,  8.44643e-10,
00:02:12,    132058,   473.9509,  9.77273e-09,  2.03056e-09,  3.99286e-09,  6.91071e-10,
00:02:12,    132435,   475.5376,  1.00170e-08,  2.26944e-09,  4.19762e-09,  8.44643e-10,
00:02:12,    132812,   477.1243,  9.28409e-09,  2.38889e-09,  4.09524e-09,  7.67857e-10,
00:02:13,    133189,   478.5788,  9.28409e-09,  2.26944e-09,  4.40238e-09,  6.91071e-10,
00:02:13,    133566,   479.9011,  9.77273e-09,  2.15000e-09,  4.70952e-09,  6.91071e-10,
00:02:13,    133943,   481.6200,  1.02614e-08,  2.26944e-09,  4.09524e-09,  6.14286e-10,
00:02:14,    134320,   483.3390,  1.00170e-08,  2.26944e-09,  5.11905e-09,  6.91071e-10,
00:02:14,    134697,   484.7934,  9.77273e-09,  2.26944e-09,  4.81190e-09,  7.67857e-10,
00:02:15,    135074,   486.3802,  9.77273e-09,  1.79167e-09,  4.50476e-09,  6.91071e-10,
00:02:15,    135451,   487.8346,  1.02614e-08,  2.03056e-09,  4.40238e-09,  6.91071e-10,
00:02:15,    135828,   489.4213,  9.77273e-09,  2.26944e-09,  4.50476e-09,  7.67857e-10,
00:02:16,    136205,   490.8758,  9.52841e-09,  2.50833e-09,  4.81190e-09,  8.44643e-10,
00:02:16,    136582,   492.3303,  1.00170e-08,  2.26944e-09,  5.01667e-09,  7.67857e-10,
00:02:16,    136959,   494.0492,  9.03977e-09,  2.26944e-09,  4.60714e-09,  6.91071e-10,
00:02:17,    137336,   495.5037,  9.28409e-09,  2.15000e-09,  4.91429e-09,  6.14286e-10,
00:02:17,    137713,   497.0904,  9.77273e-09,  2.03056e-09,  4.60714e-09,  7.67857e-10,
00:02:18,    138090,   498.5449,  1.02614e-08,  2.26944e-09,  4.81190e-09,  7.67857e-10,
00:02:18,    138467,   500.1316,  1.00170e-08,  2.15000e-09,  4.60714e-09,  6.91071e-10,
00:02:18,    138844,   501.8506,  1.00170e-08,  2.50833e-09,  4.70952e-09,  7.67857e-10,
00:02:19,    139221,   503.1729,  9.28409e-09,  2.26944e-09,  4.70952e-09,  6.91071e-10,
00:02:19,    139598,   504.7596,  9.28409e-09,  2.15000e-09,  4.50476e-09,  6.91071e-10,
00:02:19,    139975,   506.2141,  9.52841e-09,  2.15000e-09,  4.40238e-09,  8.44643e-10,
00:02:20,    140352,   507.5363,  9.77273e-09,  2.15000e-09,  4.40238e-09,  7.67857e-10,
00:02:20,    140729,   508.8586,  9.03977e-09,  2.26944e-09,  4.30000e-09,  7.67857e-10,
00:02:21,    141106,   510.5775,  9.77273e-09,  2.15000e-09,  4.50476e-09,  7.67857e-10,
00:02:21,    141483,   511.7676,  9.77273e-09,  2.15000e-09,  4.30000e-09,  6.91071e-10,
00:02:21,    141860,   513.3543,  1.00170e-08,  2.15000e-09,  4.40238e-09,  7.67857e-10,
00:02:22,    142237,   515.7343,  9.77273e-09,  2.15000e-09,  4.19762e-09,  6.91071e-10,
00:02:22,    142614,   517.0566,  1.00170e-08,  2.38889e-09,  4.30000e-09,  6.91071e-10,
00:02:22,    142991,   518.1144,  9.52841e-09,  2.26944e-09,  3.99286e-09,  6.14286e-10,
00:02:23,    143368,   519.5689,  1.00170e-08,  2.38889e-09,  4.09524e-09,  6.91071e-10,
00:02:23,    143745,   521.2879,  1.05057e-08,  2.38889e-09,  3.89048e-09,  9.21429e-10,
00:02:24,    144122,   522.7423,  9.28409e-09,  2.50833e-09,  3.68571e-09,  6.91071e-10,
00:02:24,    144499,   524.1968,  9.28409e-09,  2.15000e-09,  3.78810e-09,  8.44643e-10,
00:02:24,    144876,   525.9157,  1.02614e-08,  2.38889e-09,  3.68571e-09,  8.44643e-10,
00:02:25,    145253,   527.1058,  9.03977e-09,  2.15000e-09,  3.99286e-09,  6.91071e-10,
00:02:25,    145630,   528.6925,  1.00170e-08,  2.26944e-09,  3.58333e-09,  7.67857e-10,
00:02:26,    146007,   530.4115,  9.52841e-09,  2.26944e-09,  3.68571e-09,  8.44643e-10,
00:02:26,    146384,   531.8659,  9.77273e-09,  2.03056e-09,  3.78810e-09,  7.67857e-10,
00:02:26,    146761,   533.4527,  9.52841e-09,  2.03056e-09,  3.58333e-09,  6.91071e-10,
00:02:27,    147138,   535.0394,  9.77273e-09,  2.03056e-09,  3.78810e-09,  6.14286e-10,
00:02:27,    147515,   536.3617,  9.03977e-09,  2.15000e-09,  3.78810e-09,  6.14286e-10,
00:02:27,    147892,   537.8161,  9.03977e-09,  2.03056e-09,  3.78810e-09,  7.67857e-10,
00:02:28,    148269,   539.1384,  9.52841e-09,  2.15000e-09,  3.78810e-09,  6.91071e-10,
00:02:28,    148646,   540.8573,  9.28409e-09,  2.03056e-09,  3.68571e-09,  8.44643e-10,
00:02:29,    149023,   542.5763,  9.28409e-09,  2.38889e-09,  3.68571e-09,  6.91071e-10,
00:02:29,    149400,   543.7663,  8.79545e-09,  2.38889e-09,  3.27619e-09,  8.44643e-10,
00:02:29,    149777,   545.4853,  9.03977e-09,  2.26944e-09,  3.68571e-09,  6.91071e-10,
00:02:30,    150154,   547.0719,  9.77273e-09,  2.38889e-09,  3.48095e-09,  6.91071e-10,
00:02:30,    150531,   548.5265,  9.28409e-09,  2.38889e-09,  3.48095e-09,  6.91071e-10,
00:02:30,    150908,   549.9809,  9.28409e-09,  2.03056e-09,  3.27619e-09,  7.67857e-10,
00:02:31,    151285,   551.4354,  9.77273e-09,  2.38889e-09,  3.68571e-09,  7.67857e-10,
00:02:31,    151662,   553.0221,  8.79545e-09,  2.38889e-09,  3.58333e-09,  9.21429e-10,
00:02:32,    152039,   554.4766,  9.52841e-09,  2.50833e-09,  3.48095e-09,  7.67857e-10,
00:02:32,    152416,   555.7989,  9.52841e-09,  2.38889e-09,  3.58333e-09,  6.91071e-10,
00:02:32,    152793,   557.3856,  9.03977e-09,  2.50833e-09,  3.48095e-09,  7.67857e-10,
00:02:33,    153170,   558.8401,  9.28409e-09,  2.26944e-09,  3.37857e-09,  8.44643e-10,
00:02:33,    153547,   560.5590,  9.77273e-09,  2.26944e-09,  3.17381e-09,  8.44643e-10,
00:02:33,    153924,   561.8812,  9.77273e-09,  2.15000e-09,  3.48095e-09,  8.44643e-10,
00:02:34,    154301,   563.2035,  9.03977e-09,  2.26944e-09,  3.27619e-09,  6.91071e-10,
00:02:34,    154678,   565.0547,  9.52841e-09,  2.15000e-09,  3.68571e-09,  7.67857e-10,
00:02:35,    155055,   566.5092,  9.28409e-09,  2.38889e-09,  3.48095e-09,  6.14286e-10,
00:02:35,    155432,   567.8314,  9.28409e-09,  2.38889e-09,  3.37857e-09,  7.67857e-10,
00:02:35,    155809,   569.4182,  9.77273e-09,  2.50833e-09,  3.37857e-09,  7.67857e-10,
00:02:36,    156186,   571.0049,  9.52841e-09,  2.50833e-09,  3.37857e-09,  7.67857e-10,
00:02:36,    156563,   572.4594,  9.52841e-09,  2.62778e-09,  3.27619e-09,  7.67857e-10,
00:02:36,    156940,   573.9138,  9.77273e-09,  2.26944e-09,  3.58333e-09,  8.44643e-10,
00:02:37,    157317,   575.5006,  9.28409e-09,  2.26944e-09,  3.58333e-09,  6.91071e-10,
00:02:37,    157694,   577.0873,  9.77273e-09,  2.15000e-09,  3.27619e-09,  6.91071e-10,
00:02:38,    158071,   578.8062,  9.52841e-09,  2.15000e-09,  3.58333e-09,  8.44643e-10,
00:02:38,    158448,   580.1285,  9.77273e-09,  2.26944e-09,  3.37857e-09,  9.21429e-10,
00:02:38,    158825,   581.5830,  9.03977e-09,  2.38889e-09,  3.27619e-09,  6.91071e-10,
00:02:39,    159202,   583.1697,  8.79545e-09,  2.50833e-09,  3.48095e-09,  6.91071e-10,
00:02:39,    159579,   584.6242,  1.00170e-08,  2.38889e-09,  3.89048e-09,  6.91071e-10,
00:02:39,    159956,   586.3431,  9.52841e-09,  2.62778e-09,  3.37857e-09,  8.44643e-10,
00:02:40,    160333,   587.7976,  9.03977e-09,  2.26944e-09,  3.58333e-09,  9.21429e-10,
00:02:40,    160710,   589.1198,  9.03977e-09,  2.50833e-09,  3.27619e-09,  7.67857e-10,
00:02:41,    161087,   590.4421,  9.77273e-09,  2.15000e-09,  3.37857e-09,  7.67857e-10,
00:02:41,    161464,   592.1611,  9.77273e-09,  2.26944e-09,  3.48095e-09,  8.44643e-10,
00:02:41,    161841,   593.6156,  9.28409e-09,  2.62778e-09,  3.37857e-09,  8.44643e-10,
00:02:42,    162218,   595.0700,  9.03977e-09,  2.15000e-09,  3.27619e-09,  8.44643e-10,
00:02:42,    162595,   596.9212,  8.55114e-09,  2.26944e-09,  3.37857e-09,  7.67857e-10,
00:02:42,    162972,   598.1112,  9.03977e-09,  2.15000e-09,  3.58333e-09,  6.91071e-10,
00:02:43,    163349,   599.8302,  9.52841e-09,  2.38889e-09,  3.48095e-09,  7.67857e-10,
00:02:43,    163726,   601.4169,  1.00170e-08,  2.38889e-09,  3.17381e-09,  6.91071e-10,
00:02:44,    164103,   602.7392,  1.02614e-08,  2.15000e-09,  3.48095e-09,  6.91071e-10,
00:02:44,    164480,   604.3259,  9.03977e-09,  2.50833e-09,  3.48095e-09,  7.67857e-10,
00:02:44,    164857,   605.7804,  8.79545e-09,  2.26944e-09,  3.48095e-09,  6.91071e-10,
00:02:45,    165234,   607.2348,  9.28409e-09,  2.38889e-09,  3.27619e-09,  6.91071e-10,
00:02:45,    165611,   608.8216,  9.28409e-09,  2.38889e-09,  3.37857e-09,  9.21429e-10,
00:02:45,    165989,   610.4083,  9.52841e-09,  2.62778e-09,  3.37857e-09,  7.67857e-10,
00:02:46,    166366,   611.9950,  9.28409e-09,  2.62778e-09,  3.27619e-09,  7.67857e-10,
00:02:46,    166743,   613.7140,  8.79545e-09,  2.15000e-09,  3.27619e-09,  8.44643e-10,
00:02:47,    167120,   615.0362,  9.52841e-09,  2.26944e-09,  3.48095e-09,  6.91071e-10,
00:02:47,    167497,   616.4907,  9.03977e-09,  2.38889e-09,  3.37857e-09,  7.67857e-10,
00:02:47,    167874,   617.8130,  9.28409e-09,  2.50833e-09,  3.37857e-09,  8.44643e-10,
00:02:48,    168251,   619.3997,  8.55114e-09,  2.38889e-09,  3.37857e-09,  6.91071e-10,
00:02:48,    168628,   620.8541,  9.28409e-09,  2.50833e-09,  3.27619e-09,  7.67857e-10,
00:02:49,    169005,   622.4409,  9.28409e-09,  2.26944e-09,  3.58333e-09,  6.91071e-10,
00:02:49,    169382,   624.0276,  8.55114e-09,  2.26944e-09,  3.37857e-09,  8.44643e-10,
00:02:49,    169759,   625.3498,  9.28409e-09,  2.38889e-09,  3.37857e-09,  6.14286e-10,
00:02:50,    170136,   626.6721,  9.03977e-09,  2.62778e-09,  3.37857e-09,  7.67857e-10,
00:02:50,    170513,   628.6555,  9.77273e-09,  2.38889e-09,  3.27619e-09,  7.67857e-10,
00:02:50,    170890,   630.1099,  9.52841e-09,  2.50833e-09,  3.27619e-09,  7.67857e-10,
00:02:51,    171267,   631.4322,  9.03977e-09,  2.50833e-09,  3.27619e-09,  7.67857e-10,
00:02:51,    171644,   633.0189,  9.52841e-09,  2.50833e-09,  3.48095e-09,  6.91071e-10,
00:02:52,    172021,   634.3412,  1.02614e-08,  2.74722e-09,  3.37857e-09,  7.67857e-10,
00:02:52,    172398,   635.9279,  9.03977e-09,  2.38889e-09,  3.37857e-09,  7.67857e-10,
00:02:52,    172775,   637.7791,  9.03977e-09,  2.38889e-09,  3.48095e-09,  7.67857e-10,
00:02:53,    173152,   639.2336,  9.03977e-09,  2.26944e-09,  3.37857e-09,  9.21429e-10,
00:02:53,    173529,   640.5559,  9.28409e-09,  2.62778e-09,  3.58333e-09,  6.91071e-10,
00:02:53,    173906,   642.2748,  1.00170e-08,  2.62778e-09,  3.27619e-09,  7.67857e-10,
00:02:54,    174283,   643.7293,  9.03977e-09,  2.62778e-09,  3.58333e-09,  7.67857e-10,
00:02:54,    174660,   645.1837,  9.28409e-09,  2.50833e-09,  3.78810e-09,  8.44643e-10,
00:02:55,    175037,   646.6383,  8.79545e-09,  2.38889e-09,  3.17381e-09,  7.67857e-10,
00:02:55,    175414,   648.2249,  8.55114e-09,  2.38889e-09,  3.48095e-09,  7.67857e-10,
00:02:55,    175791,   649.8117,  9.03977e-09,  2.62778e-09,  3.48095e-09,  8.44643e-10,
00:02:56,    176168,   651.1339,  9.03977e-09,  2.50833e-09,  3.68571e-09,  6.14286e-10,
00:02:56,    176545,   652.7207,  8.55114e-09,  2.26944e-09,  3.68571e-09,  9.21429e-10,
00:02:56,    176922,   654.0429,  8.55114e-09,  2.62778e-09,  3.27619e-09,  9.21429e-10,
00:02:57,    177299,   655.4974,  9.28409e-09,  2.50833e-09,  3.58333e-09,  6.14286e-10,
00:02:57,    177676,   657.0841,  9.77273e-09,  2.15000e-09,  3.17381e-09,  7.67857e-10,
00:02:58,    178053,   658.4064,  8.55114e-09,  2.74722e-09,  3.27619e-09,  7.67857e-10,
00:02:58,    178430,   660.1253,  8.30682e-09,  2.38889e-09,  3.17381e-09,  7.67857e-10,
00:02:58,    178807,   661.8443,  8.06250e-09,  2.62778e-09,  3.27619e-09,  7.67857e-10,
00:02:59,    179184,   663.4310,  9.03977e-09,  2.74722e-09,  3.48095e-09,  7.67857e-10,
00:02:59,    179561,   664.4888,  9.77273e-09,  2.86667e-09,  3.48095e-09,  9.21429e-10,
00:02:59,    179938,   666.0755,  8.30682e-09,  2.38889e-09,  3.27619e-09,  7.67857e-10,
00:03:00,    180315,   667.7945,  8.30682e-09,  2.74722e-09,  3.58333e-09,  8.44643e-10,
00:03:00,    180692,   669.1167,  8.79545e-09,  2.50833e-09,  3.68571e-09,  8.44643e-10,
00:03:01,    181069,   670.8357,  9.03977e-09,  2.74722e-09,  3.58333e-09,  7.67857e-10,
00:03:01,    181446,   672.1579,  9.03977e-09,  2.26944e-09,  3.58333e-09,  8.44643e-10,
00:03:01,    181823,   673.6124,  9.52841e-09,  2.38889e-09,  3.58333e-09,  6.14286e-10,
00:03:02,    182200,   675.3313,  8.79545e-09,  2.62778e-09,  3.48095e-09,  7.67857e-10,
00:03:02,    182577,   676.6536,  9.03977e-09,  2.50833e-09,  3.27619e-09,  6.91071e-10,
00:03:02,    182954,   678.2403,  8.30682e-09,  2.26944e-09,  3.37857e-09,  6.14286e-10,
00:03:03,    183331,   679.9593,  9.03977e-09,  2.38889e-09,  3.27619e-09,  7.67857e-10,
00:03:03,    183708,   681.2815,  8.79545e-09,  2.38889e-09,  3.58333e-09,  7.67857e-10,
00:03:04,    184085,   682.7360,  8.79545e-09,  2.74722e-09,  3.37857e-09,  6.91071e-10,
00:03:04,    184462,   684.5872,  9.03977e-09,  2.38889e-09,  3.58333e-09,  6.91071e-10,
00:03:04,    184839,   685.7772,  9.03977e-09,  2.38889e-09,  3.58333e-09,  6.14286e-10,
00:03:05,    185216,   687.4961,  8.55114e-09,  2.62778e-09,  3.68571e-09,  8.44643e-10,
00:03:05,    185593,   689.2151,  8.06250e-09,  2.62778e-09,  3.37857e-09,  7.67857e-10,
00:03:05,    185970,   690.4051,  9.03977e-09,  2.86667e-09,  3.27619e-09,  7.67857e-10,
00:03:06,    186347,   691.9918,  9.28409e-09,  2.62778e-09,  3.58333e-09,  7.67857e-10,
00:03:06,    186724,   693.4463,  8.79545e-09,  2.74722e-09,  3.27619e-09,  7.67857e-10,
00:03:07,    187101,   694.7686,  9.03977e-09,  2.50833e-09,  3.37857e-09,  8.44643e-10,
00:03:07,    187478,   696.4875,  9.03977e-09,  2.38889e-09,  3.48095e-09,  9.21429e-10,
00:03:07,    187855,   697.9420,  8.30682e-09,  2.74722e-09,  3.78810e-09,  8.44643e-10,
00:03:08,    188232,   699.5287,  8.79545e-09,  2.15000e-09,  3.58333e-09,  8.44643e-10,
00:03:08,    188609,   701.1154,  7.81818e-09,  2.86667e-09,  3.58333e-09,  6.91071e-10,
00:03:08,    188986,   702.3054,  9.77273e-09,  2.86667e-09,  3.58333e-09,  7.67857e-10,
00:03:09,    189363,   704.0244,  8.79545e-09,  2.86667e-09,  3.58333e-09,  8.44643e-10,
00:03:09,    189740,   705.3466,  9.03977e-09,  2.74722e-09,  3.68571e-09,  7.67857e-10,
00:03:10,    190117,   707.0656,  9.28409e-09,  2.74722e-09,  3.68571e-09,  8.44643e-10,
00:03:10,    190494,   708.5201,  8.06250e-09,  2.98611e-09,  3.68571e-09,  8.44643e-10,
00:03:10,    190871,   710.1068,  9.28409e-09,  2.74722e-09,  3.89048e-09,  7.67857e-10,
00:03:11,    191248,   711.6935,  9.03977e-09,  2.62778e-09,  3.48095e-09,  6.91071e-10,
00:03:11,    191625,   713.0158,  9.28409e-09,  2.62778e-09,  3.48095e-09,  6.91071e-10,
00:03:12,    192002,   714.6025,  8.79545e-09,  2.98611e-09,  3.58333e-09,  7.67857e-10,
00:03:12,    192379,   716.0570,  7.81818e-09,  2.62778e-09,  3.89048e-09,  8.44643e-10,
00:03:12,    192756,   717.6437,  8.79545e-09,  2.26944e-09,  3.68571e-09,  7.67857e-10,
00:03:13,    193133,   719.2304,  9.77273e-09,  2.74722e-09,  3.37857e-09,  7.67857e-10,
00:03:13,    193510,   720.6849,  9.28409e-09,  2.50833e-09,  3.68571e-09,  8.44643e-10,
00:03:13,    193887,   722.2716,  8.55114e-09,  2.62778e-09,  4.19762e-09,  8.44643e-10,
00:03:14,    194264,   723.5939,  8.55114e-09,  2.74722e-09,  3.58333e-09,  8.44643e-10,
00:03:14,    194641,   725.1806,  8.30682e-09,  2.62778e-09,  3.27619e-09,  7.67857e-10,
00:03:15,    195018,   726.6351,  8.79545e-09,  2.62778e-09,  3.58333e-09,  6.91071e-10,
00:03:15,    195395,   728.0896,  8.79545e-09,  2.62778e-09,  3.78810e-09,  7.67857e-10,
00:03:15,    195772,   729.5440,  8.06250e-09,  2.74722e-09,  3.78810e-09,  9.21429e-10,
00:03:16,    196149,   730.9986,  8.55114e-09,  2.50833e-09,  3.68571e-09,  9.21429e-10,
00:03:16,    196526,   732.7175,  8.79545e-09,  2.74722e-09,  3.68571e-09,  8.44643e-10,
00:03:16,    196903,   734.3042,  8.55114e-09,  2.62778e-09,  3.68571e-09,  7.67857e-10,
00:03:17,    197280,   735.6264,  8.79545e-09,  2.98611e-09,  3.58333e-09,  6.91071e-10,
00:03:17,    197657,   737.2132,  8.06250e-09,  2.62778e-09,  3.78810e-09,  7.67857e-10,
00:03:18,    198034,   738.5354,  8.79545e-09,  2.62778e-09,  3.48095e-09,  6.91071e-10,
00:03:18,    198411,   740.1222,  8.55114e-09,  2.74722e-09,  3.68571e-09,  8.44643e-10,
00:03:18,    198788,   741.9733,  8.79545e-09,  2.38889e-09,  3.78810e-09,  7.67857e-10,
00:03:19,    199165,   743.6922,  9.03977e-09,  2.98611e-09,  3.48095e-09,  7.67857e-10,
00:03:19,    199542,   744.8823,  9.28409e-09,  2.86667e-09,  3.37857e-09,  7.67857e-10,
00:03:19,    199919,   746.4690,  8.55114e-09,  2.62778e-09,  3.78810e-09,  6.14286e-10,
00:03:20,    200296,   747.9235,  7.81818e-09,  2.74722e-09,  3.68571e-09,  7.67857e-10,
00:03:20,    200673,   749.3780,  8.55114e-09,  2.74722e-09,  3.78810e-09,  8.44643e-10,
00:03:21,    201050,   751.0969,  8.79545e-09,  2.50833e-09,  3.37857e-09,  9.21429e-10,
00:03:21,    201427,   752.4192,  1.00170e-08,  2.74722e-09,  3.68571e-09,  8.44643e-10,
00:03:21,    201804,   754.0059,  8.55114e-09,  2.74722e-09,  3.68571e-09,  7.67857e-10,
00:03:22,    202181,   755.3281,  8.55114e-09,  2.50833e-09,  3.89048e-09,  8.44643e-10,
00:03:22,    202558,   756.7826,  7.81818e-09,  2.62778e-09,  3.78810e-09,  7.67857e-10,
00:03:22,    202935,   758.2371,  8.55114e-09,  2.62778e-09,  3.68571e-09,  8.44643e-10,
00:03:23,    203312,   759.6916,  8.55114e-09,  2.98611e-09,  3.89048e-09,  7.67857e-10,
00:03:23,    203689,   761.5427,  8.55114e-09,  2.86667e-09,  3.58333e-09,  7.67857e-10,
00:03:24,    204066,   763.1295,  8.30682e-09,  2.62778e-09,  3.68571e-09,  7.67857e-10,
00:03:24,    204443,   764.3195,  8.30682e-09,  2.74722e-09,  3.58333e-09,  8.44643e-10,
00:03:24,    204820,   765.9062,  8.30682e-09,  2.86667e-09,  3.68571e-09,  8.44643e-10,
00:03:25,    205197,   767.3607,  8.06250e-09,  2.74722e-09,  3.48095e-09,  7.67857e-10,
00:03:25,    205574,   768.8152,  8.55114e-09,  2.62778e-09,  3.58333e-09,  7.67857e-10,
00:03:25,    205951,   770.6664,  8.79545e-09,  2.98611e-09,  3.78810e-09,  6.91071e-10,
00:03:26,    206328,   771.9887,  8.79545e-09,  2.62778e-09,  3.78810e-09,  7.67857e-10,
00:03:26,    206705,   773.7076,  9.03977e-09,  2.98611e-09,  3.58333e-09,  9.21429e-10,
00:03:27,    207082,   775.1621,  8.06250e-09,  2.86667e-09,  3.78810e-09,  9.21429e-10,
00:03:27,    207459,   776.4843,  8.30682e-09,  2.74722e-09,  3.68571e-09,  9.21429e-10,
00:03:27,    207836,   777.8066,  8.79545e-09,  2.98611e-09,  3.68571e-09,  8.44643e-10,
00:03:28,    208213,   779.3933,  9.03977e-09,  2.98611e-09,  4.09524e-09,  8.44643e-10,
00:03:28,    208590,   780.9800,  8.55114e-09,  2.86667e-09,  3.99286e-09,  8.44643e-10,
00:03:28,    208967,   782.5667,  9.03977e-09,  2.62778e-09,  3.78810e-09,  7.67857e-10,
00:03:29,    209344,   784.0212,  8.79545e-09,  2.98611e-09,  3.78810e-09,  9.21429e-10,
00:03:29,    209721,   785.6079,  8.79545e-09,  3.10556e-09,  4.09524e-09,  8.44643e-10,
00:03:30,    210098,   787.0624,  8.79545e-09,  2.74722e-09,  3.78810e-09,  7.67857e-10,
00:03:30,    210475,   788.5169,  8.55114e-09,  2.74722e-09,  3.99286e-09,  9.21429e-10,
00:03:30,    210852,   790.1036,  8.55114e-09,  2.98611e-09,  3.78810e-09,  7.67857e-10,
00:03:31,    211229,   791.9548,  8.79545e-09,  2.74722e-09,  3.89048e-09,  7.67857e-10,
00:03:31,    211606,   793.0126,  8.79545e-09,  2.74722e-09,  3.89048e-09,  8.44643e-10,
00:03:31,    211983,   794.7315,  8.79545e-09,  2.86667e-09,  3.78810e-09,  6.91071e-10,
00:03:32,    212360,   796.1861,  8.30682e-09,  2.74722e-09,  4.19762e-09,  8.44643e-10,
00:03:32,    212737,   797.9050,  8.79545e-09,  3.10556e-09,  4.09524e-09,  8.44643e-10,
00:03:33,    213114,   799.3595,  8.30682e-09,  2.74722e-09,  3.78810e-09,  7.67857e-10,
00:03:33,    213491,   800.8139,  8.55114e-09,  2.86667e-09,  3.89048e-09,  8.44643e-10,
00:03:33,    213868,   802.4007,  8.30682e-09,  3.22500e-09,  3.89048e-09,  8.44643e-10,
00:03:34,    214245,   803.7229,  9.28409e-09,  2.98611e-09,  3.99286e-09,  8.44643e-10,
00:03:34,    214622,   805.4419,  8.30682e-09,  2.62778e-09,  3.99286e-09,  8.44643e-10,
00:03:34,    214999,   806.7641,  8.55114e-09,  2.38889e-09,  3.99286e-09,  8.44643e-10,
00:03:35,    215376,   808.2186,  8.79545e-09,  2.86667e-09,  3.58333e-09,  8.44643e-10,
00:03:35,    215753,   809.8053,  8.06250e-09,  3.10556e-09,  3.68571e-09,  7.67857e-10,
00:03:36,    216130,   811.3921,  9.03977e-09,  2.98611e-09,  3.89048e-09,  7.67857e-10,
00:03:36,    216507,   812.8465,  8.55114e-09,  2.86667e-09,  3.89048e-09,  8.44643e-10,
00:03:36,    216884,   814.3010,  8.55114e-09,  3.46389e-09,  3.89048e-09,  7.67857e-10,
00:03:37,    217261,   815.7555,  8.79545e-09,  2.86667e-09,  3.99286e-09,  7.67857e-10,
00:03:37,    217638,   817.2100,  8.79545e-09,  2.62778e-09,  3.99286e-09,  8.44643e-10,
00:03:38,    218015,   819.0612,  8.55114e-09,  3.22500e-09,  4.19762e-09,  7.67857e-10,
00:03:38,    218392,   820.3834,  8.30682e-09,  2.98611e-09,  3.89048e-09,  9.21429e-10,
00:03:38,    218769,   821.9701,  8.30682e-09,  2.50833e-09,  3.99286e-09,  7.67857e-10,
00:03:39,    219146,   823.1602,  8.30682e-09,  2.74722e-09,  3.58333e-09,  8.44643e-10,
00:03:39,    219523,   824.7469,  7.81818e-09,  3.22500e-09,  4.09524e-09,  9.21429e-10,
00:03:39,    219900,   826.3336,  9.03977e-09,  2.74722e-09,  3.78810e-09,  9.21429e-10,
00:03:40,    220277,   827.7881,  8.79545e-09,  2.98611e-09,  3.78810e-09,  7.67857e-10,
00:03:40,    220654,   829.5070,  8.55114e-09,  3.10556e-09,  3.99286e-09,  7.67857e-10,
00:03:41,    221031,   831.0937,  8.06250e-09,  3.10556e-09,  3.89048e-09,  9.21429e-10,
00:03:41,    221408,   832.4160,  8.55114e-09,  2.98611e-09,  3.99286e-09,  9.21429e-10,
00:03:41,    221785,   833.8705,  8.55114e-09,  3.10556e-09,  3.48095e-09,  6.91071e-10,
00:03:42,    222162,   835.3250,  8.30682e-09,  3.10556e-09,  3.48095e-09,  8.44643e-10,
00:03:42,    222539,   837.0439,  7.81818e-09,  3.22500e-09,  3.68571e-09,  9.21429e-10,
00:03:42,    222916,   838.3662,  8.55114e-09,  3.10556e-09,  3.78810e-09,  8.44643e-10,
00:03:43,    223293,   840.0851,  8.79545e-09,  2.74722e-09,  3.68571e-09,  8.44643e-10,
00:03:43,    223670,   841.5396,  9.03977e-09,  3.10556e-09,  3.58333e-09,  8.44643e-10,
00:03:44,    224047,   843.1263,  8.79545e-09,  2.86667e-09,  3.58333e-09,  9.21429e-10,
00:03:44,    224424,   844.4486,  8.30682e-09,  2.98611e-09,  3.78810e-09,  8.44643e-10,
00:03:44,    224801,   846.1675,  8.30682e-09,  3.10556e-09,  3.78810e-09,  7.67857e-10,
00:03:45,    225178,   847.6220,  8.30682e-09,  2.98611e-09,  3.58333e-09,  8.44643e-10,
00:03:45,    225555,   849.2087,  9.03977e-09,  3.10556e-09,  3.78810e-09,  8.44643e-10,
00:03:45,    225932,   850.3988,  9.03977e-09,  2.98611e-09,  3.68571e-09,  8.44643e-10,
00:03:46,    226309,   851.8532,  8.79545e-09,  2.98611e-09,  3.48095e-09,  9.98214e-10,
00:03:46,    226686,   853.4400,  9.28409e-09,  3.10556e-09,  3.48095e-09,  7.67857e-10,
00:03:47,    227063,   855.2911,  8.30682e-09,  3.22500e-09,  3.58333e-09,  8.44643e-10,
00:03:47,    227440,   856.7456,  8.30682e-09,  3.22500e-09,  3.99286e-09,  8.44643e-10,
00:03:47,    227817,   858.0679,  7.81818e-09,  2.98611e-09,  3.58333e-09,  8.44643e-10,
00:03:48,    228194,   859.7868,  8.30682e-09,  2.98611e-09,  3.48095e-09,  6.91071e-10,
00:03:48,    228571,   861.2413,  8.30682e-09,  2.98611e-09,  3.58333e-09,  9.21429e-10,
00:03:48,    228948,   862.6958,  8.55114e-09,  2.98611e-09,  3.48095e-09,  8.44643e-10,
00:03:49,    229325,   864.1503,  8.55114e-09,  2.86667e-09,  3.68571e-09,  8.44643e-10,
00:03:49,    229702,   865.7370,  9.03977e-09,  3.10556e-09,  3.89048e-09,  8.44643e-10,
00:03:50,    230079,   867.3237,  8.06250e-09,  2.74722e-09,  3.58333e-09,  7.67857e-10,
00:03:50,    230456,   868.6460,  8.30682e-09,  3.10556e-09,  3.78810e-09,  8.44643e-10,
00:03:50,    230833,   870.3649,  7.81818e-09,  2.98611e-09,  3.78810e-09,  8.44643e-10,
00:03:51,    231210,   871.6872,  9.03977e-09,  3.22500e-09,  3.37857e-09,  7.67857e-10,
00:03:51,    231587,   873.4061,  8.30682e-09,  3.22500e-09,  3.78810e-09,  9.21429e-10,
00:03:51,    231964,   874.8606,  9.03977e-09,  3.10556e-09,  3.48095e-09,  7.67857e-10,
00:03:52,    232341,   876.0506,  8.06250e-09,  3.46389e-09,  3.48095e-09,  8.44643e-10,
00:03:52,    232718,   877.9018,  8.30682e-09,  3.34444e-09,  3.68571e-09,  8.44643e-10,
00:03:53,    233095,   879.3563,  9.28409e-09,  3.22500e-09,  3.58333e-09,  8.44643e-10,
00:03:53,    233472,   880.8108,  8.55114e-09,  3.10556e-09,  3.78810e-09,  7.67857e-10,
00:03:53,    233849,   882.5297,  9.03977e-09,  3.22500e-09,  3.58333e-09,  8.44643e-10,
00:03:54,    234226,   883.9842,  8.79545e-09,  2.98611e-09,  3.68571e-09,  9.98214e-10,
00:03:54,    234603,   885.4387,  9.03977e-09,  3.22500e-09,  3.58333e-09,  7.67857e-10,
00:03:54,    234980,   887.1576,  8.55114e-09,  3.22500e-09,  3.68571e-09,  9.98214e-10,
00:03:55,    235357,   888.6122,  8.30682e-09,  3.46389e-09,  3.58333e-09,  8.44643e-10,
00:03:55,    235734,   890.0666,  8.30682e-09,  3.22500e-09,  3.48095e-09,  9.21429e-10,
00:03:56,    236111,   891.7856,  8.55114e-09,  3.10556e-09,  3.58333e-09,  8.44643e-10,
00:03:56,    236488,   893.1078,  8.30682e-09,  3.10556e-09,  3.58333e-09,  9.21429e-10,
00:03:56,    236865,   894.4301,  8.30682e-09,  2.74722e-09,  3.78810e-09,  8.44643e-10,
00:03:57,    237242,   896.0168,  7.81818e-09,  3.22500e-09,  3.48095e-09,  9.21429e-10,
00:03:57,    237619,   897.6035,  8.06250e-09,  3.22500e-09,  3.78810e-09,  9.21429e-10,
00:03:57,    237996,   899.0580,  8.30682e-09,  3.34444e-09,  3.89048e-09,  8.44643e-10,
00:03:58,    238373,   900.2480,  8.55114e-09,  3.22500e-09,  3.78810e-09,  8.44643e-10,
00:03:58,    238750,   901.9670,  8.30682e-09,  3.10556e-09,  3.58333e-09,  1.07500e-09,
00:03:59,    239128,   903.6859,  8.06250e-09,  3.34444e-09,  3.48095e-09,  8.44643e-10,
00:03:59,    239505,   904.8760,  8.06250e-09,  2.86667e-09,  3.58333e-09,  8.44643e-10,
00:03:59,    239882,   906.4627,  8.55114e-09,  3.22500e-09,  3.58333e-09,  8.44643e-10,
00:04:00,    240259,   907.9172,  9.03977e-09,  3.10556e-09,  3.48095e-09,  9.21429e-10,
00:04:00,    240636,   909.5039,  7.32955e-09,  2.98611e-09,  3.37857e-09,  8.44643e-10,
00:04:01,    241013,   911.2228,  8.06250e-09,  2.98611e-09,  3.48095e-09,  9.21429e-10,
00:04:01,    241390,   912.6773,  9.52841e-09,  2.98611e-09,  3.68571e-09,  9.21429e-10,
00:04:01,    241767,   914.3962,  8.55114e-09,  3.34444e-09,  3.58333e-09,  8.44643e-10,
00:04:02,    242144,   915.7185,  8.06250e-09,  3.10556e-09,  3.58333e-09,  9.98214e-10,
00:04:02,    242521,   917.1730,  8.30682e-09,  3.10556e-09,  3.78810e-09,  9.21429e-10,
00:04:02,    242898,   918.7597,  8.55114e-09,  3.22500e-09,  3.27619e-09,  8.44643e-10,
00:04:03,    243275,   919.9497,  8.30682e-09,  3.22500e-09,  3.68571e-09,  9.98214e-10,
00:04:03,    243652,   921.4042,  8.55114e-09,  3.10556e-09,  3.68571e-09,  8.44643e-10,
00:04:04,    244029,   923.1231,  8.30682e-09,  3.58333e-09,  3.48095e-09,  8.44643e-10,
00:04:04,    244406,   924.4454,  8.79545e-09,  3.46389e-09,  3.58333e-09,  8.44643e-10,
00:04:04,    244783,   926.1643,  8.30682e-09,  3.34444e-09,  3.68571e-09,  8.44643e-10,
00:04:05,    245160,   927.8833,  8.79545e-09,  3.34444e-09,  3.68571e-09,  7.67857e-10,
00:04:05,    245537,   929.6022,  8.06250e-09,  3.46389e-09,  3.48095e-09,  7.67857e-10,
00:04:05,    245914,   930.7922,  8.30682e-09,  3.58333e-09,  3.89048e-09,  9.98214e-10,
00:04:06,    246291,   932.2467,  9.03977e-09,  3.34444e-09,  3.68571e-09,  7.67857e-10,
00:04:06,    246668,   933.7012,  7.81818e-09,  3.34444e-09,  3.78810e-09,  9.98214e-10,
00:04:07,    247045,   935.4202,  8.06250e-09,  3.70278e-09,  3.37857e-09,  9.21429e-10,
00:04:07,    247422,   936.7424,  7.32955e-09,  3.22500e-09,  3.89048e-09,  7.67857e-10,
00:04:07,    247799,   938.3291,  8.06250e-09,  3.22500e-09,  3.48095e-09,  7.67857e-10,
00:04:08,    248176,   940.0481,  8.30682e-09,  3.46389e-09,  3.58333e-09,  9.21429e-10,
00:04:08,    248553,   941.3704,  7.81818e-09,  3.58333e-09,  3.48095e-09,  7.67857e-10,
00:04:08,    248930,   942.8248,  7.81818e-09,  3.22500e-09,  3.58333e-09,  9.98214e-10,
00:04:09,    249307,   944.4116,  7.81818e-09,  3.46389e-09,  3.68571e-09,  8.44643e-10,
00:04:09,    249684,   945.8660,  8.06250e-09,  3.34444e-09,  3.89048e-09,  8.44643e-10,
00:04:10,    250061,   947.4528,  7.81818e-09,  3.10556e-09,  3.78810e-09,  9.21429e-10,
00:04:10,    250438,   949.0394,  8.30682e-09,  2.98611e-09,  3.89048e-09,  8.44643e-10,
00:04:10,    250815,   950.4940,  7.81818e-09,  3.10556e-09,  3.89048e-09,  9.98214e-10,
00:04:11,    251192,   952.2129,  8.55114e-09,  3.34444e-09,  3.68571e-09,  8.44643e-10,
00:04:11,    251569,   953.5352,  7.08523e-09,  3.46389e-09,  3.58333e-09,  9.98214e-10,
00:04:11,    251946,   954.9896,  8.06250e-09,  3.70278e-09,  3.68571e-09,  7.67857e-10,
00:04:12,    252323,   956.4441,  8.06250e-09,  3.34444e-09,  3.78810e-09,  9.98214e-10,
00:04:12,    252700,   957.7664,  8.06250e-09,  3.46389e-09,  3.68571e-09,  9.21429e-10,
00:04:13,    253077,   959.3531,  8.30682e-09,  3.46389e-09,  3.58333e-09,  9.21429e-10,
00:04:13,    253454,   961.0720,  8.30682e-09,  3.46389e-09,  3.89048e-09,  7.67857e-10,
00:04:13,    253831,   962.3943,  9.03977e-09,  3.34444e-09,  3.78810e-09,  8.44643e-10,
00:04:14,    254208,   963.8488,  8.06250e-09,  3.34444e-09,  3.78810e-09,  1.07500e-09,
00:04:14,    254585,   964.6422,  8.30682e-09,  3.82222e-09,  3.99286e-09,  9.21429e-10,
00:04:14,    254962,   966.2288,  8.55114e-09,  3.34444e-09,  3.78810e-09,  8.44643e-10,
00:04:15,    255339,   968.4767,  8.30682e-09,  3.46389e-09,  3.37857e-09,  8.44643e-10,
00:04:15,    255716,   970.0634,  8.55114e-09,  3.58333e-09,  3.68571e-09,  9.21429e-10,
00:04:16,    256093,   971.5179,  8.06250e-09,  3.34444e-09,  3.99286e-09,  9.21429e-10,
00:04:16,    256470,   973.2368,  8.30682e-09,  3.58333e-09,  3.89048e-09,  8.44643e-10,
00:04:16,    256847,   974.4269,  8.30682e-09,  3.10556e-09,  3.78810e-09,  9.21429e-10,
00:04:17,    257224,   976.0136,  8.79545e-09,  3.34444e-09,  3.89048e-09,  9.21429e-10,
00:04:17,    257601,   977.4681,  7.57386e-09,  3.34444e-09,  3.89048e-09,  8.44643e-10,
00:04:17,    257978,   978.9226,  8.55114e-09,  3.46389e-09,  3.58333e-09,  9.21429e-10,
00:04:18,    258355,   980.5093,  8.06250e-09,  3.58333e-09,  3.89048e-09,  8.44643e-10,
00:04:18,    258732,   982.2282,  8.79545e-09,  3.58333e-09,  3.78810e-09,  8.44643e-10,
00:04:19,    259109,   983.5505,  8.55114e-09,  3.58333e-09,  3.68571e-09,  8.44643e-10,
00:04:19,    259486,   985.1372,  8.79545e-09,  3.82222e-09,  3.89048e-09,  1.07500e-09,
00:04:19,    259863,   986.5917,  8.06250e-09,  3.70278e-09,  3.68571e-09,  9.21429e-10,
00:04:20,    260240,   988.1784,  8.06250e-09,  3.58333e-09,  3.68571e-09,  9.21429e-10,
00:04:20,    260617,   989.6329,  8.06250e-09,  3.46389e-09,  3.78810e-09,  8.44643e-10,
00:04:20,    260994,   991.0874,  8.06250e-09,  3.22500e-09,  3.58333e-09,  9.98214e-10,
00:04:21,    261371,   992.8064,  8.30682e-09,  3.46389e-09,  3.89048e-09,  1.07500e-09,
00:04:21,    261748,   994.1286,  7.81818e-09,  3.82222e-09,  3.78810e-09,  8.44643e-10,
00:04:22,    262125,   995.8476,  9.03977e-09,  3.58333e-09,  3.48095e-09,  9.98214e-10,
00:04:22,    262502,   997.1698,  8.55114e-09,  3.46389e-09,  3.78810e-09,  9.21429e-10,
00:04:22,    262879,   998.6243,  8.06250e-09,  3.58333e-09,  3.78810e-09,  1.15179e-09,
00:04:23,    263256,  1000.2110,  9.28409e-09,  3.58333e-09,  3.99286e-09,  9.98214e-10,
00:04:23,    263633,  1001.6655,  8.06250e-09,  3.82222e-09,  3.68571e-09,  9.21429e-10,
00:04:24,    264010,  1003.1200,  7.57386e-09,  3.46389e-09,  3.58333e-09,  8.44643e-10,
00:04:24,    264387,  1004.7067,  8.06250e-09,  3.94167e-09,  3.78810e-09,  9.98214e-10,
00:04:24,    264764,  1006.1612,  7.81818e-09,  3.58333e-09,  3.68571e-09,  9.21429e-10,
00:04:25,    265141,  1007.6157,  8.55114e-09,  4.18056e-09,  3.99286e-09,  9.21429e-10,
